row_id,TOUR_CTPRVN_NM,TOUR_SIGNGU_NM,weight
1,경기도,광주시,1.0
2,충청북도,단양군,0.3333333333333333
2,충청북도,제천시,0.3333333333333333
2,충청북도,충주시(구 청원군 포함),0.3333333333333333
4,경상북도,청도군,1.0
7,충청남도,아산시,0.5
7,충청남도,천안시,0.5
9,경기도,화성시,1.0
10,충청남도,공주시,0.5
10,충청남도,부여군,0.5
11,강원도,강릉시,1.0
12,경상남도,거창군,0.5
12,경상남도,창원시,0.5
13,경기도,가평군,0.3333333333333333
13,경기도,수원시,0.3333333333333333
13,경기도,양평군,0.3333333333333333
15,제주도,대정읍,0.3333333333333333
15,제주도,애월읍,0.3333333333333333
15,제주도,제주시(시내동),0.3333333333333333
16,전라남도,광양시,1.0
17,경기도,가평군,1.0
18,경기도,수원시,1.0
22,경기도,안양시,1.0
23,전라북도,전주시,1.0
24,강원도,홍천군,1.0
25,경상남도,남해군,1.0
27,경상북도,영주시,0.5
27,경상북도,포항시,0.5
28,강원도,원주시,1.0
29,강원도,정선군,1.0
30,전라남도,순천시,1.0
32,제주도,제주시(시내동),1.0
35,경기도,파주시,1.0
36,전라북도,전주시,1.0
41,전라남도,구례군,1.0
42,강원도,화천군,1.0
43,강원도,강릉시,0.5
43,강원도,속초시,0.5
45,경상북도,경주시,1.0
47,경상북도,경주시,1.0
49,충청남도,세종특별자치시,1.0
50,충청북도,청주시,1.0
51,강원도,춘천시,1.0
52,전라북도,부안군,1.0
53,경상남도,창원시,1.0
56,경상남도,김해시,1.0
57,전라남도,순천시,1.0
58,경기도,성남시,1.0
59,강원도,평창군,1.0
60,경기도,연천군,1.0
62,경상남도,합천군,1.0
63,충청북도,제천시,1.0
64,경상남도,밀양시,0.3333333333333333
64,경상남도,창원시,0.3333333333333333
64,경상남도,통영시,0.3333333333333333
65,경기도,양평군,1.0
66,경상북도,울진군,1.0
67,경상남도,창원시,1.0
68,강원도,속초시,0.5
68,강원도,양양군,0.5
70,강원도,강릉시,0.16666666666666666
70,강원도,고성군,0.16666666666666666
70,강원도,동해시,0.16666666666666666
70,강원도,삼척시,0.16666666666666666
70,강원도,속초시,0.16666666666666666
70,강원도,인제군,0.16666666666666666
72,경상남도,창원시,1.0
74,강원도,영월군,1.0
75,전라남도,광양시,1.0
76,충청북도,단양군,1.0
77,경상남도,남해군,1.0
78,전라남도,고흥군,0.3333333333333333
78,전라남도,구례군,0.3333333333333333
78,전라남도,순천시,0.3333333333333333
79,강원도,속초시,1.0
80,전라남도,목포시,1.0
81,경상남도,산청군,1.0
82,경상북도,문경시,1.0
83,강원도,속초시,1.0
84,강원도,홍천군,1.0
85,전라남도,여수시,1.0
87,제주도,한림읍,1.0
88,제주도,서귀포시(시내동),0.5
88,제주도,조천읍,0.5
89,경기도,수원시,1.0
92,강원도,속초시,1.0
93,강원도,강릉시,1.0
94,전라북도,정읍시,1.0
95,경기도,김포시,1.0
96,경상북도,영주시,1.0
97,제주도,서귀포시(시내동),0.25
97,제주도,성산읍,0.25
97,제주도,우도면,0.25
97,제주도,한림읍,0.25
98,경상북도,영주시,1.0
99,경기도,포천시,1.0
100,전라남도,나주시,1.0
101,충청남도,천안시,1.0
104,경기도,포천시,1.0
105,충청북도,진천군,1.0
107,충청북도,단양군,0.5
107,충청북도,제천시,0.5
108,경상북도,경주시,1.0
110,전라북도,전주시,1.0
111,경상북도,청도군,0.5
111,경상북도,포항시,0.5
112,전라남도,목포시,0.5
112,전라남도,순천시,0.5
114,전라남도,여수시,1.0
115,경상남도,통영시,1.0
116,충청남도,서산시,0.5
116,충청남도,아산시,0.5
117,충청남도,보령시,1.0
118,강원도,양양군,1.0
119,강원도,양구군,1.0
121,강원도,평창군,1.0
122,강원도,속초시,1.0
123,충청남도,서천군,1.0
124,제주도,구좌읍,0.5
124,제주도,제주시(시내동),0.5
126,전라남도,구례군,0.25
126,전라남도,순천시,0.25
126,전라남도,여수시,0.25
126,전라남도,화순군,0.25
127,충청북도,옥천군,1.0
128,전라남도,순천시,0.3333333333333333
128,전라남도,신안군,0.3333333333333333
128,전라남도,해남군,0.3333333333333333
129,경기도,양평군,1.0
130,경상북도,경주시,1.0
133,강원도,평창군,1.0
134,강원도,평창군,1.0
135,강원도,평창군,1.0
137,충청남도,천안시,0.5
137,충청남도,태안군,0.5
139,강원도,속초시,0.5
139,강원도,평창군,0.5
141,전라남도,고흥군,0.5
141,전라남도,여수시,0.5
142,강원도,속초시,1.0
143,경상북도,상주시,1.0
144,강원도,평창군,1.0
145,강원도,고성군,0.5
145,강원도,속초시,0.5
148,강원도,속초시,1.0
150,경기도,가평군,1.0
152,충청남도,공주시,1.0
153,강원도,속초시,1.0
154,강원도,양양군,1.0
155,경기도,과천시,0.5
155,경기도,오산시,0.5
156,강원도,강릉시,1.0
157,경기도,의정부시,0.5
157,경기도,포천시,0.5
158,충청북도,진천군,1.0
159,강원도,강릉시,1.0
161,전라남도,여수시,1.0
163,강원도,춘천시,1.0
164,전라남도,여수시,1.0
165,경기도,시흥시,1.0
167,경상북도,경주시,1.0
171,경상남도,산청군,1.0
172,전라남도,목포시,0.5
172,전라남도,화순군,0.5
174,경상남도,김해시,1.0
176,충청남도,태안군,1.0
177,강원도,동해시,1.0
178,강원도,고성군,0.3333333333333333
178,강원도,속초시,0.3333333333333333
178,강원도,인제군,0.3333333333333333
179,경상남도,사천시,1.0
180,전라남도,여수시,1.0
181,충청북도,제천시,1.0
183,경상북도,문경시,0.3333333333333333
183,경상북도,상주시,0.3333333333333333
183,경상북도,울진군,0.3333333333333333
184,경상남도,산청군,1.0
186,제주도,서귀포시(시내동),1.0
187,경상남도,통영시,1.0
188,강원도,횡성군,1.0
189,강원도,강릉시,1.0
190,충청북도,제천시,1.0
192,경상남도,하동군,1.0
194,경상남도,진주시,1.0
196,제주도,제주시(시내동),1.0
197,경상북도,안동시,1.0
198,강원도,속초시,1.0
199,전라남도,해남군,1.0
200,전라북도,남원시,0.25
200,전라북도,순창군,0.25
200,전라북도,익산시,0.25
200,전라북도,전주시,0.25
201,전라북도,군산시,1.0
202,강원도,속초시,1.0
203,충청북도,제천시,1.0
205,전라남도,장성군,1.0
206,전라남도,고흥군,0.5
206,전라남도,여수시,0.5
207,경상북도,경주시,1.0
209,경상북도,영덕군,1.0
210,전라북도,김제시,1.0
211,충청남도,아산시,1.0
212,경상남도,거제시,1.0
213,강원도,철원군,1.0
214,경상북도,김천시,1.0
216,전라북도,정읍시,1.0
218,경상남도,거제시,1.0
219,강원도,태백시,1.0
221,경기도,포천시,1.0
222,제주도,서귀포시(시내동),0.2
222,제주도,애월읍,0.2
222,제주도,제주시(시내동),0.2
222,제주도,한경면,0.2
222,제주도,한림읍,0.2
225,경상북도,칠곡군,1.0
226,전라북도,부안군,1.0
227,강원도,속초시,1.0
228,충청남도,당진시,0.3333333333333333
228,충청남도,보령시,0.3333333333333333
228,충청남도,태안군,0.3333333333333333
229,강원도,정선군,1.0
230,전라북도,남원시,0.5
230,전라북도,익산시,0.5
231,제주도,서귀포시(시내동),1.0
232,강원도,강릉시,1.0
233,강원도,강릉시,0.5
233,강원도,속초시,0.5
234,경상북도,구미시,1.0
235,경기도,부천시,1.0
237,제주도,서귀포시(시내동),1.0
238,경기도,양주시,1.0
241,전라남도,해남군,1.0
242,충청남도,태안군,1.0
244,경기도,용인시,1.0
246,제주도,서귀포시(시내동),0.3333333333333333
246,제주도,성산읍,0.3333333333333333
246,제주도,애월읍,0.3333333333333333
248,강원도,횡성군,1.0
249,제주도,서귀포시(시내동),0.2
249,제주도,성산읍,0.2
249,제주도,애월읍,0.2
249,제주도,제주시(시내동),0.2
249,제주도,조천읍,0.2
251,강원도,강릉시,0.5
251,강원도,평창군,0.5
253,전라남도,담양군,1.0
254,경상북도,문경시,1.0
256,충청남도,부여군,0.5
256,충청남도,홍성군,0.5
257,강원도,강릉시,0.5
257,강원도,양양군,0.5
258,강원도,강릉시,1.0
261,전라북도,전주시,1.0
262,강원도,강릉시,1.0
265,경상북도,경주시,1.0
266,전라북도,부안군,1.0
267,경기도,가평군,1.0
268,강원도,속초시,1.0
269,강원도,양양군,1.0
270,강원도,평창군,1.0
271,강원도,강릉시,1.0
272,경상북도,울릉군,1.0
273,강원도,속초시,1.0
274,경상북도,경주시,1.0
275,제주도,서귀포시(시내동),1.0
277,경상북도,청도군,1.0
278,강원도,태백시,1.0
279,강원도,고성군,1.0
281,제주도,서귀포시(시내동),1.0
283,강원도,태백시,1.0
284,제주도,서귀포시(시내동),1.0
285,강원도,고성군,1.0
287,경상남도,고성군,1.0
291,강원도,평창군,1.0
292,경상남도,사천시,0.3333333333333333
292,경상남도,진주시,0.3333333333333333
292,경상남도,함양군,0.3333333333333333
293,강원도,춘천시,1.0
294,충청남도,논산시,1.0
295,강원도,원주시,1.0
296,충청남도,태안군,1.0
297,전라남도,완도군,0.3333333333333333
297,전라남도,해남군,0.3333333333333333
297,전라남도,화순군,0.3333333333333333
298,경상남도,거제시,1.0
300,강원도,고성군,0.5
300,강원도,속초시,0.5
301,강원도,강릉시,0.3333333333333333
301,강원도,속초시,0.3333333333333333
301,강원도,양양군,0.3333333333333333
302,경기도,연천군,0.5
302,경기도,평택시,0.5
303,강원도,양양군,1.0
304,전라남도,담양군,1.0
305,전라남도,무안군,0.5
305,전라남도,진도군,0.5
306,강원도,원주시,1.0
307,충청남도,보령시,1.0
308,경기도,연천군,1.0
309,전라남도,여수시,1.0
311,강원도,속초시,1.0
312,경상남도,김해시,1.0
313,충청남도,당진시,0.5
313,충청남도,태안군,0.5
314,강원도,강릉시,0.3333333333333333
314,강원도,고성군,0.3333333333333333
314,강원도,속초시,0.3333333333333333
315,경상북도,안동시,1.0
317,강원도,평창군,1.0
318,충청북도,충주시(구 청원군 포함),1.0
319,전라남도,해남군,1.0
320,강원도,속초시,1.0
321,경상남도,거제시,1.0
322,전라남도,순천시,1.0
324,경상북도,구미시,0.5
324,경상북도,포항시,0.5
326,충청남도,보령시,1.0
327,경상북도,경주시,0.5
327,경상북도,포항시,0.5
329,제주도,서귀포시(시내동),1.0
330,경상남도,의령군,1.0
331,경기도,포천시,1.0
333,전라남도,순천시,1.0
336,전라북도,전주시,1.0
337,경상남도,남해군,1.0
339,경기도,양평군,1.0
343,경기도,파주시,1.0
344,경기도,오산시,1.0
346,강원도,양양군,1.0
347,경상북도,김천시,1.0
351,강원도,강릉시,1.0
352,경상북도,울릉군,0.5
352,경상북도,포항시,0.5
353,경기도,양평군,0.5
353,경기도,연천군,0.5
354,충청북도,제천시,1.0
355,강원도,속초시,1.0
356,강원도,강릉시,1.0
357,강원도,고성군,1.0
359,강원도,속초시,1.0
360,강원도,속초시,1.0
362,전라남도,완도군,1.0
363,강원도,춘천시,1.0
364,충청남도,부여군,0.5
364,충청남도,태안군,0.5
365,경기도,양평군,1.0
366,강원도,횡성군,1.0
367,경기도,가평군,1.0
368,강원도,철원군,1.0
369,전라남도,광양시,1.0
370,경상남도,거제시,1.0
371,강원도,동해시,0.2
371,강원도,삼척시,0.2
371,강원도,속초시,0.2
371,강원도,원주시,0.2
371,강원도,인제군,0.2
373,경상북도,경주시,0.5
373,경상북도,안동시,0.5
375,강원도,강릉시,1.0
376,전라북도,무주군,1.0
377,전라남도,여수시,1.0
381,강원도,속초시,1.0
383,충청북도,제천시,1.0
384,전라북도,전주시,1.0
385,경기도,양평군,1.0
386,강원도,춘천시,1.0
387,강원도,영월군,1.0
388,전라남도,진도군,1.0
389,전라북도,군산시,1.0
390,경상남도,거제시,1.0
391,충청남도,공주시,0.5
391,충청남도,세종특별자치시,0.5
392,충청남도,부여군,1.0
393,경상북도,상주시,1.0
396,경상북도,성주군,1.0
397,충청남도,보령시,0.5
397,충청남도,태안군,0.5
398,강원도,춘천시,1.0
399,전라남도,순천시,1.0
400,제주도,애월읍,0.5
400,제주도,한림읍,0.5
401,경상남도,함양군,1.0
402,경상남도,거제시,1.0
403,제주도,서귀포시(시내동),0.25
403,제주도,애월읍,0.25
403,제주도,한경면,0.25
403,제주도,한림읍,0.25
404,전라남도,구례군,1.0
405,충청남도,금산군,1.0
406,강원도,고성군,0.5
406,강원도,속초시,0.5
407,경상북도,구미시,1.0
408,경기도,양평군,1.0
409,경상남도,창원시,1.0
410,경상북도,경주시,1.0
411,경상북도,울진군,1.0
412,충청남도,태안군,1.0
414,강원도,태백시,1.0
415,전라북도,익산시,1.0
416,경기도,수원시,0.5
416,경기도,용인시,0.5
417,강원도,고성군,1.0
418,전라남도,담양군,1.0
422,경상북도,청송군,1.0
424,강원도,태백시,1.0
425,제주도,서귀포시(시내동),1.0
426,경상남도,밀양시,1.0
427,전라남도,여수시,1.0
428,강원도,평창군,1.0
429,강원도,강릉시,1.0
430,경상북도,경주시,1.0
431,경기도,여주시,1.0
434,강원도,평창군,1.0
436,제주도,서귀포시(시내동),0.5
436,제주도,제주시(시내동),0.5
437,충청남도,태안군,1.0
439,충청남도,보령시,0.3333333333333333
439,충청남도,예산군,0.3333333333333333
439,충청남도,천안시,0.3333333333333333
441,경기도,용인시,1.0
442,전라북도,김제시,0.3333333333333333
442,전라북도,완주군,0.3333333333333333
442,전라북도,익산시,0.3333333333333333
444,충청남도,공주시,0.5
444,충청남도,세종특별자치시,0.5
445,경상북도,울진군,1.0
446,충청남도,태안군,1.0
447,강원도,속초시,1.0
449,제주도,조천읍,1.0
451,강원도,춘천시,1.0
452,강원도,원주시,1.0
453,충청남도,당진시,1.0
455,경기도,남양주시,1.0
456,충청북도,단양군,1.0
458,강원도,고성군,0.3333333333333333
458,강원도,정선군,0.3333333333333333
458,강원도,평창군,0.3333333333333333
459,전라남도,나주시,1.0
460,전라남도,담양군,1.0
461,경기도,안양시,1.0
462,경상남도,통영시,1.0
463,전라북도,전주시,1.0
464,강원도,속초시,0.5
464,강원도,양양군,0.5
465,충청북도,영동군,0.5
465,충청북도,옥천군,0.5
466,충청북도,단양군,1.0
467,강원도,인제군,1.0
468,전라남도,목포시,1.0
469,충청북도,괴산군,0.5
469,충청북도,충주시(구 청원군 포함),0.5
470,강원도,삼척시,1.0
471,경상북도,경주시,0.3333333333333333
471,경상북도,구미시,0.3333333333333333
471,경상북도,예천군,0.3333333333333333
472,제주도,제주시(시내동),1.0
473,경기도,안산시,1.0
474,전라남도,여수시,1.0
475,경기도,평택시,1.0
477,충청남도,공주시,1.0
478,강원도,홍천군,1.0
479,경기도,남양주시,1.0
480,충청남도,보령시,1.0
481,경상북도,경주시,1.0
483,경기도,연천군,1.0
484,경상남도,밀양시,1.0
487,강원도,강릉시,0.3333333333333333
487,강원도,속초시,0.3333333333333333
487,강원도,원주시,0.3333333333333333
488,강원도,속초시,1.0
489,충청남도,공주시,0.5
489,충청남도,부여군,0.5
490,전라남도,무안군,1.0
491,경기도,수원시,1.0
492,경상남도,진주시,1.0
493,강원도,강릉시,0.5
493,강원도,속초시,0.5
494,전라남도,고흥군,0.5
494,전라남도,여수시,0.5
496,강원도,횡성군,1.0
498,강원도,속초시,0.5
498,강원도,양양군,0.5
499,전라남도,화순군,1.0
501,경상북도,안동시,1.0
502,경상북도,안동시,1.0
503,강원도,동해시,1.0
504,충청남도,세종특별자치시,1.0
505,전라북도,전주시,1.0
506,충청북도,괴산군,1.0
508,전라북도,김제시,1.0
510,전라남도,곡성군,0.3333333333333333
510,전라남도,광양시,0.3333333333333333
510,전라남도,순천시,0.3333333333333333
511,경상북도,경주시,1.0
512,강원도,양양군,1.0
513,강원도,춘천시,1.0
517,경기도,안양시,1.0
518,강원도,속초시,1.0
519,경상남도,양산시,1.0
520,경상남도,통영시,1.0
521,강원도,홍천군,1.0
522,강원도,속초시,1.0
523,충청북도,단양군,0.3333333333333333
523,충청북도,제천시,0.3333333333333333
523,충청북도,충주시(구 청원군 포함),0.3333333333333333
524,강원도,동해시,1.0
525,경상북도,경주시,1.0
527,강원도,속초시,1.0
528,전라북도,진안군,1.0
529,전라남도,장흥군,1.0
531,제주도,구좌읍,0.07142857142857142
531,제주도,남원읍,0.07142857142857142
531,제주도,대정읍,0.07142857142857142
531,제주도,서귀포시(시내동),0.07142857142857142
531,제주도,성산읍,0.07142857142857142
531,제주도,안덕면,0.07142857142857142
531,제주도,애월읍,0.07142857142857142
531,제주도,우도면,0.07142857142857142
531,제주도,제주시(시내동),0.07142857142857142
531,제주도,조천읍,0.07142857142857142
531,제주도,추자면,0.07142857142857142
531,제주도,표선면,0.07142857142857142
531,제주도,한경면,0.07142857142857142
531,제주도,한림읍,0.07142857142857142
533,강원도,강릉시,1.0
534,제주도,한경면,0.5
534,제주도,한림읍,0.5
535,강원도,삼척시,1.0
536,충청남도,당진시,1.0
537,전라남도,여수시,1.0
538,전라북도,전주시,1.0
539,경상북도,구미시,1.0
540,경기도,수원시,1.0
541,제주도,성산읍,0.25
541,제주도,애월읍,0.25
541,제주도,제주시(시내동),0.25
541,제주도,한림읍,0.25
542,제주도,우도면,1.0
545,전라남도,해남군,1.0
546,경상남도,거제시,1.0
547,강원도,강릉시,1.0
548,경상남도,거제시,1.0
550,경상북도,경주시,1.0
552,전라남도,완도군,1.0
554,경기도,안산시,1.0
555,충청남도,세종특별자치시,1.0
556,경상남도,통영시,1.0
557,제주도,서귀포시(시내동),0.5
557,제주도,애월읍,0.5
558,전라남도,장성군,1.0
559,충청북도,괴산군,1.0
560,강원도,삼척시,0.3333333333333333
560,강원도,속초시,0.3333333333333333
560,강원도,태백시,0.3333333333333333
561,충청남도,서천군,1.0
563,전라남도,고흥군,1.0
564,경상남도,밀양시,0.5
564,경상남도,사천시,0.5
565,경상남도,진주시,1.0
566,강원도,양양군,1.0
570,경상남도,거제시,1.0
571,강원도,평창군,1.0
574,강원도,정선군,1.0
575,경기도,구리시,1.0
576,충청남도,태안군,1.0
577,강원도,영월군,1.0
578,강원도,강릉시,0.25
578,강원도,양구군,0.25
578,강원도,평창군,0.25
578,강원도,화천군,0.25
580,전라남도,신안군,1.0
582,강원도,양양군,1.0
583,전라북도,군산시,0.5
583,전라북도,정읍시,0.5
584,제주도,구좌읍,0.3333333333333333
584,제주도,서귀포시(시내동),0.3333333333333333
584,제주도,조천읍,0.3333333333333333
585,경기도,포천시,1.0
587,강원도,속초시,1.0
589,제주도,애월읍,0.5
589,제주도,제주시(시내동),0.5
590,강원도,정선군,1.0
591,충청북도,음성군,1.0
592,전라북도,전주시,1.0
594,충청남도,태안군,1.0
595,충청북도,괴산군,1.0
596,전라남도,목포시,1.0
602,경상북도,문경시,1.0
605,강원도,삼척시,1.0
606,전라남도,여수시,1.0
608,경기도,화성시,1.0
609,강원도,속초시,0.5
609,강원도,양양군,0.5
610,충청남도,보령시,0.5
610,충청남도,홍성군,0.5
611,경상북도,봉화군,0.5
611,경상북도,성주군,0.5
612,전라남도,무안군,1.0
613,강원도,홍천군,1.0
614,강원도,태백시,1.0
618,강원도,속초시,1.0
619,강원도,고성군,1.0
620,전라남도,여수시,1.0
621,경상북도,울진군,1.0
622,충청북도,충주시(구 청원군 포함),1.0
623,강원도,양양군,1.0
624,경상북도,영덕군,1.0
627,경상북도,경주시,1.0
629,경상남도,거제시,1.0
630,경기도,고양시,1.0
631,강원도,강릉시,0.14285714285714285
631,강원도,고성군,0.14285714285714285
631,강원도,속초시,0.14285714285714285
631,강원도,원주시,0.14285714285714285
631,강원도,평창군,0.14285714285714285
631,강원도,홍천군,0.14285714285714285
631,강원도,횡성군,0.14285714285714285
632,강원도,원주시,0.5
632,강원도,평창군,0.5
633,경기도,여주시,1.0
634,경상북도,문경시,1.0
635,경상남도,거제시,1.0
636,경상남도,남해군,1.0
637,전라남도,목포시,1.0
639,충청남도,보령시,1.0
640,강원도,홍천군,1.0
642,강원도,원주시,1.0
645,강원도,강릉시,1.0
646,충청북도,제천시,1.0
647,강원도,동해시,0.5
647,강원도,평창군,0.5
648,충청남도,서산시,1.0
649,전라남도,순천시,0.5
649,전라남도,진도군,0.5
650,경상북도,청송군,1.0
651,경상북도,포항시,1.0
653,전라북도,남원시,1.0
655,경상북도,경주시,1.0
656,충청북도,괴산군,1.0
657,강원도,속초시,1.0
658,전라남도,고흥군,0.3333333333333333
658,전라남도,담양군,0.3333333333333333
658,전라남도,보성군,0.3333333333333333
659,경기도,평택시,1.0
660,강원도,강릉시,1.0
661,강원도,고성군,1.0
663,전라남도,여수시,1.0
667,경상남도,밀양시,1.0
668,경상남도,하동군,1.0
669,경상북도,안동시,1.0
671,충청남도,아산시,1.0
672,강원도,홍천군,1.0
674,경상북도,경주시,1.0
675,충청북도,옥천군,1.0
677,제주도,구좌읍,0.5
677,제주도,서귀포시(시내동),0.5
678,경기도,안양시,0.5
678,경기도,의왕시,0.5
679,제주도,서귀포시(시내동),0.25
679,제주도,성산읍,0.25
679,제주도,애월읍,0.25
679,제주도,한림읍,0.25
680,강원도,강릉시,0.3333333333333333
680,강원도,삼척시,0.3333333333333333
680,강원도,양양군,0.3333333333333333
681,제주도,남원읍,0.5
681,제주도,서귀포시(시내동),0.5
682,경상북도,포항시,1.0
683,강원도,강릉시,0.07142857142857142
683,강원도,고성군,0.07142857142857142
683,강원도,동해시,0.07142857142857142
683,강원도,삼척시,0.07142857142857142
683,강원도,속초시,0.07142857142857142
683,강원도,양구군,0.07142857142857142
683,강원도,영월군,0.07142857142857142
683,강원도,원주시,0.07142857142857142
683,강원도,인제군,0.07142857142857142
683,강원도,정선군,0.07142857142857142
683,강원도,철원군,0.07142857142857142
683,강원도,태백시,0.07142857142857142
683,강원도,평창군,0.07142857142857142
683,강원도,홍천군,0.07142857142857142
684,전라남도,여수시,1.0
688,충청남도,보령시,1.0
689,경상북도,경주시,0.5
689,경상북도,포항시,0.5
690,전라남도,화순군,1.0
691,강원도,강릉시,1.0
692,경기도,가평군,0.5
692,경기도,포천시,0.5
694,강원도,홍천군,1.0
695,제주도,서귀포시(시내동),0.3333333333333333
695,제주도,애월읍,0.3333333333333333
695,제주도,한경면,0.3333333333333333
696,충청남도,금산군,1.0
697,강원도,속초시,1.0
698,경상남도,거창군,1.0
699,제주도,서귀포시(시내동),0.25
699,제주도,성산읍,0.25
699,제주도,애월읍,0.25
699,제주도,제주시(시내동),0.25
701,충청남도,당진시,1.0
702,강원도,강릉시,1.0
703,충청북도,단양군,1.0
704,전라북도,완주군,1.0
705,충청남도,세종특별자치시,1.0
706,강원도,속초시,1.0
708,강원도,강릉시,0.3333333333333333
708,강원도,동해시,0.3333333333333333
708,강원도,삼척시,0.3333333333333333
710,전라남도,여수시,1.0
712,경상북도,안동시,1.0
714,경상북도,영덕군,1.0
715,제주도,제주시(시내동),1.0
716,경상남도,사천시,0.25
716,경상남도,진주시,0.25
716,경상남도,통영시,0.25
716,경상남도,합천군,0.25
717,충청북도,단양군,0.5
717,충청북도,제천시,0.5
718,충청북도,충주시(구 청원군 포함),1.0
720,전라남도,구례군,1.0
721,강원도,춘천시,1.0
722,경기도,양평군,1.0
723,강원도,고성군,1.0
724,경기도,가평군,1.0
725,충청북도,단양군,1.0
726,제주도,구좌읍,0.3333333333333333
726,제주도,애월읍,0.3333333333333333
726,제주도,추자면,0.3333333333333333
729,전라남도,담양군,1.0
732,강원도,양양군,1.0
733,경상북도,성주군,1.0
734,전라남도,화순군,1.0
736,경기도,남양주시,1.0
737,강원도,고성군,0.5
737,강원도,삼척시,0.5
738,충청남도,공주시,0.5
738,충청남도,세종특별자치시,0.5
739,경기도,성남시,1.0
740,충청북도,보은군,1.0
741,전라남도,여수시,1.0
742,전라북도,남원시,1.0
744,전라북도,정읍시,1.0
745,강원도,동해시,0.5
745,강원도,양양군,0.5
746,전라북도,무주군,1.0
747,경기도,김포시,1.0
748,전라남도,구례군,1.0
750,충청남도,천안시,1.0
751,경상북도,문경시,1.0
752,전라북도,군산시,1.0
753,강원도,속초시,1.0
754,경상북도,포항시,1.0
755,충청북도,보은군,1.0
756,전라남도,목포시,1.0
757,경기도,양주시,1.0
758,강원도,강릉시,1.0
762,강원도,동해시,0.5
762,강원도,삼척시,0.5
763,경상남도,진주시,1.0
764,전라남도,진도군,1.0
765,전라북도,군산시,1.0
767,경상북도,의성군,1.0
768,강원도,강릉시,1.0
769,강원도,강릉시,0.5
769,강원도,평창군,0.5
770,충청북도,괴산군,1.0
771,전라북도,군산시,1.0
773,강원도,속초시,1.0
775,충청북도,단양군,0.3333333333333333
775,충청북도,제천시,0.3333333333333333
775,충청북도,충주시(구 청원군 포함),0.3333333333333333
776,경상북도,영덕군,1.0
777,강원도,강릉시,1.0
778,강원도,원주시,1.0
779,강원도,강릉시,0.3333333333333333
779,강원도,원주시,0.3333333333333333
779,강원도,정선군,0.3333333333333333
781,제주도,애월읍,1.0
782,강원도,원주시,1.0
783,경기도,파주시,1.0
784,경기도,포천시,1.0
785,경상북도,청송군,1.0
788,전라남도,순천시,0.5
788,전라남도,여수시,0.5
789,충청남도,아산시,1.0
791,전라남도,진도군,1.0
792,강원도,평창군,1.0
793,경상남도,거제시,1.0
794,제주도,제주시(시내동),0.5
794,제주도,조천읍,0.5
795,제주도,서귀포시(시내동),1.0
797,전라남도,순천시,1.0
798,전라남도,고흥군,0.5
798,전라남도,무안군,0.5
799,전라남도,여수시,1.0
800,경기도,용인시,1.0
801,강원도,속초시,1.0
803,제주도,구좌읍,0.25
803,제주도,성산읍,0.25
803,제주도,애월읍,0.25
803,제주도,표선면,0.25
805,충청북도,영동군,0.3333333333333333
805,충청북도,제천시,0.3333333333333333
805,충청북도,충주시(구 청원군 포함),0.3333333333333333
806,충청남도,서산시,1.0
807,경상북도,울진군,0.5
807,경상북도,포항시,0.5
808,전라북도,남원시,1.0
809,충청남도,예산군,1.0
810,경기도,여주시,1.0
811,제주도,제주시(시내동),1.0
812,경기도,수원시,1.0
813,경상남도,거창군,1.0
814,경기도,남양주시,0.5
814,경기도,의왕시,0.5
816,충청남도,공주시,0.5
816,충청남도,천안시,0.5
817,경기도,화성시,1.0
819,충청남도,태안군,1.0
820,경기도,수원시,1.0
821,충청남도,태안군,1.0
822,경상북도,김천시,1.0
823,경기도,가평군,1.0
824,강원도,강릉시,0.5
824,강원도,동해시,0.5
825,강원도,강릉시,1.0
828,제주도,성산읍,0.25
828,제주도,안덕면,0.25
828,제주도,조천읍,0.25
828,제주도,표선면,0.25
829,경상남도,김해시,1.0
830,경상남도,김해시,1.0
831,충청남도,보령시,1.0
832,충청남도,천안시,1.0
834,강원도,강릉시,1.0
835,경기도,남양주시,1.0
837,충청남도,보령시,1.0
838,경상남도,창원시,1.0
839,제주도,애월읍,1.0
840,경기도,가평군,1.0
841,경상북도,경주시,0.5
841,경상북도,포항시,0.5
842,경기도,의왕시,1.0
843,경기도,용인시,1.0
844,강원도,강릉시,1.0
845,경기도,용인시,1.0
846,전라남도,광양시,1.0
847,충청남도,태안군,1.0
849,강원도,원주시,1.0
850,경상북도,경주시,1.0
851,제주도,구좌읍,0.08333333333333333
851,제주도,남원읍,0.08333333333333333
851,제주도,대정읍,0.08333333333333333
851,제주도,서귀포시(시내동),0.08333333333333333
851,제주도,성산읍,0.08333333333333333
851,제주도,안덕면,0.08333333333333333
851,제주도,애월읍,0.08333333333333333
851,제주도,제주시(시내동),0.08333333333333333
851,제주도,조천읍,0.08333333333333333
851,제주도,표선면,0.08333333333333333
851,제주도,한경면,0.08333333333333333
851,제주도,한림읍,0.08333333333333333
852,경기도,양평군,1.0
853,경상남도,남해군,1.0
854,충청남도,천안시,1.0
855,제주도,성산읍,0.5
855,제주도,우도면,0.5
856,강원도,속초시,1.0
857,경상북도,구미시,1.0
859,경기도,이천시,1.0
860,제주도,제주시(시내동),1.0
861,강원도,강릉시,0.5
861,강원도,동해시,0.5
862,강원도,강릉시,0.3333333333333333
862,강원도,동해시,0.3333333333333333
862,강원도,삼척시,0.3333333333333333
863,충청남도,홍성군,1.0
864,경기도,포천시,1.0
865,충청북도,증평군,0.5
865,충청북도,충주시(구 청원군 포함),0.5
867,경상북도,안동시,1.0
868,전라남도,여수시,1.0
869,전라남도,해남군,1.0
870,경상북도,경주시,1.0
871,제주도,남원읍,0.3333333333333333
871,제주도,서귀포시(시내동),0.3333333333333333
871,제주도,성산읍,0.3333333333333333
872,경상남도,통영시,1.0
873,제주도,서귀포시(시내동),0.5
873,제주도,제주시(시내동),0.5
874,강원도,고성군,1.0
875,제주도,서귀포시(시내동),1.0
877,강원도,태백시,1.0
882,제주도,애월읍,1.0
883,충청남도,태안군,1.0
884,전라북도,전주시,1.0
886,강원도,강릉시,1.0
887,충청북도,청주시,1.0
888,전라북도,전주시,1.0
889,경상남도,거제시,1.0
890,경기도,고양시,1.0
891,강원도,강릉시,0.5
891,강원도,삼척시,0.5
892,전라북도,고창군,1.0
894,전라남도,보성군,1.0
895,강원도,속초시,1.0
897,경상북도,청송군,1.0
898,강원도,속초시,1.0
901,강원도,강릉시,1.0
903,충청남도,아산시,1.0
904,강원도,강릉시,1.0
905,전라남도,영광군,1.0
908,경상북도,청송군,1.0
909,충청남도,태안군,1.0
910,전라북도,군산시,0.5
910,전라북도,익산시,0.5
911,제주도,서귀포시(시내동),1.0
912,제주도,제주시(시내동),1.0
914,전라남도,순천시,0.3333333333333333
914,전라남도,여수시,0.3333333333333333
914,전라남도,해남군,0.3333333333333333
915,제주도,대정읍,0.2
915,제주도,서귀포시(시내동),0.2
915,제주도,성산읍,0.2
915,제주도,애월읍,0.2
915,제주도,제주시(시내동),0.2
917,경기도,여주시,1.0
919,경상남도,거창군,1.0
920,강원도,속초시,1.0
921,강원도,강릉시,1.0
922,강원도,강릉시,1.0
925,경상북도,울진군,1.0
926,전라남도,담양군,1.0
927,제주도,서귀포시(시내동),0.16666666666666666
927,제주도,성산읍,0.16666666666666666
927,제주도,애월읍,0.16666666666666666
927,제주도,제주시(시내동),0.16666666666666666
927,제주도,표선면,0.16666666666666666
927,제주도,한림읍,0.16666666666666666
928,제주도,표선면,1.0
929,경상남도,통영시,1.0
931,전라북도,군산시,1.0
932,강원도,강릉시,1.0
936,경기도,김포시,1.0
937,충청북도,청주시,1.0
938,전라북도,부안군,1.0
941,경기도,가평군,1.0
944,전라북도,부안군,1.0
945,경기도,수원시,1.0
946,경기도,포천시,1.0
947,강원도,속초시,1.0
948,경상북도,경주시,1.0
949,강원도,평창군,1.0
950,제주도,대정읍,1.0
951,전라북도,전주시,1.0
952,경상남도,남해군,1.0
953,충청남도,서산시,1.0
954,경기도,가평군,1.0
957,전라남도,여수시,1.0
958,전라남도,목포시,1.0
959,강원도,강릉시,1.0
960,전라북도,전주시,1.0
961,강원도,강릉시,1.0
963,강원도,동해시,1.0
964,제주도,서귀포시(시내동),1.0
966,강원도,영월군,1.0
967,제주도,구좌읍,0.07692307692307693
967,제주도,남원읍,0.07692307692307693
967,제주도,대정읍,0.07692307692307693
967,제주도,서귀포시(시내동),0.07692307692307693
967,제주도,성산읍,0.07692307692307693
967,제주도,안덕면,0.07692307692307693
967,제주도,애월읍,0.07692307692307693
967,제주도,제주시(시내동),0.07692307692307693
967,제주도,조천읍,0.07692307692307693
967,제주도,추자면,0.07692307692307693
967,제주도,표선면,0.07692307692307693
967,제주도,한경면,0.07692307692307693
967,제주도,한림읍,0.07692307692307693
968,제주도,서귀포시(시내동),1.0
969,전라남도,구례군,1.0
970,경상북도,포항시,1.0
973,충청남도,보령시,0.25
973,충청남도,부여군,0.25
973,충청남도,서천군,0.25
973,충청남도,태안군,0.25
976,강원도,고성군,1.0
977,강원도,인제군,0.5
977,강원도,정선군,0.5
978,전라남도,여수시,1.0
979,경상북도,청도군,1.0
982,경상북도,경주시,1.0
983,제주도,서귀포시(시내동),0.3333333333333333
983,제주도,애월읍,0.3333333333333333
983,제주도,제주시(시내동),0.3333333333333333
985,충청남도,보령시,1.0
986,제주도,서귀포시(시내동),0.3333333333333333
986,제주도,성산읍,0.3333333333333333
986,제주도,표선면,0.3333333333333333
987,강원도,영월군,1.0
988,경기도,용인시,1.0
989,충청남도,예산군,1.0
990,경기도,용인시,1.0
991,강원도,양양군,1.0
992,경기도,가평군,0.5
992,경기도,화성시,0.5
994,제주도,서귀포시(시내동),0.25
994,제주도,성산읍,0.25
994,제주도,애월읍,0.25
994,제주도,제주시(시내동),0.25
995,전라북도,군산시,1.0
997,경상북도,경주시,0.5
997,경상북도,포항시,0.5
999,경상남도,거제시,1.0
1000,충청남도,논산시,1.0
1004,경기도,가평군,1.0
1005,경상북도,문경시,0.25
1005,경상북도,봉화군,0.25
1005,경상북도,영주시,0.25
1005,경상북도,울진군,0.25
1008,충청남도,천안시,1.0
1009,강원도,영월군,1.0
1010,제주도,구좌읍,0.14285714285714285
1010,제주도,남원읍,0.14285714285714285
1010,제주도,서귀포시(시내동),0.14285714285714285
1010,제주도,성산읍,0.14285714285714285
1010,제주도,제주시(시내동),0.14285714285714285
1010,제주도,조천읍,0.14285714285714285
1010,제주도,한림읍,0.14285714285714285
1011,전라남도,목포시,1.0
1013,제주도,서귀포시(시내동),0.5
1013,제주도,애월읍,0.5
1016,경상북도,경주시,1.0
1017,전라남도,구례군,1.0
1018,경상남도,창녕군,1.0
1019,강원도,춘천시,1.0
1021,강원도,강릉시,1.0
1022,경기도,양평군,1.0
1024,충청남도,천안시,1.0
1025,강원도,양양군,1.0
1026,경상북도,경주시,1.0
1027,경상남도,남해군,1.0
1028,충청북도,제천시,1.0
1031,강원도,강릉시,0.25
1031,강원도,고성군,0.25
1031,강원도,속초시,0.25
1031,강원도,양양군,0.25
1032,경상북도,영덕군,1.0
1035,충청북도,청주시,1.0
1036,강원도,강릉시,1.0
1041,충청북도,단양군,1.0
1042,전라북도,완주군,0.5
1042,전라북도,전주시,0.5
1045,강원도,홍천군,1.0
1046,충청남도,태안군,1.0
1047,경기도,화성시,1.0
1048,강원도,정선군,1.0
1049,전라북도,부안군,0.5
1049,전라북도,전주시,0.5
1050,전라남도,담양군,1.0
1051,충청남도,서산시,1.0
1052,전라남도,구례군,0.5
1052,전라남도,여수시,0.5
1054,충청남도,청양군,1.0
1055,제주도,서귀포시(시내동),0.3333333333333333
1055,제주도,애월읍,0.3333333333333333
1055,제주도,한림읍,0.3333333333333333
1056,강원도,속초시,0.5
1056,강원도,인제군,0.5
1057,강원도,고성군,0.5
1057,강원도,속초시,0.5
1058,강원도,고성군,0.5
1058,강원도,속초시,0.5
1059,경기도,용인시,0.5
1059,경기도,화성시,0.5
1060,경상남도,거창군,0.3333333333333333
1060,경상남도,밀양시,0.3333333333333333
1060,경상남도,창원시,0.3333333333333333
1061,경상남도,남해군,1.0
1064,전라북도,고창군,1.0
1066,전라북도,고창군,1.0
1067,경상북도,경주시,1.0
1069,경기도,연천군,1.0
1070,강원도,삼척시,1.0
1071,전라남도,여수시,1.0
1072,경상북도,포항시,1.0
1073,전라남도,구례군,0.5
1073,전라남도,순천시,0.5
1074,경상남도,통영시,1.0
1075,충청북도,영동군,1.0
1076,충청남도,천안시,1.0
1077,전라북도,무주군,1.0
1078,강원도,속초시,1.0
1079,전라남도,고흥군,1.0
1080,강원도,속초시,1.0
1082,전라북도,군산시,1.0
1086,경상북도,경주시,1.0
1087,강원도,평창군,1.0
1088,충청북도,음성군,1.0
1089,경상북도,경주시,1.0
1090,강원도,강릉시,0.5
1090,강원도,화천군,0.5
1091,경기도,화성시,1.0
1092,전라남도,여수시,1.0
1093,경상북도,경주시,1.0
1094,경기도,이천시,1.0
1095,충청남도,공주시,0.3333333333333333
1095,충청남도,부여군,0.3333333333333333
1095,충청남도,세종특별자치시,0.3333333333333333
1096,전라남도,순천시,1.0
1097,경상북도,경주시,0.5
1097,경상북도,포항시,0.5
1098,전라북도,무주군,1.0
1099,경기도,고양시,1.0
1100,전라남도,강진군,0.5
1100,전라남도,구례군,0.5
1101,충청남도,보령시,1.0
1102,경기도,수원시,1.0
1103,경상북도,경주시,1.0
1104,경상남도,창원시,1.0
1107,강원도,강릉시,1.0
1108,경상남도,하동군,1.0
1110,경기도,하남시,1.0
1112,경상북도,상주시,1.0
1113,충청남도,아산시,1.0
1114,경상남도,밀양시,1.0
1115,강원도,영월군,1.0
1116,전라북도,익산시,1.0
1118,전라남도,담양군,1.0
1119,전라남도,나주시,1.0
1121,충청북도,옥천군,1.0
1123,제주도,구좌읍,0.2
1123,제주도,서귀포시(시내동),0.2
1123,제주도,성산읍,0.2
1123,제주도,제주시(시내동),0.2
1123,제주도,조천읍,0.2
1124,경기도,평택시,1.0
1126,강원도,춘천시,1.0
1127,강원도,춘천시,1.0
1128,경기도,가평군,0.5
1128,경기도,여주시,0.5
1129,경기도,양평군,1.0
1130,강원도,강릉시,1.0
1131,경상북도,경주시,0.3333333333333333
1131,경상북도,안동시,0.3333333333333333
1131,경상북도,포항시,0.3333333333333333
1132,강원도,강릉시,1.0
1134,제주도,구좌읍,0.125
1134,제주도,대정읍,0.125
1134,제주도,서귀포시(시내동),0.125
1134,제주도,성산읍,0.125
1134,제주도,안덕면,0.125
1134,제주도,제주시(시내동),0.125
1134,제주도,조천읍,0.125
1134,제주도,한림읍,0.125
1136,강원도,영월군,1.0
1137,경상북도,경주시,1.0
1139,전라남도,여수시,1.0
1140,충청남도,서천군,0.5
1140,충청남도,세종특별자치시,0.5
1141,충청남도,예산군,1.0
1142,경기도,고양시,1.0
1143,강원도,속초시,1.0
1146,전라남도,화순군,1.0
1147,강원도,속초시,1.0
1148,제주도,표선면,1.0
1149,경상남도,고성군,1.0
1150,제주도,서귀포시(시내동),1.0
1151,경상북도,경주시,1.0
1152,충청남도,예산군,1.0
1153,전라남도,담양군,0.3333333333333333
1153,전라남도,보성군,0.3333333333333333
1153,전라남도,장흥군,0.3333333333333333
1154,경상북도,상주시,1.0
1156,전라남도,구례군,0.5
1156,전라남도,해남군,0.5
1157,경상남도,거제시,1.0
1158,충청남도,당진시,1.0
1159,강원도,평창군,1.0
1160,경기도,가평군,1.0
1162,충청남도,보령시,1.0
1163,전라남도,목포시,1.0
1164,강원도,강릉시,1.0
1165,경상북도,포항시,1.0
1166,경상북도,문경시,1.0
1167,제주도,서귀포시(시내동),0.5
1167,제주도,제주시(시내동),0.5
1168,강원도,강릉시,1.0
1170,전라남도,광양시,1.0
1172,제주도,제주시(시내동),0.5
1172,제주도,한림읍,0.5
1173,강원도,속초시,1.0
1174,충청남도,보령시,1.0
1175,충청남도,서천군,1.0
1176,제주도,성산읍,0.3333333333333333
1176,제주도,애월읍,0.3333333333333333
1176,제주도,제주시(시내동),0.3333333333333333
1177,전라북도,고창군,1.0
1179,강원도,영월군,1.0
1180,경기도,용인시,1.0
1182,충청북도,충주시(구 청원군 포함),1.0
1183,강원도,홍천군,1.0
1184,충청남도,태안군,1.0
1186,강원도,강릉시,1.0
1187,경상남도,거창군,1.0
1188,강원도,강릉시,1.0
1189,전라남도,광양시,1.0
1190,경상북도,예천군,1.0
1192,경상북도,예천군,1.0
1193,강원도,강릉시,0.5
1193,강원도,동해시,0.5
1194,강원도,홍천군,1.0
1195,전라남도,강진군,0.5
1195,전라남도,화순군,0.5
1196,전라남도,강진군,0.25
1196,전라남도,고흥군,0.25
1196,전라남도,순천시,0.25
1196,전라남도,장흥군,0.25
1197,강원도,강릉시,0.16666666666666666
1197,강원도,동해시,0.16666666666666666
1197,강원도,속초시,0.16666666666666666
1197,강원도,양양군,0.16666666666666666
1197,강원도,인제군,0.16666666666666666
1197,강원도,정선군,0.16666666666666666
1198,전라남도,여수시,1.0
1199,경상남도,거제시,1.0
1200,강원도,속초시,1.0
1201,경기도,오산시,1.0
1203,전라남도,담양군,1.0
1204,제주도,구좌읍,0.3333333333333333
1204,제주도,서귀포시(시내동),0.3333333333333333
1204,제주도,한경면,0.3333333333333333
1205,경상남도,창원시,1.0
1209,전라남도,여수시,1.0
1211,경기도,가평군,1.0
1212,강원도,삼척시,1.0
1213,강원도,강릉시,0.5
1213,강원도,동해시,0.5
1214,경기도,안성시,1.0
1215,전라북도,무주군,1.0
1216,전라남도,구례군,1.0
1217,전라남도,신안군,1.0
1219,경기도,성남시,1.0
1222,강원도,동해시,0.3333333333333333
1222,강원도,속초시,0.3333333333333333
1222,강원도,양양군,0.3333333333333333
1223,강원도,홍천군,1.0
1225,강원도,삼척시,1.0
1226,강원도,강릉시,1.0
1229,경상남도,밀양시,1.0
1230,제주도,애월읍,1.0
1232,제주도,서귀포시(시내동),0.25
1232,제주도,성산읍,0.25
1232,제주도,애월읍,0.25
1232,제주도,제주시(시내동),0.25
1234,강원도,속초시,0.2
1234,강원도,원주시,0.2
1234,강원도,철원군,0.2
1234,강원도,춘천시,0.2
1234,강원도,화천군,0.2
1235,강원도,강릉시,1.0
1236,강원도,속초시,1.0
1237,전라남도,진도군,1.0
1238,경상북도,경주시,1.0
1239,경상북도,김천시,1.0
1240,경기도,성남시,1.0
1241,경기도,광주시,0.5
1241,경기도,수원시,0.5
1242,경상북도,포항시,1.0
1243,강원도,속초시,1.0
1245,경상남도,남해군,0.5
1245,경상남도,통영시,0.5
1247,경상북도,경주시,1.0
1248,강원도,속초시,1.0
1249,경기도,수원시,1.0
1251,강원도,고성군,1.0
1252,전라북도,전주시,1.0
1253,충청북도,단양군,1.0
1254,경상남도,창원시,1.0
1256,제주도,서귀포시(시내동),1.0
1257,전라남도,화순군,1.0
1258,제주도,서귀포시(시내동),0.3333333333333333
1258,제주도,안덕면,0.3333333333333333
1258,제주도,제주시(시내동),0.3333333333333333
1259,경기도,남양주시,1.0
1260,충청북도,괴산군,0.5
1260,충청북도,진천군,0.5
1261,제주도,성산읍,1.0
1262,경상남도,통영시,1.0
1263,전라남도,구례군,1.0
1265,제주도,구좌읍,1.0
1266,충청남도,천안시,1.0
1267,충청남도,보령시,1.0
1268,강원도,양양군,1.0
1269,경상남도,통영시,1.0
1271,충청북도,충주시(구 청원군 포함),1.0
1272,충청북도,제천시,1.0
1274,충청남도,아산시,1.0
1275,강원도,강릉시,1.0
1276,전라북도,김제시,1.0
1278,경기도,과천시,1.0
1279,경기도,가평군,1.0
1280,경기도,용인시,1.0
1283,경기도,용인시,1.0
1284,강원도,고성군,1.0
1285,경상북도,경주시,1.0
1286,강원도,인제군,1.0
1287,제주도,서귀포시(시내동),0.3333333333333333
1287,제주도,성산읍,0.3333333333333333
1287,제주도,애월읍,0.3333333333333333
1288,경상북도,의성군,1.0
1289,강원도,강릉시,0.5
1289,강원도,평창군,0.5
1290,경기도,용인시,1.0
1291,강원도,인제군,1.0
1292,강원도,동해시,1.0
1293,제주도,제주시(시내동),1.0
1294,제주도,서귀포시(시내동),0.25
1294,제주도,성산읍,0.25
1294,제주도,조천읍,0.25
1294,제주도,표선면,0.25
1296,경상북도,경주시,1.0
1297,강원도,동해시,1.0
1298,강원도,강릉시,0.3333333333333333
1298,강원도,속초시,0.3333333333333333
1298,강원도,양양군,0.3333333333333333
1299,강원도,속초시,0.5
1299,강원도,양양군,0.5
1300,제주도,서귀포시(시내동),1.0
1301,제주도,안덕면,1.0
1302,경상남도,산청군,1.0
1304,강원도,강릉시,1.0
1305,경상남도,창원시,1.0
1306,전라남도,완도군,0.5
1306,전라남도,해남군,0.5
1307,전라남도,여수시,1.0
1308,전라남도,강진군,0.5
1308,전라남도,해남군,0.5
1309,경기도,양평군,1.0
1310,강원도,양양군,1.0
1311,강원도,속초시,1.0
1312,충청남도,보령시,1.0
1313,경기도,화성시,1.0
1316,강원도,속초시,1.0
1317,제주도,애월읍,1.0
1318,경기도,의정부시,1.0
1319,강원도,강릉시,1.0
1320,제주도,서귀포시(시내동),1.0
1321,전라남도,목포시,0.3333333333333333
1321,전라남도,장흥군,0.3333333333333333
1321,전라남도,진도군,0.3333333333333333
1322,전라남도,목포시,0.5
1322,전라남도,진도군,0.5
1324,강원도,강릉시,1.0
1325,충청남도,계룡시,0.5
1325,충청남도,홍성군,0.5
1327,전라북도,임실군,1.0
1328,전라북도,완주군,1.0
1330,강원도,원주시,0.5
1330,강원도,춘천시,0.5
1332,충청남도,보령시,1.0
1334,강원도,속초시,1.0
1335,경기도,광주시,1.0
1336,강원도,춘천시,1.0
1337,제주도,조천읍,1.0
1338,전라남도,목포시,1.0
1340,강원도,속초시,0.5
1340,강원도,원주시,0.5
1341,경기도,포천시,1.0
1342,전라남도,곡성군,0.3333333333333333
1342,전라남도,담양군,0.3333333333333333
1342,전라남도,보성군,0.3333333333333333
1343,전라북도,군산시,1.0
1344,강원도,속초시,1.0
1345,강원도,강릉시,1.0
1346,강원도,고성군,1.0
1347,경상남도,고성군,1.0
1349,강원도,홍천군,1.0
1350,충청남도,서천군,1.0
1353,경상북도,경주시,1.0
1354,강원도,속초시,1.0
1355,강원도,속초시,1.0
1356,충청남도,예산군,1.0
1357,충청북도,영동군,1.0
1358,경상남도,창녕군,0.5
1358,경상남도,함안군,0.5
1359,강원도,강릉시,1.0
1361,전라남도,영광군,1.0
1362,제주도,구좌읍,0.1
1362,제주도,남원읍,0.1
1362,제주도,서귀포시(시내동),0.1
1362,제주도,성산읍,0.1
1362,제주도,애월읍,0.1
1362,제주도,우도면,0.1
1362,제주도,제주시(시내동),0.1
1362,제주도,조천읍,0.1
1362,제주도,표선면,0.1
1362,제주도,한림읍,0.1
1363,강원도,강릉시,1.0
1364,전라남도,광양시,0.5
1364,전라남도,보성군,0.5
1365,경기도,양평군,1.0
1367,전라남도,장성군,1.0
1368,전라북도,군산시,1.0
1369,전라남도,담양군,0.5
1369,전라남도,화순군,0.5
1371,경상북도,포항시,1.0
1372,강원도,정선군,0.5
1372,강원도,태백시,0.5
1374,강원도,강릉시,1.0
1375,충청북도,단양군,1.0
1377,경상남도,함안군,1.0
1378,전라남도,담양군,1.0
1379,충청북도,청주시,1.0
1381,충청남도,서산시,1.0
1383,강원도,속초시,1.0
1386,충청남도,서천군,1.0
1387,강원도,속초시,1.0
1388,강원도,강릉시,0.5
1388,강원도,동해시,0.5
1389,경상남도,진주시,1.0
1390,경상남도,통영시,1.0
1391,강원도,원주시,0.5
1391,강원도,춘천시,0.5
1392,전라남도,여수시,1.0
1394,경상북도,경주시,1.0
1396,충청남도,논산시,0.5
1396,충청남도,보령시,0.5
1397,경기도,양주시,1.0
1398,강원도,강릉시,0.5
1398,강원도,동해시,0.5
1400,강원도,평창군,1.0
1401,경상북도,경주시,1.0
1403,강원도,삼척시,1.0
1404,강원도,양양군,1.0
1405,충청남도,천안시,1.0
1406,강원도,강릉시,0.5
1406,강원도,원주시,0.5
1407,제주도,구좌읍,0.3333333333333333
1407,제주도,성산읍,0.3333333333333333
1407,제주도,제주시(시내동),0.3333333333333333
1408,강원도,정선군,1.0
1409,경상남도,양산시,1.0
1410,충청남도,부여군,1.0
1411,강원도,강릉시,0.3333333333333333
1411,강원도,고성군,0.3333333333333333
1411,강원도,속초시,0.3333333333333333
1412,경상남도,통영시,1.0
1414,경상북도,영덕군,0.5
1414,경상북도,울진군,0.5
1415,경상남도,창원시,1.0
1416,강원도,동해시,0.5
1416,강원도,속초시,0.5
1417,경기도,수원시,1.0
1419,경상북도,울릉군,1.0
1421,전라남도,화순군,1.0
1422,제주도,제주시(시내동),1.0
1423,전라남도,구례군,1.0
1424,강원도,강릉시,0.5
1424,강원도,삼척시,0.5
1425,경상남도,거제시,0.5
1425,경상남도,통영시,0.5
1426,강원도,강릉시,0.5
1426,강원도,속초시,0.5
1427,경상북도,울릉군,1.0
1429,전라북도,군산시,1.0
1430,제주도,구좌읍,0.3333333333333333
1430,제주도,애월읍,0.3333333333333333
1430,제주도,제주시(시내동),0.3333333333333333
1432,제주도,한림읍,1.0
1433,전라남도,순천시,1.0
1434,강원도,속초시,0.5
1434,강원도,양양군,0.5
1435,충청북도,음성군,1.0
1436,충청북도,제천시,1.0
1437,전라남도,나주시,0.5
1437,전라남도,담양군,0.5
1438,전라남도,순천시,1.0
1439,제주도,서귀포시(시내동),0.25
1439,제주도,성산읍,0.25
1439,제주도,애월읍,0.25
1439,제주도,제주시(시내동),0.25
1440,전라남도,여수시,1.0
1442,전라남도,여수시,1.0
1443,경상남도,통영시,1.0
1444,전라남도,진도군,1.0
1445,제주도,구좌읍,0.25
1445,제주도,서귀포시(시내동),0.25
1445,제주도,제주시(시내동),0.25
1445,제주도,조천읍,0.25
1447,강원도,춘천시,1.0
1448,전라북도,고창군,1.0
1450,강원도,양양군,0.5
1450,강원도,인제군,0.5
1451,강원도,횡성군,1.0
1452,경상북도,경주시,1.0
1455,강원도,고성군,1.0
1456,강원도,강릉시,1.0
1457,경상남도,거제시,1.0
1460,강원도,속초시,1.0
1461,강원도,속초시,1.0
1463,전라남도,목포시,1.0
1464,충청북도,진천군,1.0
1465,경상북도,김천시,1.0
1466,강원도,강릉시,1.0
1467,전라남도,여수시,1.0
1469,강원도,인제군,1.0
1471,전라남도,나주시,1.0
1473,경상북도,경주시,1.0
1474,강원도,강릉시,0.5
1474,강원도,동해시,0.5
1475,충청남도,서산시,1.0
1477,충청남도,태안군,1.0
1478,강원도,동해시,1.0
1481,강원도,양양군,1.0
1482,강원도,인제군,1.0
1483,강원도,강릉시,0.3333333333333333
1483,강원도,속초시,0.3333333333333333
1483,강원도,양양군,0.3333333333333333
1484,경상남도,함양군,1.0
1485,강원도,강릉시,1.0
1486,경상북도,김천시,1.0
1487,제주도,애월읍,1.0
1488,전라남도,보성군,0.3333333333333333
1488,전라남도,장흥군,0.3333333333333333
1488,전라남도,진도군,0.3333333333333333
1489,전라북도,군산시,0.5
1489,전라북도,전주시,0.5
1490,강원도,속초시,1.0
1491,전라남도,무안군,0.5
1491,전라남도,진도군,0.5
1492,전라남도,무안군,1.0
1493,경기도,동두천시,1.0
1494,충청남도,보령시,0.5
1494,충청남도,태안군,0.5
1497,전라남도,장성군,1.0
1498,경상북도,울진군,1.0
1499,강원도,강릉시,1.0
1500,전라남도,고흥군,0.5
1500,전라남도,무안군,0.5
1503,경상북도,청도군,1.0
1504,충청남도,서산시,1.0
1506,전라북도,군산시,1.0
1507,충청북도,옥천군,1.0
1509,경기도,화성시,1.0
1510,강원도,춘천시,1.0
1511,경상북도,영덕군,1.0
1512,전라북도,완주군,1.0
1513,전라북도,전주시,1.0
1514,전라남도,나주시,1.0
1515,강원도,태백시,1.0
1517,강원도,춘천시,1.0
1518,경기도,안산시,1.0
1519,경상남도,창녕군,1.0
1520,강원도,인제군,1.0
1521,전라북도,군산시,0.5
1521,전라북도,전주시,0.5
1523,경상북도,안동시,1.0
1524,충청남도,예산군,1.0
1525,강원도,강릉시,1.0
1526,제주도,제주시(시내동),0.5
1526,제주도,조천읍,0.5
1527,경기도,수원시,1.0
1529,전라남도,순천시,1.0
1530,강원도,정선군,1.0
1531,강원도,강릉시,1.0
1532,강원도,원주시,1.0
1533,강원도,춘천시,1.0
1534,강원도,속초시,1.0
1536,전라남도,영광군,1.0
1542,충청북도,증평군,0.5
1542,충청북도,진천군,0.5
1543,충청남도,보령시,1.0
1545,제주도,서귀포시(시내동),1.0
1546,충청남도,보령시,1.0
1548,강원도,속초시,1.0
1550,충청남도,보령시,1.0
1551,강원도,동해시,1.0
1553,강원도,평창군,1.0
1554,경상북도,안동시,1.0
1556,전라남도,순천시,1.0
1557,충청북도,청주시,1.0
1558,경기도,과천시,1.0
1559,경상북도,울릉군,1.0
1560,강원도,양양군,1.0
1563,경상남도,거제시,0.5
1563,경상남도,고성군,0.5
1565,경기도,양평군,1.0
1566,경상북도,포항시,1.0
1567,강원도,속초시,0.5
1567,강원도,평창군,0.5
1569,강원도,영월군,1.0
1570,전라북도,전주시,1.0
1571,경기도,포천시,1.0
1572,강원도,강릉시,0.3333333333333333
1572,강원도,고성군,0.3333333333333333
1572,강원도,속초시,0.3333333333333333
1573,강원도,속초시,1.0
1575,제주도,구좌읍,0.125
1575,제주도,남원읍,0.125
1575,제주도,대정읍,0.125
1575,제주도,서귀포시(시내동),0.125
1575,제주도,안덕면,0.125
1575,제주도,애월읍,0.125
1575,제주도,제주시(시내동),0.125
1575,제주도,표선면,0.125
1576,경기도,가평군,1.0
1577,전라남도,순천시,1.0
1578,경상북도,경주시,1.0
1582,경상남도,양산시,1.0
1583,경상북도,영주시,1.0
1584,경상북도,포항시,1.0
1587,강원도,고성군,1.0
1588,충청남도,보령시,1.0
1589,제주도,구좌읍,0.3333333333333333
1589,제주도,성산읍,0.3333333333333333
1589,제주도,애월읍,0.3333333333333333
1590,경기도,양평군,1.0
1591,경기도,수원시,1.0
1592,강원도,춘천시,1.0
1593,경기도,양평군,1.0
1594,충청북도,충주시(구 청원군 포함),1.0
1595,경기도,안양시,1.0
1596,전라남도,완도군,1.0
1597,경상남도,김해시,1.0
1598,경기도,여주시,1.0
1599,경상북도,김천시,0.5
1599,경상북도,문경시,0.5
1600,제주도,서귀포시(시내동),0.3333333333333333
1600,제주도,안덕면,0.3333333333333333
1600,제주도,애월읍,0.3333333333333333
1601,충청북도,괴산군,1.0
1603,제주도,구좌읍,0.3333333333333333
1603,제주도,우도면,0.3333333333333333
1603,제주도,제주시(시내동),0.3333333333333333
1604,전라북도,무주군,1.0
1605,전라북도,익산시,0.5
1605,전라북도,정읍시,0.5
1606,강원도,정선군,1.0
1607,전라남도,고흥군,1.0
1609,강원도,횡성군,1.0
1610,제주도,제주시(시내동),1.0
1611,경상북도,예천군,1.0
1612,경기도,양주시,1.0
1614,충청남도,태안군,1.0
1616,강원도,삼척시,1.0
1617,경기도,양주시,1.0
1618,강원도,삼척시,1.0
1619,강원도,동해시,1.0
1621,경기도,포천시,1.0
1622,강원도,정선군,1.0
1623,전라남도,보성군,0.25
1623,전라남도,순천시,0.25
1623,전라남도,여수시,0.25
1623,전라남도,해남군,0.25
1625,강원도,양양군,1.0
1626,강원도,속초시,1.0
1627,전라남도,구례군,0.5
1627,전라남도,순천시,0.5
1628,강원도,강릉시,1.0
1629,전라북도,부안군,1.0
1631,전라남도,고흥군,0.25
1631,전라남도,보성군,0.25
1631,전라남도,순천시,0.25
1631,전라남도,해남군,0.25
1632,전라남도,여수시,1.0
1634,강원도,강릉시,0.5
1634,강원도,평창군,0.5
1635,강원도,속초시,1.0
1636,강원도,양양군,1.0
1637,강원도,강릉시,1.0
1638,강원도,삼척시,1.0
1639,경기도,이천시,1.0
1640,경상북도,구미시,1.0
1641,강원도,속초시,1.0
1642,경상남도,김해시,1.0
1643,경기도,성남시,1.0
1644,제주도,남원읍,0.3333333333333333
1644,제주도,서귀포시(시내동),0.3333333333333333
1644,제주도,제주시(시내동),0.3333333333333333
1645,경기도,가평군,1.0
1648,충청남도,금산군,1.0
1649,경상북도,포항시,1.0
1650,제주도,구좌읍,0.1111111111111111
1650,제주도,남원읍,0.1111111111111111
1650,제주도,서귀포시(시내동),0.1111111111111111
1650,제주도,성산읍,0.1111111111111111
1650,제주도,애월읍,0.1111111111111111
1650,제주도,제주시(시내동),0.1111111111111111
1650,제주도,조천읍,0.1111111111111111
1650,제주도,한경면,0.1111111111111111
1650,제주도,한림읍,0.1111111111111111
1653,충청남도,태안군,1.0
1654,강원도,고성군,1.0
1656,경상남도,창원시,1.0
1657,경기도,동두천시,0.5
1657,경기도,의정부시,0.5
1658,강원도,고성군,0.3333333333333333
1658,강원도,양양군,0.3333333333333333
1658,강원도,평창군,0.3333333333333333
1660,충청북도,단양군,1.0
1661,충청남도,태안군,1.0
1664,강원도,강릉시,1.0
1665,충청북도,단양군,1.0
1667,경상북도,포항시,1.0
1668,강원도,속초시,1.0
1669,충청남도,세종특별자치시,1.0
1671,경상남도,창원시,1.0
1672,전라남도,구례군,1.0
1673,강원도,동해시,1.0
1675,전라남도,해남군,1.0
1676,경상북도,울진군,1.0
1677,강원도,춘천시,1.0
1678,충청남도,천안시,1.0
1679,경상북도,경주시,1.0
1680,강원도,양양군,1.0
1681,강원도,인제군,1.0
1682,제주도,제주시(시내동),1.0
1684,경상남도,밀양시,1.0
1685,강원도,강릉시,0.5
1685,강원도,속초시,0.5
1686,경상북도,포항시,1.0
1688,강원도,속초시,0.5
1688,강원도,양양군,0.5
1689,경상북도,경주시,1.0
1692,경상북도,포항시,1.0
1693,전라북도,전주시,1.0
1694,충청남도,서천군,1.0
1696,강원도,속초시,1.0
1697,전라남도,무안군,1.0
1698,제주도,서귀포시(시내동),0.5
1698,제주도,조천읍,0.5
1699,경기도,포천시,1.0
1702,전라남도,담양군,0.3333333333333333
1702,전라남도,영광군,0.3333333333333333
1702,전라남도,장성군,0.3333333333333333
1703,강원도,강릉시,1.0
1704,충청북도,괴산군,1.0
1705,전라북도,전주시,1.0
1707,제주도,성산읍,1.0
1708,충청북도,제천시,1.0
1710,강원도,고성군,0.5
1710,강원도,횡성군,0.5
1711,충청남도,보령시,0.5
1711,충청남도,청양군,0.5
1713,충청남도,천안시,1.0
1714,제주도,구좌읍,0.25
1714,제주도,애월읍,0.25
1714,제주도,제주시(시내동),0.25
1714,제주도,한림읍,0.25
1716,경기도,남양주시,1.0
1717,경상남도,남해군,1.0
1719,전라남도,고흥군,0.5
1719,전라남도,여수시,0.5
1720,경기도,수원시,1.0
1721,강원도,강릉시,1.0
1723,충청남도,태안군,1.0
1725,경상남도,사천시,1.0
1726,강원도,속초시,1.0
1727,강원도,강릉시,1.0
1728,경상북도,경주시,1.0
1729,충청북도,제천시,1.0
1731,제주도,대정읍,0.25
1731,제주도,성산읍,0.25
1731,제주도,제주시(시내동),0.25
1731,제주도,조천읍,0.25
1732,전라북도,완주군,1.0
1733,강원도,삼척시,0.5
1733,강원도,속초시,0.5
1734,강원도,영월군,1.0
1735,전라북도,정읍시,1.0
1736,강원도,강릉시,0.5
1736,강원도,속초시,0.5
1737,경상북도,포항시,1.0
1738,강원도,홍천군,1.0
1739,강원도,강릉시,0.3333333333333333
1739,강원도,동해시,0.3333333333333333
1739,강원도,삼척시,0.3333333333333333
1740,충청북도,제천시,1.0
1742,경상북도,영덕군,0.5
1742,경상북도,청송군,0.5
1743,제주도,남원읍,0.5
1743,제주도,서귀포시(시내동),0.5
1744,전라남도,강진군,0.5
1744,전라남도,무안군,0.5
1746,전라북도,부안군,1.0
1748,제주도,서귀포시(시내동),0.5
1748,제주도,한림읍,0.5
1749,전라북도,군산시,1.0
1750,경상북도,청송군,1.0
1751,강원도,양양군,1.0
1752,충청북도,제천시,1.0
1754,제주도,서귀포시(시내동),0.5
1754,제주도,제주시(시내동),0.5
1756,경상북도,경주시,1.0
1757,전라남도,목포시,1.0
1758,경기도,남양주시,1.0
1759,강원도,강릉시,0.3333333333333333
1759,강원도,삼척시,0.3333333333333333
1759,강원도,춘천시,0.3333333333333333
1761,전라북도,고창군,1.0
1762,강원도,동해시,0.5
1762,강원도,삼척시,0.5
1764,경상북도,경주시,1.0
1765,충청북도,청주시,1.0
1767,경상북도,울진군,0.5
1767,경상북도,포항시,0.5
1768,전라남도,장성군,1.0
1770,강원도,영월군,1.0
1773,전라북도,남원시,0.25
1773,전라북도,순창군,0.25
1773,전라북도,임실군,0.25
1773,전라북도,전주시,0.25
1774,강원도,속초시,0.3333333333333333
1774,강원도,원주시,0.3333333333333333
1774,강원도,홍천군,0.3333333333333333
1775,강원도,속초시,1.0
1776,강원도,강릉시,1.0
1777,전라북도,군산시,1.0
1778,강원도,강릉시,1.0
1781,경상북도,경주시,1.0
1783,강원도,속초시,1.0
1784,강원도,강릉시,1.0
1786,전라북도,전주시,1.0
1787,경상남도,사천시,1.0
1788,경상북도,영주시,1.0
1790,강원도,횡성군,1.0
1791,강원도,속초시,1.0
1792,충청남도,보령시,1.0
1794,강원도,동해시,0.5
1794,강원도,영월군,0.5
1795,강원도,삼척시,1.0
1796,경상북도,청도군,1.0
1797,충청남도,태안군,1.0
1798,전라북도,전주시,1.0
1800,경기도,광주시,1.0
1801,제주도,우도면,1.0
1802,강원도,정선군,1.0
1804,강원도,홍천군,1.0
1805,경상북도,포항시,1.0
1806,경상남도,거제시,0.5
1806,경상남도,통영시,0.5
1807,경상북도,경주시,1.0
1809,강원도,속초시,1.0
1810,강원도,정선군,1.0
1811,제주도,성산읍,0.3333333333333333
1811,제주도,애월읍,0.3333333333333333
1811,제주도,제주시(시내동),0.3333333333333333
1813,경상북도,청도군,1.0
1815,제주도,남원읍,0.25
1815,제주도,애월읍,0.25
1815,제주도,제주시(시내동),0.25
1815,제주도,한경면,0.25
1816,경상남도,통영시,1.0
1817,경상북도,영주시,0.5
1817,경상북도,의성군,0.5
1818,경상북도,문경시,1.0
1819,경상남도,사천시,1.0
1820,강원도,강릉시,1.0
1821,전라북도,전주시,0.5
1821,전라북도,진안군,0.5
1822,경기도,화성시,1.0
1823,경기도,부천시,1.0
1824,전라북도,진안군,1.0
1825,경상남도,창원시,1.0
1827,경상북도,영덕군,0.5
1827,경상북도,포항시,0.5
1828,전라남도,장성군,1.0
1830,전라남도,목포시,1.0
1831,강원도,속초시,1.0
1832,충청남도,서산시,1.0
1834,강원도,홍천군,1.0
1836,강원도,영월군,1.0
1837,경기도,김포시,1.0
1839,경상북도,경주시,1.0
1840,충청남도,공주시,1.0
1841,강원도,정선군,1.0
1842,경상북도,경주시,0.5
1842,경상북도,청도군,0.5
1843,경기도,여주시,1.0
1844,강원도,강릉시,1.0
1845,경상북도,포항시,1.0
1846,전라북도,전주시,1.0
1847,전라북도,부안군,1.0
1848,전라남도,화순군,1.0
1849,전라남도,신안군,1.0
1850,경상북도,성주군,1.0
1851,전라북도,부안군,1.0
1852,충청남도,부여군,1.0
1853,경상북도,경주시,1.0
1854,경상북도,김천시,1.0
1857,경상북도,김천시,1.0
1858,경상북도,울릉군,1.0
1859,충청남도,태안군,1.0
1860,강원도,속초시,1.0
1863,강원도,삼척시,1.0
1865,전라남도,해남군,1.0
1866,전라북도,남원시,1.0
1867,강원도,강릉시,1.0
1868,제주도,구좌읍,0.5
1868,제주도,성산읍,0.5
1869,강원도,횡성군,1.0
1870,강원도,강릉시,0.25
1870,강원도,고성군,0.25
1870,강원도,속초시,0.25
1870,강원도,인제군,0.25
1871,전라남도,여수시,1.0
1873,전라북도,김제시,1.0
1874,전라북도,정읍시,1.0
1875,전라북도,군산시,0.5
1875,전라북도,전주시,0.5
1877,경상북도,울진군,1.0
1878,경상북도,경주시,1.0
1879,경기도,양평군,1.0
1880,경기도,화성시,1.0
1881,전라남도,구례군,1.0
1882,충청북도,충주시(구 청원군 포함),1.0
1883,강원도,강릉시,1.0
1884,강원도,원주시,1.0
1885,충청남도,논산시,1.0
1886,전라남도,함평군,1.0
1887,경기도,수원시,1.0
1888,전라남도,나주시,1.0
1890,경기도,양평군,1.0
1891,경기도,수원시,0.5
1891,경기도,안성시,0.5
1892,강원도,강릉시,1.0
1893,전라남도,구례군,1.0
1894,충청남도,서천군,1.0
1895,경상남도,진주시,1.0
1896,충청남도,태안군,1.0
1899,경상남도,거제시,1.0
1900,충청남도,당진시,1.0
1901,충청북도,제천시,1.0
1902,강원도,고성군,0.25
1902,강원도,속초시,0.25
1902,강원도,정선군,0.25
1902,강원도,평창군,0.25
1904,경상남도,창원시,1.0
1905,제주도,제주시(시내동),1.0
1906,전라남도,곡성군,0.3333333333333333
1906,전라남도,구례군,0.3333333333333333
1906,전라남도,여수시,0.3333333333333333
1907,경상북도,영덕군,1.0
1908,전라남도,진도군,1.0
1911,충청남도,공주시,0.5
1911,충청남도,세종특별자치시,0.5
1912,경기도,가평군,1.0
1913,강원도,원주시,1.0
1914,전라남도,완도군,1.0
1915,강원도,강릉시,1.0
1916,경기도,김포시,1.0
1917,강원도,강릉시,1.0
1918,강원도,강릉시,0.3333333333333333
1918,강원도,동해시,0.3333333333333333
1918,강원도,속초시,0.3333333333333333
1919,전라남도,광양시,0.5
1919,전라남도,구례군,0.5
1920,강원도,강릉시,0.5
1920,강원도,속초시,0.5
1921,경상남도,산청군,1.0
1922,강원도,속초시,1.0
1925,경상북도,문경시,1.0
1926,강원도,홍천군,1.0
1927,강원도,양양군,1.0
1929,경기도,가평군,1.0
1930,경상북도,포항시,1.0
1931,제주도,대정읍,0.2
1931,제주도,서귀포시(시내동),0.2
1931,제주도,안덕면,0.2
1931,제주도,조천읍,0.2
1931,제주도,표선면,0.2
1932,경상북도,안동시,1.0
1934,경상남도,통영시,1.0
1936,제주도,구좌읍,0.3333333333333333
1936,제주도,서귀포시(시내동),0.3333333333333333
1936,제주도,애월읍,0.3333333333333333
1938,강원도,동해시,0.25
1938,강원도,속초시,0.25
1938,강원도,원주시,0.25
1938,강원도,춘천시,0.25
1940,제주도,서귀포시(시내동),0.16666666666666666
1940,제주도,성산읍,0.16666666666666666
1940,제주도,애월읍,0.16666666666666666
1940,제주도,제주시(시내동),0.16666666666666666
1940,제주도,조천읍,0.16666666666666666
1940,제주도,추자면,0.16666666666666666
1942,경기도,고양시,0.3333333333333333
1942,경기도,성남시,0.3333333333333333
1942,경기도,이천시,0.3333333333333333
1943,충청북도,충주시(구 청원군 포함),1.0
1947,강원도,태백시,1.0
1948,충청남도,공주시,0.5
1948,충청남도,당진시,0.5
1949,강원도,강릉시,1.0
1950,경상북도,경주시,1.0
1951,충청남도,보령시,0.5
1951,충청남도,서산시,0.5
1952,제주도,한림읍,1.0
1953,경상북도,포항시,1.0
1954,경기도,김포시,1.0
1956,제주도,서귀포시(시내동),0.5
1956,제주도,제주시(시내동),0.5
1957,강원도,양구군,0.5
1957,강원도,화천군,0.5
1960,강원도,삼척시,1.0
1962,경기도,가평군,0.5
1962,경기도,양평군,0.5
1963,전라남도,해남군,1.0
1964,경기도,화성시,1.0
1965,충청북도,영동군,1.0
1966,강원도,속초시,0.5
1966,강원도,양양군,0.5
1967,제주도,표선면,1.0
1968,충청남도,천안시,1.0
1969,경기도,김포시,1.0
1970,강원도,인제군,1.0
1972,전라북도,고창군,0.16666666666666666
1972,전라북도,김제시,0.16666666666666666
1972,전라북도,남원시,0.16666666666666666
1972,전라북도,완주군,0.16666666666666666
1972,전라북도,장수군,0.16666666666666666
1972,전라북도,전주시,0.16666666666666666
1974,경상북도,경주시,1.0
1975,제주도,구좌읍,0.3333333333333333
1975,제주도,대정읍,0.3333333333333333
1975,제주도,애월읍,0.3333333333333333
1976,경기도,화성시,1.0
1977,경상북도,경주시,1.0
1979,경상북도,구미시,1.0
1980,강원도,강릉시,1.0
1981,제주도,한경면,1.0
1982,강원도,강릉시,0.3333333333333333
1982,강원도,삼척시,0.3333333333333333
1982,강원도,속초시,0.3333333333333333
1983,경상북도,경주시,1.0
1986,충청남도,서산시,1.0
1987,강원도,고성군,0.5
1987,강원도,횡성군,0.5
1988,강원도,속초시,1.0
1989,강원도,양양군,1.0
1990,강원도,고성군,1.0
1991,강원도,동해시,1.0
1992,제주도,서귀포시(시내동),1.0
1993,충청남도,태안군,1.0
1994,전라북도,익산시,1.0
1995,경기도,용인시,1.0
1996,강원도,원주시,1.0
1997,경상남도,의령군,0.5
1997,경상남도,통영시,0.5
1998,전라남도,보성군,1.0
1999,전라북도,익산시,1.0
2000,충청북도,괴산군,1.0
2001,경기도,안산시,1.0
2003,전라북도,군산시,1.0
2004,강원도,춘천시,1.0
2005,강원도,고성군,1.0
2006,경상북도,포항시,1.0
2007,전라북도,무주군,1.0
2008,강원도,강릉시,1.0
2009,경기도,남양주시,1.0
2010,전라북도,전주시,1.0
2012,전라남도,담양군,1.0
2013,경기도,이천시,1.0
2014,경기도,수원시,1.0
2015,전라남도,장성군,1.0
2018,경기도,수원시,1.0
2020,전라남도,목포시,1.0
2022,강원도,동해시,1.0
2023,전라북도,군산시,1.0
2024,경기도,수원시,1.0
2025,제주도,서귀포시(시내동),1.0
2026,충청북도,청주시,1.0
2028,경기도,고양시,0.5
2028,경기도,파주시,0.5
2029,경기도,연천군,1.0
2031,강원도,속초시,1.0
2032,경상북도,청송군,1.0
2033,경기도,양주시,1.0
2035,강원도,속초시,1.0
2036,경상남도,산청군,1.0
2037,충청남도,서산시,0.5
2037,충청남도,태안군,0.5
2038,충청남도,논산시,1.0
2041,전라남도,진도군,1.0
2042,전라남도,구례군,1.0
2043,제주도,서귀포시(시내동),1.0
2045,전라남도,담양군,1.0
2046,경상남도,창녕군,1.0
2047,경상북도,안동시,1.0
2050,충청남도,공주시,1.0
2051,충청북도,청주시,1.0
2052,강원도,속초시,1.0
2053,충청북도,단양군,1.0
2056,경상남도,거제시,0.5
2056,경상남도,통영시,0.5
2057,경상남도,창원시,1.0
2058,전라북도,고창군,1.0
2059,경상남도,통영시,1.0
2060,경상남도,거제시,1.0
2061,경상북도,경주시,1.0
2064,경상남도,진주시,1.0
2065,경상북도,안동시,1.0
2066,경상남도,진주시,1.0
2067,전라남도,목포시,0.3333333333333333
2067,전라남도,무안군,0.3333333333333333
2067,전라남도,해남군,0.3333333333333333
2068,전라남도,목포시,1.0
2070,충청북도,음성군,1.0
2071,경상남도,하동군,1.0
2072,전라남도,무안군,0.5
2072,전라남도,화순군,0.5
2073,경상남도,거제시,1.0
2074,전라남도,여수시,1.0
2075,경기도,용인시,0.5
2075,경기도,포천시,0.5
2076,강원도,강릉시,0.3333333333333333
2076,강원도,동해시,0.3333333333333333
2076,강원도,속초시,0.3333333333333333
2077,경상남도,김해시,1.0
2078,강원도,고성군,1.0
2080,충청남도,서천군,1.0
2081,강원도,속초시,0.5
2081,강원도,인제군,0.5
2083,충청북도,단양군,0.5
2083,충청북도,제천시,0.5
2085,경상북도,예천군,1.0
2086,강원도,동해시,1.0
2087,충청북도,보은군,1.0
2088,경상남도,거제시,1.0
2089,경상남도,거제시,1.0
2090,강원도,속초시,1.0
2091,제주도,서귀포시(시내동),0.25
2091,제주도,애월읍,0.25
2091,제주도,제주시(시내동),0.25
2091,제주도,조천읍,0.25
2092,강원도,정선군,1.0
2093,경기도,군포시,1.0
2094,전라북도,부안군,1.0
2095,제주도,대정읍,0.5
2095,제주도,서귀포시(시내동),0.5
2096,강원도,속초시,1.0
2097,경기도,안산시,1.0
2098,강원도,속초시,1.0
2099,충청남도,공주시,0.5
2099,충청남도,부여군,0.5
2100,경상북도,경주시,1.0
2101,충청북도,제천시,1.0
2102,충청남도,예산군,1.0
2103,경기도,김포시,1.0
2104,전라남도,무안군,1.0
2105,충청남도,서산시,1.0
2106,경상남도,합천군,1.0
2107,경상남도,사천시,1.0
2109,경상남도,사천시,1.0
2111,경상남도,하동군,1.0
2113,경기도,양평군,0.5
2113,경기도,포천시,0.5
2114,전라남도,여수시,1.0
2115,경상북도,경주시,1.0
2117,강원도,속초시,1.0
2118,제주도,안덕면,0.3333333333333333
2118,제주도,애월읍,0.3333333333333333
2118,제주도,표선면,0.3333333333333333
2119,경기도,양평군,1.0
2120,경기도,의왕시,1.0
2121,강원도,평창군,1.0
2122,제주도,애월읍,1.0
2123,경상남도,통영시,1.0
2124,경상남도,창원시,1.0
2125,전라남도,나주시,0.16666666666666666
2125,전라남도,목포시,0.16666666666666666
2125,전라남도,순천시,0.16666666666666666
2125,전라남도,완도군,0.16666666666666666
2125,전라남도,함평군,0.16666666666666666
2125,전라남도,해남군,0.16666666666666666
2127,경기도,수원시,1.0
2130,전라북도,고창군,1.0
2131,강원도,속초시,1.0
2133,강원도,홍천군,1.0
2135,경기도,양주시,0.5
2135,경기도,양평군,0.5
2137,전라남도,곡성군,0.3333333333333333
2137,전라남도,여수시,0.3333333333333333
2137,전라남도,화순군,0.3333333333333333
2138,강원도,철원군,1.0
2139,전라북도,남원시,1.0
2140,전라북도,군산시,1.0
2141,전라남도,담양군,1.0
2142,경상남도,남해군,1.0
2146,경상북도,구미시,1.0
2149,강원도,속초시,1.0
2151,경기도,여주시,1.0
2152,경기도,가평군,1.0
2155,제주도,서귀포시(시내동),0.25
2155,제주도,애월읍,0.25
2155,제주도,우도면,0.25
2155,제주도,제주시(시내동),0.25
2158,충청남도,금산군,0.5
2158,충청남도,세종특별자치시,0.5
2160,경상남도,밀양시,1.0
2161,경기도,수원시,1.0
2162,충청북도,충주시(구 청원군 포함),1.0
2163,강원도,강릉시,1.0
2164,경상북도,영덕군,0.5
2164,경상북도,청송군,0.5
2165,충청남도,논산시,0.5
2165,충청남도,서산시,0.5
2166,제주도,구좌읍,0.3333333333333333
2166,제주도,제주시(시내동),0.3333333333333333
2166,제주도,조천읍,0.3333333333333333
2167,전라남도,강진군,0.2
2167,전라남도,목포시,0.2
2167,전라남도,순천시,0.2
2167,전라남도,여수시,0.2
2167,전라남도,해남군,0.2
2169,경기도,용인시,1.0
2171,전라북도,순창군,1.0
2172,충청남도,천안시,0.5
2172,충청남도,태안군,0.5
2174,경상북도,예천군,1.0
2177,경상남도,산청군,1.0
2178,경상북도,김천시,1.0
2180,강원도,속초시,1.0
2181,경상북도,문경시,1.0
2183,경기도,오산시,1.0
2187,강원도,영월군,1.0
2188,전라남도,여수시,1.0
2189,강원도,강릉시,1.0
2191,강원도,속초시,1.0
2193,제주도,한경면,1.0
2194,충청남도,당진시,1.0
2195,강원도,평창군,1.0
2197,제주도,제주시(시내동),1.0
2198,강원도,홍천군,1.0
2200,충청남도,보령시,0.5
2200,충청남도,서산시,0.5
2201,경기도,양평군,1.0
2202,전라북도,전주시,1.0
2203,충청남도,예산군,1.0
2204,경상북도,김천시,1.0
2205,충청남도,보령시,1.0
2206,전라남도,목포시,0.5
2206,전라남도,여수시,0.5
2207,강원도,강릉시,0.3333333333333333
2207,강원도,동해시,0.3333333333333333
2207,강원도,영월군,0.3333333333333333
2208,충청북도,단양군,1.0
2209,강원도,춘천시,1.0
2210,경상북도,문경시,0.5
2210,경상북도,상주시,0.5
2211,경기도,파주시,1.0
2212,제주도,서귀포시(시내동),0.5
2212,제주도,제주시(시내동),0.5
2213,충청북도,충주시(구 청원군 포함),1.0
2214,전라남도,여수시,1.0
2215,강원도,정선군,1.0
2216,강원도,춘천시,1.0
2217,강원도,횡성군,1.0
2218,충청남도,당진시,1.0
2219,제주도,서귀포시(시내동),0.5
2219,제주도,안덕면,0.5
2220,강원도,강릉시,0.3333333333333333
2220,강원도,고성군,0.3333333333333333
2220,강원도,속초시,0.3333333333333333
2221,강원도,속초시,1.0
2222,강원도,강릉시,1.0
2223,강원도,동해시,1.0
2225,강원도,강릉시,1.0
2226,경상북도,안동시,1.0
2227,충청북도,단양군,0.5
2227,충청북도,충주시(구 청원군 포함),0.5
2229,경상북도,경주시,1.0
2230,경상남도,고성군,0.5
2230,경상남도,김해시,0.5
2231,경기도,김포시,1.0
2232,경기도,포천시,1.0
2233,전라남도,목포시,1.0
2234,전라북도,군산시,1.0
2235,강원도,속초시,1.0
2236,강원도,강릉시,1.0
2237,충청남도,당진시,0.2
2237,충청남도,아산시,0.2
2237,충청남도,예산군,0.2
2237,충청남도,태안군,0.2
2237,충청남도,홍성군,0.2
2238,제주도,애월읍,1.0
2239,충청남도,세종특별자치시,1.0
2240,경기도,광주시,1.0
2242,강원도,정선군,1.0
2243,충청북도,청주시,1.0
2244,경상남도,거제시,1.0
2245,충청남도,논산시,1.0
2247,강원도,양양군,0.5
2247,강원도,춘천시,0.5
2248,제주도,서귀포시(시내동),0.16666666666666666
2248,제주도,안덕면,0.16666666666666666
2248,제주도,애월읍,0.16666666666666666
2248,제주도,제주시(시내동),0.16666666666666666
2248,제주도,표선면,0.16666666666666666
2248,제주도,한림읍,0.16666666666666666
2250,강원도,춘천시,1.0
2253,충청북도,제천시,1.0
2254,강원도,강릉시,0.25
2254,강원도,고성군,0.25
2254,강원도,속초시,0.25
2254,강원도,철원군,0.25
2256,제주도,애월읍,0.5
2256,제주도,제주시(시내동),0.5
2257,경기도,고양시,1.0
2258,전라북도,군산시,1.0
2259,경기도,구리시,1.0
2261,강원도,속초시,1.0
2263,경상남도,통영시,1.0
2264,강원도,강릉시,0.5
2264,강원도,삼척시,0.5
2265,제주도,성산읍,0.5
2265,제주도,애월읍,0.5
2266,제주도,대정읍,0.16666666666666666
2266,제주도,서귀포시(시내동),0.16666666666666666
2266,제주도,애월읍,0.16666666666666666
2266,제주도,제주시(시내동),0.16666666666666666
2266,제주도,표선면,0.16666666666666666
2266,제주도,한경면,0.16666666666666666
2267,경상남도,김해시,0.5
2267,경상남도,하동군,0.5
2268,제주도,제주시(시내동),1.0
2272,전라남도,고흥군,1.0
2274,강원도,강릉시,1.0
2275,전라북도,전주시,1.0
2277,강원도,속초시,1.0
2278,경상북도,경주시,1.0
2279,경상남도,김해시,1.0
2281,강원도,강릉시,1.0
2282,제주도,서귀포시(시내동),1.0
2286,경기도,포천시,1.0
2287,강원도,고성군,0.3333333333333333
2287,강원도,속초시,0.3333333333333333
2287,강원도,양양군,0.3333333333333333
2288,강원도,강릉시,0.5
2288,강원도,양양군,0.5
2289,전라남도,광양시,0.5
2289,전라남도,목포시,0.5
2290,전라남도,광양시,1.0
2291,강원도,홍천군,1.0
2292,강원도,속초시,1.0
2293,강원도,속초시,1.0
2294,제주도,제주시(시내동),1.0
2296,강원도,정선군,1.0
2298,경상남도,창원시,1.0
2300,경상북도,문경시,1.0
2302,경상북도,포항시,1.0
2303,강원도,태백시,1.0
2304,경상북도,경주시,1.0
2306,경상남도,남해군,1.0
2310,전라남도,여수시,1.0
2312,제주도,대정읍,1.0
2314,충청남도,부여군,1.0
2317,제주도,서귀포시(시내동),0.5
2317,제주도,우도면,0.5
2318,경상북도,상주시,1.0
2319,강원도,강릉시,0.5
2319,강원도,양양군,0.5
2320,충청남도,서산시,1.0
2321,제주도,서귀포시(시내동),1.0
2322,경상북도,포항시,1.0
2323,전라남도,무안군,1.0
2326,전라남도,담양군,1.0
2328,충청북도,단양군,0.5
2328,충청북도,제천시,0.5
2329,경상북도,청도군,1.0
2330,제주도,서귀포시(시내동),0.2
2330,제주도,애월읍,0.2
2330,제주도,조천읍,0.2
2330,제주도,표선면,0.2
2330,제주도,한림읍,0.2
2331,경상북도,경주시,0.5
2331,경상북도,포항시,0.5
2332,강원도,강릉시,1.0
2334,경상남도,밀양시,1.0
2336,제주도,남원읍,0.3333333333333333
2336,제주도,서귀포시(시내동),0.3333333333333333
2336,제주도,애월읍,0.3333333333333333
2337,강원도,속초시,1.0
2338,경기도,양평군,1.0
2340,경상북도,영덕군,1.0
2341,경기도,화성시,1.0
2342,강원도,삼척시,1.0
2343,강원도,강릉시,0.5
2343,강원도,삼척시,0.5
2344,경상북도,포항시,1.0
2345,전라남도,신안군,1.0
2347,경상북도,성주군,1.0
2349,제주도,구좌읍,0.25
2349,제주도,안덕면,0.25
2349,제주도,애월읍,0.25
2349,제주도,제주시(시내동),0.25
2350,전라남도,목포시,1.0
2352,전라남도,목포시,1.0
2353,충청남도,공주시,0.5
2353,충청남도,세종특별자치시,0.5
2357,충청북도,옥천군,1.0
2358,경상남도,통영시,1.0
2359,전라남도,담양군,1.0
2360,제주도,서귀포시(시내동),1.0
2361,경기도,시흥시,0.3333333333333333
2361,경기도,안성시,0.3333333333333333
2361,경기도,평택시,0.3333333333333333
2362,충청남도,서천군,1.0
2365,전라남도,완도군,1.0
2367,경기도,가평군,1.0
2370,강원도,강릉시,0.5
2370,강원도,속초시,0.5
2371,강원도,강릉시,1.0
2372,경상남도,거창군,1.0
2373,충청북도,옥천군,1.0
2374,강원도,강릉시,1.0
2375,충청북도,단양군,1.0
2376,제주도,표선면,1.0
2377,경상북도,상주시,1.0
2379,충청남도,천안시,1.0
2380,경상북도,경주시,1.0
2382,강원도,강릉시,1.0
2383,전라북도,남원시,1.0
2386,경기도,안성시,1.0
2388,전라남도,여수시,1.0
2390,강원도,강릉시,0.5
2390,강원도,평창군,0.5
2391,경상남도,통영시,1.0
2392,경상북도,포항시,1.0
2393,경상남도,하동군,1.0
2394,제주도,제주시(시내동),1.0
2395,경상북도,문경시,1.0
2396,강원도,홍천군,1.0
2397,강원도,춘천시,1.0
2398,경상남도,창녕군,1.0
2400,경기도,수원시,0.5
2400,경기도,평택시,0.5
2401,제주도,서귀포시(시내동),1.0
2402,전라남도,여수시,1.0
2404,경상남도,하동군,0.5
2404,경상남도,합천군,0.5
2405,강원도,원주시,0.5
2405,강원도,평창군,0.5
2406,제주도,구좌읍,0.125
2406,제주도,성산읍,0.125
2406,제주도,애월읍,0.125
2406,제주도,우도면,0.125
2406,제주도,제주시(시내동),0.125
2406,제주도,표선면,0.125
2406,제주도,한경면,0.125
2406,제주도,한림읍,0.125
2408,충청북도,영동군,0.5
2408,충청북도,옥천군,0.5
2409,경기도,양평군,1.0
2410,경상남도,거제시,1.0
2411,경기도,화성시,1.0
2412,강원도,속초시,1.0
2413,경상남도,함안군,1.0
2414,강원도,횡성군,1.0
2419,경상북도,청도군,1.0
2420,경상남도,밀양시,0.5
2420,경상남도,양산시,0.5
2422,경기도,고양시,1.0
2423,경기도,포천시,1.0
2424,충청남도,태안군,1.0
2425,강원도,양양군,1.0
2428,경상북도,김천시,1.0
2430,강원도,고성군,0.3333333333333333
2430,강원도,속초시,0.3333333333333333
2430,강원도,양양군,0.3333333333333333
2431,강원도,속초시,1.0
2432,경상남도,거제시,1.0
2433,강원도,속초시,1.0
2435,경기도,용인시,1.0
2436,강원도,인제군,1.0
2437,전라남도,신안군,1.0
2438,경상남도,합천군,1.0
2440,강원도,철원군,1.0
2441,전라북도,무주군,1.0
2442,강원도,동해시,1.0
2443,전라남도,담양군,0.3333333333333333
2443,전라남도,여수시,0.3333333333333333
2443,전라남도,장성군,0.3333333333333333
2444,제주도,구좌읍,0.1111111111111111
2444,제주도,남원읍,0.1111111111111111
2444,제주도,대정읍,0.1111111111111111
2444,제주도,성산읍,0.1111111111111111
2444,제주도,우도면,0.1111111111111111
2444,제주도,제주시(시내동),0.1111111111111111
2444,제주도,조천읍,0.1111111111111111
2444,제주도,표선면,0.1111111111111111
2444,제주도,한림읍,0.1111111111111111
2445,경상남도,거제시,1.0
2448,제주도,제주시(시내동),1.0
2449,강원도,강릉시,1.0
2450,제주도,구좌읍,1.0
2451,강원도,고성군,0.5
2451,강원도,양양군,0.5
2453,경기도,안산시,1.0
2455,전라남도,구례군,1.0
2458,충청북도,충주시(구 청원군 포함),1.0
2462,강원도,강릉시,0.5
2462,강원도,삼척시,0.5
2463,제주도,서귀포시(시내동),0.3333333333333333
2463,제주도,제주시(시내동),0.3333333333333333
2463,제주도,조천읍,0.3333333333333333
2465,충청남도,공주시,0.5
2465,충청남도,예산군,0.5
2466,강원도,속초시,1.0
2467,전라북도,완주군,1.0
2468,경기도,김포시,1.0
2469,경상북도,포항시,1.0
2471,강원도,동해시,0.3333333333333333
2471,강원도,삼척시,0.3333333333333333
2471,강원도,정선군,0.3333333333333333
2473,제주도,서귀포시(시내동),0.5
2473,제주도,애월읍,0.5
2474,경상남도,고성군,0.2
2474,경상남도,김해시,0.2
2474,경상남도,남해군,0.2
2474,경상남도,사천시,0.2
2474,경상남도,통영시,0.2
2475,경상남도,거제시,1.0
2476,전라북도,전주시,1.0
2477,충청남도,천안시,1.0
2479,전라남도,강진군,1.0
2480,강원도,속초시,1.0
2482,경기도,가평군,1.0
2483,경상남도,거창군,1.0
2486,경상북도,안동시,1.0
2487,강원도,속초시,0.5
2487,강원도,양양군,0.5
2488,강원도,속초시,1.0
2490,경기도,가평군,1.0
2491,강원도,강릉시,1.0
2492,경상북도,예천군,1.0
2495,강원도,속초시,1.0
2496,경상북도,경주시,1.0
2497,충청북도,청주시,1.0
2498,강원도,홍천군,1.0
2499,경상남도,김해시,1.0
2504,강원도,속초시,0.5
2504,강원도,평창군,0.5
2507,전라남도,여수시,1.0
2510,경기도,가평군,0.25
2510,경기도,안성시,0.25
2510,경기도,양평군,0.25
2510,경기도,여주시,0.25
2511,강원도,속초시,1.0
2512,강원도,춘천시,1.0
2513,경상북도,경주시,1.0
2515,경기도,가평군,1.0
2516,전라남도,여수시,1.0
2517,전라남도,무안군,1.0
2520,경상북도,포항시,1.0
2521,강원도,속초시,0.5
2521,강원도,인제군,0.5
2522,충청북도,청주시,1.0
2523,전라남도,여수시,1.0
2524,전라북도,전주시,1.0
2526,강원도,태백시,1.0
2527,충청남도,보령시,1.0
2529,강원도,고성군,1.0
2530,강원도,강릉시,1.0
2531,경기도,가평군,1.0
2532,충청남도,보령시,1.0
2533,강원도,삼척시,0.5
2533,강원도,춘천시,0.5
2535,경상북도,상주시,1.0
2536,강원도,강릉시,1.0
2539,경상북도,문경시,1.0
2540,경기도,이천시,1.0
2541,강원도,횡성군,1.0
2542,충청남도,보령시,1.0
2543,제주도,한림읍,1.0
2544,강원도,고성군,0.5
2544,강원도,양양군,0.5
2545,제주도,서귀포시(시내동),0.5
2545,제주도,제주시(시내동),0.5
2548,강원도,강릉시,0.5
2548,강원도,속초시,0.5
2549,강원도,삼척시,1.0
2550,강원도,강릉시,0.3333333333333333
2550,강원도,삼척시,0.3333333333333333
2550,강원도,속초시,0.3333333333333333
2551,강원도,강릉시,0.5
2551,강원도,동해시,0.5
2553,충청북도,청주시,1.0
2554,충청북도,진천군,1.0
2556,전라남도,곡성군,0.5
2556,전라남도,광양시,0.5
2557,전라남도,순천시,1.0
2559,경상북도,포항시,1.0
2560,강원도,횡성군,1.0
2562,전라남도,목포시,0.5
2562,전라남도,진도군,0.5
2564,경상북도,경주시,1.0
2565,경상북도,포항시,1.0
2567,전라북도,군산시,1.0
2568,경상북도,구미시,0.25
2568,경상북도,영양군,0.25
2568,경상북도,칠곡군,0.25
2568,경상북도,포항시,0.25
2569,경상북도,포항시,1.0
2570,강원도,정선군,1.0
2572,경상남도,거제시,1.0
2575,강원도,평창군,1.0
2576,전라남도,여수시,0.5
2576,전라남도,장흥군,0.5
2578,충청북도,청주시,1.0
2579,강원도,동해시,1.0
2581,경기도,김포시,1.0
2582,제주도,서귀포시(시내동),0.3333333333333333
2582,제주도,우도면,0.3333333333333333
2582,제주도,조천읍,0.3333333333333333
2583,강원도,평창군,1.0
2584,강원도,속초시,1.0
2585,강원도,양양군,1.0
2587,전라남도,담양군,0.5
2587,전라남도,순천시,0.5
2589,강원도,속초시,1.0
2590,제주도,애월읍,1.0
2591,강원도,속초시,1.0
2593,경상남도,창녕군,0.5
2593,경상남도,창원시,0.5
2594,경기도,포천시,1.0
2595,강원도,속초시,1.0
2597,강원도,강릉시,1.0
2598,충청북도,단양군,1.0
2599,충청남도,공주시,1.0
2600,전라북도,전주시,1.0
2601,강원도,영월군,1.0
2603,강원도,원주시,1.0
2606,강원도,속초시,1.0
2610,전라북도,군산시,1.0
2614,충청남도,태안군,1.0
2615,충청남도,홍성군,1.0
2617,충청북도,제천시,1.0
2618,강원도,강릉시,1.0
2619,강원도,동해시,0.3333333333333333
2619,강원도,속초시,0.3333333333333333
2619,강원도,정선군,0.3333333333333333
2621,강원도,고성군,1.0
2624,강원도,태백시,1.0
2625,강원도,영월군,0.3333333333333333
2625,강원도,정선군,0.3333333333333333
2625,강원도,홍천군,0.3333333333333333
2626,강원도,영월군,1.0
2627,강원도,양양군,1.0
2628,충청남도,공주시,0.5
2628,충청남도,서천군,0.5
2629,경상북도,울진군,1.0
2630,제주도,성산읍,0.5
2630,제주도,한림읍,0.5
2631,강원도,정선군,1.0
2632,강원도,원주시,1.0
2633,경상남도,통영시,1.0
2634,전라북도,부안군,1.0
2635,전라북도,고창군,0.5
2635,전라북도,순창군,0.5
2638,강원도,속초시,1.0
2639,경기도,가평군,1.0
2640,전라북도,익산시,1.0
2641,전라북도,군산시,1.0
2642,강원도,속초시,1.0
2643,전라남도,순천시,0.5
2643,전라남도,여수시,0.5
2644,강원도,속초시,1.0
2645,충청남도,세종특별자치시,1.0
2648,경상북도,울진군,0.5
2648,경상북도,포항시,0.5
2649,충청북도,단양군,1.0
2650,강원도,강릉시,1.0
2652,강원도,고성군,1.0
2654,강원도,평창군,1.0
2657,충청남도,공주시,0.3333333333333333
2657,충청남도,논산시,0.3333333333333333
2657,충청남도,청양군,0.3333333333333333
2658,경기도,고양시,0.5
2658,경기도,김포시,0.5
2659,강원도,평창군,1.0
2660,전라북도,전주시,1.0
2665,강원도,속초시,1.0
2666,경상남도,진주시,0.5
2666,경상남도,통영시,0.5
2667,전라남도,목포시,1.0
2668,강원도,강릉시,1.0
2669,충청남도,태안군,1.0
2670,전라북도,전주시,1.0
2672,제주도,구좌읍,0.5
2672,제주도,애월읍,0.5
2673,경상남도,함양군,1.0
2674,경기도,이천시,1.0
2676,강원도,속초시,1.0
2677,전라북도,임실군,1.0
2678,경기도,화성시,1.0
2679,강원도,양양군,1.0
2680,전라북도,정읍시,1.0
2683,전라북도,부안군,1.0
2684,경상북도,포항시,1.0
2685,전라남도,나주시,0.3333333333333333
2685,전라남도,담양군,0.3333333333333333
2685,전라남도,영광군,0.3333333333333333
2686,경상남도,양산시,1.0
2688,강원도,강릉시,1.0
2689,전라남도,곡성군,1.0
2690,강원도,원주시,1.0
2693,강원도,속초시,1.0
2694,전라남도,강진군,0.3333333333333333
2694,전라남도,목포시,0.3333333333333333
2694,전라남도,무안군,0.3333333333333333
2695,충청북도,충주시(구 청원군 포함),1.0
2697,충청북도,음성군,1.0
2698,강원도,강릉시,1.0
2699,강원도,속초시,1.0
2700,경상북도,청송군,1.0
2704,경상남도,산청군,1.0
2705,경상북도,경주시,1.0
2706,충청북도,영동군,1.0
2707,경기도,양평군,1.0
2709,충청북도,충주시(구 청원군 포함),1.0
2710,강원도,속초시,1.0
2711,경기도,안산시,1.0
2713,강원도,삼척시,1.0
2714,전라남도,목포시,1.0
2715,경상북도,포항시,1.0
2716,강원도,동해시,1.0
2718,강원도,속초시,1.0
2720,경기도,의정부시,1.0
2721,전라남도,광양시,0.3333333333333333
2721,전라남도,구례군,0.3333333333333333
2721,전라남도,순천시,0.3333333333333333
2723,충청남도,태안군,1.0
2724,강원도,속초시,1.0
2725,경상북도,경주시,1.0
2726,경상남도,사천시,0.5
2726,경상남도,통영시,0.5
2728,경기도,양주시,1.0
2729,강원도,속초시,1.0
2731,충청남도,계룡시,1.0
2732,경상북도,경주시,1.0
2733,전라남도,진도군,1.0
2735,충청남도,보령시,1.0
2736,경상남도,밀양시,1.0
2737,제주도,구좌읍,0.16666666666666666
2737,제주도,남원읍,0.16666666666666666
2737,제주도,서귀포시(시내동),0.16666666666666666
2737,제주도,성산읍,0.16666666666666666
2737,제주도,애월읍,0.16666666666666666
2737,제주도,제주시(시내동),0.16666666666666666
2738,강원도,강릉시,0.3333333333333333
2738,강원도,속초시,0.3333333333333333
2738,강원도,양양군,0.3333333333333333
2739,제주도,제주시(시내동),1.0
2740,강원도,속초시,1.0
2741,경상북도,안동시,1.0
2742,강원도,강릉시,1.0
2743,경상북도,울릉군,1.0
2745,전라남도,진도군,1.0
2746,강원도,속초시,1.0
2747,강원도,강릉시,1.0
2748,전라남도,나주시,1.0
2750,강원도,고성군,1.0
2751,충청남도,보령시,0.5
2751,충청남도,서천군,0.5
2752,강원도,강릉시,0.5
2752,강원도,양양군,0.5
2753,제주도,서귀포시(시내동),1.0
2754,충청남도,공주시,1.0
2755,강원도,속초시,1.0
2756,강원도,고성군,1.0
2757,강원도,양양군,1.0
2758,경상북도,울진군,1.0
2759,전라남도,영광군,1.0
2760,경상북도,영덕군,1.0
2761,충청남도,보령시,1.0
2763,강원도,속초시,1.0
2765,충청남도,부여군,1.0
2767,강원도,강릉시,1.0
2769,경상남도,고성군,0.2
2769,경상남도,밀양시,0.2
2769,경상남도,의령군,0.2
2769,경상남도,창녕군,0.2
2769,경상남도,함안군,0.2
2771,경상남도,남해군,0.3333333333333333
2771,경상남도,산청군,0.3333333333333333
2771,경상남도,하동군,0.3333333333333333
2772,제주도,구좌읍,0.08333333333333333
2772,제주도,남원읍,0.08333333333333333
2772,제주도,대정읍,0.08333333333333333
2772,제주도,서귀포시(시내동),0.08333333333333333
2772,제주도,성산읍,0.08333333333333333
2772,제주도,안덕면,0.08333333333333333
2772,제주도,애월읍,0.08333333333333333
2772,제주도,제주시(시내동),0.08333333333333333
2772,제주도,조천읍,0.08333333333333333
2772,제주도,표선면,0.08333333333333333
2772,제주도,한경면,0.08333333333333333
2772,제주도,한림읍,0.08333333333333333
2773,경상북도,안동시,1.0
2774,경상남도,진주시,1.0
2777,경기도,남양주시,1.0
2779,강원도,영월군,1.0
2783,강원도,원주시,1.0
2784,경상남도,함양군,1.0
2785,전라남도,곡성군,1.0
2786,경상북도,포항시,1.0
2788,충청북도,괴산군,1.0
2791,전라남도,진도군,1.0
2793,경상북도,경주시,1.0
2795,제주도,구좌읍,0.14285714285714285
2795,제주도,남원읍,0.14285714285714285
2795,제주도,서귀포시(시내동),0.14285714285714285
2795,제주도,성산읍,0.14285714285714285
2795,제주도,제주시(시내동),0.14285714285714285
2795,제주도,표선면,0.14285714285714285
2795,제주도,한림읍,0.14285714285714285
2797,경상북도,경주시,1.0
2798,강원도,동해시,1.0
2800,강원도,강릉시,0.3333333333333333
2800,강원도,속초시,0.3333333333333333
2800,강원도,양양군,0.3333333333333333
2802,전라남도,곡성군,1.0
2803,강원도,춘천시,1.0
2805,전라북도,익산시,1.0
2806,충청남도,태안군,1.0
2807,경기도,광주시,1.0
2809,경상남도,거제시,0.5
2809,경상남도,통영시,0.5
2810,제주도,서귀포시(시내동),0.3333333333333333
2810,제주도,성산읍,0.3333333333333333
2810,제주도,제주시(시내동),0.3333333333333333
2811,제주도,서귀포시(시내동),1.0
2812,강원도,강릉시,1.0
2813,경상북도,영덕군,0.5
2813,경상북도,포항시,0.5
2815,강원도,속초시,1.0
2816,경상남도,거제시,1.0
2817,전라북도,남원시,1.0
2818,전라남도,담양군,1.0
2820,경상북도,경주시,0.5
2820,경상북도,영주시,0.5
2822,제주도,조천읍,1.0
2823,경상남도,통영시,1.0
2824,전라북도,군산시,1.0
2825,제주도,서귀포시(시내동),1.0
2826,경상남도,산청군,1.0
2827,충청북도,청주시,1.0
2828,경기도,양평군,1.0
2829,전라북도,임실군,1.0
2830,경기도,화성시,1.0
2831,충청남도,당진시,0.5
2831,충청남도,서산시,0.5
2832,전라남도,해남군,1.0
2833,경상북도,경주시,1.0
2835,경상남도,산청군,1.0
2836,전라북도,익산시,1.0
2837,충청남도,논산시,1.0
2838,제주도,남원읍,0.3333333333333333
2838,제주도,서귀포시(시내동),0.3333333333333333
2838,제주도,제주시(시내동),0.3333333333333333
2841,경상북도,울진군,0.5
2841,경상북도,포항시,0.5
2843,전라남도,여수시,1.0
2844,제주도,구좌읍,0.2
2844,제주도,서귀포시(시내동),0.2
2844,제주도,제주시(시내동),0.2
2844,제주도,표선면,0.2
2844,제주도,한경면,0.2
2845,경상북도,포항시,1.0
2846,경상북도,문경시,1.0
2847,강원도,고성군,1.0
2849,제주도,애월읍,0.5
2849,제주도,제주시(시내동),0.5
2851,강원도,양양군,1.0
2852,강원도,원주시,1.0
2854,충청남도,금산군,1.0
2855,경기도,화성시,1.0
2856,경기도,수원시,1.0
2857,경기도,양평군,1.0
2858,제주도,구좌읍,0.125
2858,제주도,남원읍,0.125
2858,제주도,대정읍,0.125
2858,제주도,서귀포시(시내동),0.125
2858,제주도,안덕면,0.125
2858,제주도,조천읍,0.125
2858,제주도,표선면,0.125
2858,제주도,한림읍,0.125
2859,전라남도,진도군,1.0
2865,경기도,고양시,1.0
2866,전라북도,남원시,1.0
2867,전라남도,신안군,1.0
2869,강원도,강릉시,1.0
2872,충청남도,공주시,1.0
2874,강원도,홍천군,1.0
2875,경기도,파주시,1.0
2876,경상남도,거제시,1.0
2879,강원도,원주시,1.0
2880,전라남도,담양군,1.0
2881,전라남도,목포시,1.0
2882,충청남도,홍성군,1.0
2884,충청남도,보령시,1.0
2885,전라남도,여수시,1.0
2886,충청남도,천안시,1.0
2887,전라남도,여수시,1.0
2888,충청북도,옥천군,1.0
2889,전라남도,여수시,1.0
2892,강원도,춘천시,1.0
2893,강원도,원주시,1.0
2894,경기도,평택시,1.0
2896,경상남도,거제시,1.0
2897,경상북도,경주시,1.0
2898,전라남도,완도군,1.0
2900,전라북도,정읍시,1.0
2901,경상남도,사천시,1.0
2902,전라남도,여수시,1.0
2903,제주도,애월읍,0.3333333333333333
2903,제주도,제주시(시내동),0.3333333333333333
2903,제주도,한림읍,0.3333333333333333
2904,강원도,강릉시,0.5
2904,강원도,춘천시,0.5
2905,강원도,속초시,1.0
2908,전라북도,전주시,1.0
2911,전라남도,담양군,1.0
2913,경기도,포천시,1.0
2914,전라북도,남원시,1.0
2917,전라북도,전주시,1.0
2918,강원도,속초시,1.0
2919,강원도,속초시,1.0
2920,강원도,강릉시,1.0
2921,충청북도,제천시,1.0
2922,강원도,강릉시,1.0
2923,경상북도,울진군,1.0
2926,전라북도,무주군,1.0
2928,제주도,구좌읍,0.16666666666666666
2928,제주도,남원읍,0.16666666666666666
2928,제주도,서귀포시(시내동),0.16666666666666666
2928,제주도,성산읍,0.16666666666666666
2928,제주도,우도면,0.16666666666666666
2928,제주도,조천읍,0.16666666666666666
2929,경상북도,경주시,1.0
2931,경상북도,영주시,0.5
2931,경상북도,청도군,0.5
2933,경상남도,거제시,0.3333333333333333
2933,경상남도,남해군,0.3333333333333333
2933,경상남도,통영시,0.3333333333333333
2934,제주도,제주시(시내동),1.0
2935,강원도,홍천군,1.0
2936,경기도,성남시,1.0
2937,충청북도,단양군,0.5
2937,충청북도,청주시,0.5
2940,전라남도,나주시,0.25
2940,전라남도,신안군,0.25
2940,전라남도,여수시,0.25
2940,전라남도,해남군,0.25
2941,제주도,서귀포시(시내동),0.5
2941,제주도,제주시(시내동),0.5
2942,제주도,제주시(시내동),1.0
2943,전라북도,전주시,1.0
2944,강원도,강릉시,1.0
2945,전라남도,구례군,0.5
2945,전라남도,담양군,0.5
2946,전라남도,무안군,1.0
2947,제주도,서귀포시(시내동),0.5
2947,제주도,제주시(시내동),0.5
2949,강원도,양양군,1.0
2950,경상북도,경주시,1.0
2951,경기도,성남시,1.0
2953,강원도,양양군,1.0
2954,전라북도,전주시,1.0
2957,강원도,태백시,1.0
2959,경상남도,김해시,1.0
2960,제주도,남원읍,0.14285714285714285
2960,제주도,대정읍,0.14285714285714285
2960,제주도,서귀포시(시내동),0.14285714285714285
2960,제주도,안덕면,0.14285714285714285
2960,제주도,제주시(시내동),0.14285714285714285
2960,제주도,추자면,0.14285714285714285
2960,제주도,표선면,0.14285714285714285
2961,경상남도,김해시,1.0
2964,경기도,포천시,1.0
2965,강원도,속초시,1.0
2966,강원도,평창군,1.0
2967,강원도,홍천군,1.0
2968,경상북도,울진군,1.0
2969,경상남도,진주시,1.0
2970,강원도,홍천군,1.0
2971,강원도,삼척시,1.0
2972,강원도,강릉시,0.25
2972,강원도,속초시,0.25
2972,강원도,태백시,0.25
2972,강원도,화천군,0.25
2973,강원도,강릉시,0.5
2973,강원도,평창군,0.5
2974,강원도,춘천시,1.0
2975,충청남도,서천군,1.0
2976,충청북도,제천시,1.0
2977,경기도,가평군,1.0
2978,강원도,속초시,0.5
2978,강원도,평창군,0.5
2979,경상북도,문경시,0.25
2979,경상북도,안동시,0.25
2979,경상북도,영주시,0.25
2979,경상북도,예천군,0.25
2980,강원도,속초시,1.0
2981,제주도,구좌읍,0.25
2981,제주도,대정읍,0.25
2981,제주도,서귀포시(시내동),0.25
2981,제주도,제주시(시내동),0.25
2983,강원도,원주시,1.0
2984,제주도,서귀포시(시내동),0.16666666666666666
2984,제주도,성산읍,0.16666666666666666
2984,제주도,애월읍,0.16666666666666666
2984,제주도,제주시(시내동),0.16666666666666666
2984,제주도,표선면,0.16666666666666666
2984,제주도,한림읍,0.16666666666666666
2985,경기도,군포시,1.0
2986,제주도,서귀포시(시내동),1.0
2987,강원도,속초시,0.5
2987,강원도,춘천시,0.5
2988,강원도,양양군,1.0
2989,충청남도,보령시,1.0
2990,경상남도,남해군,1.0
2991,경상남도,통영시,1.0
2992,전라북도,전주시,1.0
2993,충청북도,청주시,1.0
2994,경상남도,밀양시,1.0
2995,강원도,속초시,1.0
2997,제주도,서귀포시(시내동),0.5
2997,제주도,제주시(시내동),0.5
2999,강원도,홍천군,1.0
3000,강원도,양양군,1.0
3001,강원도,강릉시,1.0
3003,경상북도,경주시,0.5
3003,경상북도,포항시,0.5
3004,제주도,대정읍,0.25
3004,제주도,안덕면,0.25
3004,제주도,애월읍,0.25
3004,제주도,한림읍,0.25
3005,전라북도,군산시,1.0
3006,충청북도,제천시,1.0
3007,제주도,조천읍,1.0
3011,전라북도,부안군,1.0
3013,경상남도,거제시,0.5
3013,경상남도,통영시,0.5
3014,제주도,애월읍,0.5
3014,제주도,한림읍,0.5
3017,경상북도,경주시,1.0
3019,강원도,삼척시,1.0
3020,전라남도,나주시,1.0
3021,경기도,파주시,1.0
3022,전라남도,광양시,0.5
3022,전라남도,구례군,0.5
3023,충청남도,당진시,1.0
3024,경상북도,문경시,0.3333333333333333
3024,경상북도,상주시,0.3333333333333333
3024,경상북도,영덕군,0.3333333333333333
3027,강원도,강릉시,1.0
3028,강원도,춘천시,1.0
3029,전라남도,목포시,1.0
3030,경상북도,청도군,1.0
3033,충청남도,태안군,1.0
3034,제주도,성산읍,0.25
3034,제주도,애월읍,0.25
3034,제주도,제주시(시내동),0.25
3034,제주도,한림읍,0.25
3036,충청남도,태안군,1.0
3037,경상남도,남해군,1.0
3038,전라북도,전주시,1.0
3039,경상북도,경주시,1.0
3040,경상북도,경주시,1.0
3041,강원도,속초시,1.0
3042,강원도,삼척시,0.25
3042,강원도,영월군,0.25
3042,강원도,태백시,0.25
3042,강원도,평창군,0.25
3043,전라북도,전주시,1.0
3044,경상남도,창녕군,0.5
3044,경상남도,합천군,0.5
3046,충청북도,제천시,1.0
3047,강원도,동해시,0.5
3047,강원도,양양군,0.5
3049,강원도,강릉시,0.2
3049,강원도,양양군,0.2
3049,강원도,태백시,0.2
3049,강원도,평창군,0.2
3049,강원도,횡성군,0.2
3050,강원도,강릉시,0.14285714285714285
3050,강원도,속초시,0.14285714285714285
3050,강원도,양양군,0.14285714285714285
3050,강원도,원주시,0.14285714285714285
3050,강원도,춘천시,0.14285714285714285
3050,강원도,태백시,0.14285714285714285
3050,강원도,평창군,0.14285714285714285
3051,전라남도,여수시,1.0
3053,경기도,수원시,1.0
3054,충청남도,태안군,1.0
3055,제주도,남원읍,0.14285714285714285
3055,제주도,서귀포시(시내동),0.14285714285714285
3055,제주도,성산읍,0.14285714285714285
3055,제주도,애월읍,0.14285714285714285
3055,제주도,제주시(시내동),0.14285714285714285
3055,제주도,표선면,0.14285714285714285
3055,제주도,한림읍,0.14285714285714285
3056,충청남도,부여군,1.0
3057,경상북도,경주시,1.0
3058,전라남도,화순군,1.0
3060,강원도,횡성군,1.0
3061,충청남도,보령시,1.0
3062,전라남도,무안군,0.2
3062,전라남도,완도군,0.2
3062,전라남도,진도군,0.2
3062,전라남도,함평군,0.2
3062,전라남도,해남군,0.2
3063,제주도,구좌읍,0.2
3063,제주도,서귀포시(시내동),0.2
3063,제주도,성산읍,0.2
3063,제주도,우도면,0.2
3063,제주도,제주시(시내동),0.2
3064,경상북도,청도군,1.0
3065,전라북도,순창군,1.0
3066,충청남도,천안시,1.0
3067,제주도,서귀포시(시내동),1.0
3068,전라북도,부안군,1.0
3069,강원도,속초시,1.0
3070,충청남도,예산군,1.0
3072,강원도,원주시,1.0
3073,제주도,구좌읍,0.125
3073,제주도,서귀포시(시내동),0.125
3073,제주도,성산읍,0.125
3073,제주도,안덕면,0.125
3073,제주도,애월읍,0.125
3073,제주도,제주시(시내동),0.125
3073,제주도,조천읍,0.125
3073,제주도,표선면,0.125
3074,경기도,가평군,0.3333333333333333
3074,경기도,양평군,0.3333333333333333
3074,경기도,포천시,0.3333333333333333
3075,강원도,속초시,1.0
3076,전라남도,강진군,1.0
3077,전라남도,해남군,1.0
3078,전라남도,목포시,1.0
3080,강원도,영월군,0.5
3080,강원도,태백시,0.5
3081,전라남도,나주시,0.5
3081,전라남도,해남군,0.5
3082,경상남도,남해군,1.0
3084,경기도,수원시,1.0
3085,전라남도,여수시,1.0
3086,경상남도,남해군,1.0
3087,제주도,남원읍,0.2
3087,제주도,서귀포시(시내동),0.2
3087,제주도,우도면,0.2
3087,제주도,조천읍,0.2
3087,제주도,표선면,0.2
3088,경상북도,경주시,1.0
3090,제주도,서귀포시(시내동),0.3333333333333333
3090,제주도,애월읍,0.3333333333333333
3090,제주도,제주시(시내동),0.3333333333333333
3091,전라북도,부안군,1.0
3092,강원도,강릉시,1.0
3093,경기도,고양시,1.0
3096,경상북도,경주시,1.0
3097,충청남도,천안시,1.0
3098,충청북도,영동군,1.0
3102,경상남도,함양군,1.0
3103,전라남도,광양시,1.0
3104,강원도,인제군,1.0
3105,제주도,대정읍,0.1111111111111111
3105,제주도,서귀포시(시내동),0.1111111111111111
3105,제주도,성산읍,0.1111111111111111
3105,제주도,안덕면,0.1111111111111111
3105,제주도,애월읍,0.1111111111111111
3105,제주도,우도면,0.1111111111111111
3105,제주도,조천읍,0.1111111111111111
3105,제주도,표선면,0.1111111111111111
3105,제주도,한림읍,0.1111111111111111
3106,강원도,강릉시,0.5
3106,강원도,속초시,0.5
3107,전라북도,무주군,1.0
3112,충청북도,진천군,1.0
3113,충청남도,보령시,1.0
3114,충청남도,보령시,0.5
3114,충청남도,서천군,0.5
3115,충청남도,아산시,1.0
3116,전라북도,순창군,1.0
3117,전라남도,해남군,1.0
3118,전라남도,영광군,1.0
3119,경상남도,거창군,0.5
3119,경상남도,고성군,0.5
3120,전라남도,순천시,1.0
3122,강원도,강릉시,0.2
3122,강원도,삼척시,0.2
3122,강원도,속초시,0.2
3122,강원도,원주시,0.2
3122,강원도,정선군,0.2
3123,경기도,연천군,1.0
3124,강원도,고성군,1.0
3127,경기도,가평군,0.3333333333333333
3127,경기도,양평군,0.3333333333333333
3127,경기도,평택시,0.3333333333333333
3129,강원도,고성군,1.0
3132,강원도,속초시,1.0
3134,강원도,원주시,1.0
3136,경상북도,경주시,1.0
3138,경상남도,거제시,1.0
3139,제주도,서귀포시(시내동),0.3333333333333333
3139,제주도,애월읍,0.3333333333333333
3139,제주도,제주시(시내동),0.3333333333333333
3141,경기도,부천시,1.0
3142,강원도,속초시,1.0
3143,강원도,양양군,1.0
3144,강원도,원주시,0.5
3144,강원도,태백시,0.5
3145,제주도,제주시(시내동),1.0
3146,충청남도,보령시,1.0
3148,전라북도,전주시,1.0
3150,제주도,한림읍,1.0
3151,경상북도,경주시,1.0
3152,경상남도,거제시,1.0
3153,충청북도,단양군,1.0
3155,충청남도,서산시,1.0
3158,경상북도,문경시,1.0
3159,경상북도,경주시,1.0
3160,전라남도,여수시,1.0
3161,경상남도,산청군,1.0
3162,충청북도,제천시,1.0
3163,제주도,제주시(시내동),1.0
3165,강원도,속초시,1.0
3166,경기도,포천시,1.0
3167,경상북도,경주시,1.0
3168,경상북도,영주시,1.0
3169,전라남도,나주시,0.25
3169,전라남도,여수시,0.25
3169,전라남도,영광군,0.25
3169,전라남도,함평군,0.25
3170,전라남도,순천시,1.0
3171,경상북도,예천군,1.0
3172,강원도,동해시,1.0
3173,전라북도,전주시,1.0
3174,경상북도,김천시,1.0
3175,강원도,동해시,1.0
3176,강원도,양양군,0.5
3176,강원도,홍천군,0.5
3177,충청남도,논산시,1.0
3178,경상남도,남해군,1.0
3179,강원도,속초시,1.0
3180,제주도,제주시(시내동),1.0
3181,충청남도,천안시,1.0
3183,경상북도,울진군,1.0
3184,경기도,안산시,1.0
3187,강원도,동해시,1.0
3188,강원도,철원군,1.0
3189,경기도,동두천시,1.0
3190,경기도,가평군,1.0
3191,강원도,원주시,1.0
3192,충청북도,제천시,1.0
3193,전라남도,여수시,1.0
3195,경상북도,봉화군,1.0
3196,강원도,속초시,1.0
3198,강원도,고성군,1.0
3199,강원도,홍천군,1.0
3200,경기도,여주시,1.0
3201,경기도,시흥시,1.0
3203,경상북도,칠곡군,1.0
3204,강원도,동해시,1.0
3205,전라북도,군산시,1.0
3206,강원도,속초시,1.0
3207,경상북도,예천군,1.0
3208,강원도,속초시,1.0
3209,강원도,고성군,0.5
3209,강원도,속초시,0.5
3210,전라남도,여수시,1.0
3212,강원도,강릉시,1.0
3215,강원도,강릉시,1.0
3217,경상북도,문경시,1.0
3218,충청남도,천안시,1.0
3219,경상남도,진주시,0.5
3219,경상남도,창원시,0.5
3222,경기도,가평군,1.0
3223,전라북도,부안군,1.0
3224,강원도,원주시,1.0
3225,강원도,속초시,1.0
3226,충청남도,서천군,1.0
3227,강원도,강릉시,1.0
3229,경상남도,진주시,1.0
3230,충청남도,보령시,0.3333333333333333
3230,충청남도,서산시,0.3333333333333333
3230,충청남도,서천군,0.3333333333333333
3231,경기도,남양주시,1.0
3232,경상남도,밀양시,1.0
3235,경상남도,거창군,1.0
3237,경기도,양평군,1.0
3238,경상북도,경주시,1.0
3239,충청남도,서천군,0.5
3239,충청남도,예산군,0.5
3240,강원도,삼척시,1.0
3241,강원도,강릉시,1.0
3242,강원도,양구군,0.5
3242,강원도,화천군,0.5
3243,전라남도,목포시,1.0
3244,제주도,제주시(시내동),1.0
3245,전라남도,화순군,1.0
3246,강원도,원주시,1.0
3248,경기도,용인시,1.0
3249,경상북도,경주시,1.0
3251,경상북도,청송군,1.0
3252,경기도,동두천시,1.0
3253,충청북도,단양군,0.5
3253,충청북도,제천시,0.5
3257,경기도,안산시,1.0
3260,충청남도,계룡시,1.0
3261,제주도,애월읍,0.5
3261,제주도,표선면,0.5
3262,강원도,고성군,1.0
3263,강원도,평창군,1.0
3265,경상북도,경주시,1.0
3267,경기도,평택시,1.0
3268,강원도,춘천시,1.0
3269,전라남도,고흥군,0.5
3269,전라남도,여수시,0.5
3270,제주도,애월읍,1.0
3271,강원도,강릉시,1.0
3272,전라북도,군산시,1.0
3273,충청북도,옥천군,1.0
3274,강원도,홍천군,1.0
3275,충청북도,충주시(구 청원군 포함),1.0
3276,충청남도,서산시,1.0
3277,충청남도,보령시,1.0
3278,강원도,정선군,1.0
3279,강원도,삼척시,1.0
3281,강원도,속초시,1.0
3282,강원도,홍천군,1.0
3283,경상북도,포항시,1.0
3284,경상북도,경주시,1.0
3285,강원도,속초시,1.0
3287,강원도,강릉시,1.0
3288,전라북도,전주시,1.0
3290,경상남도,거제시,1.0
3291,충청남도,예산군,1.0
3292,전라남도,목포시,1.0
3293,경기도,양평군,1.0
3295,강원도,춘천시,1.0
3296,강원도,춘천시,1.0
3298,경기도,파주시,1.0
3299,제주도,서귀포시(시내동),0.25
3299,제주도,안덕면,0.25
3299,제주도,제주시(시내동),0.25
3299,제주도,한림읍,0.25
3300,전라북도,군산시,1.0
3301,경상남도,하동군,1.0
3302,전라남도,곡성군,1.0
3303,경상북도,경주시,1.0
3304,경상남도,거제시,1.0
3305,강원도,속초시,1.0
3307,강원도,강릉시,0.5
3307,강원도,속초시,0.5
3308,충청북도,제천시,1.0
3309,전라남도,담양군,1.0
3310,전라남도,순천시,1.0
3311,강원도,강릉시,1.0
3312,강원도,화천군,1.0
3316,충청북도,청주시,1.0
3318,강원도,동해시,1.0
3321,강원도,정선군,1.0
3322,경기도,고양시,1.0
3325,강원도,속초시,1.0
3326,경기도,가평군,1.0
3329,전라북도,군산시,0.5
3329,전라북도,전주시,0.5
3331,강원도,강릉시,0.5
3331,강원도,동해시,0.5
3332,충청북도,충주시(구 청원군 포함),1.0
3334,제주도,성산읍,0.3333333333333333
3334,제주도,안덕면,0.3333333333333333
3334,제주도,우도면,0.3333333333333333
3335,충청남도,논산시,1.0
3336,전라북도,완주군,0.5
3336,전라북도,전주시,0.5
3337,강원도,속초시,1.0
3338,충청남도,천안시,1.0
3339,전라남도,해남군,1.0
3340,경상북도,김천시,1.0
3341,경기도,고양시,1.0
3343,강원도,강릉시,0.5
3343,강원도,영월군,0.5
3344,강원도,삼척시,1.0
3346,강원도,강릉시,1.0
3348,전라남도,순천시,1.0
3349,충청남도,천안시,1.0
3350,강원도,강릉시,0.5
3350,강원도,홍천군,0.5
3351,전라남도,순천시,1.0
3352,강원도,강릉시,1.0
3353,경상북도,경주시,1.0
3355,경기도,평택시,1.0
3356,경상북도,청도군,1.0
3357,경상북도,울릉군,1.0
3358,경상북도,포항시,1.0
3359,충청남도,공주시,1.0
3361,강원도,삼척시,1.0
3362,경상북도,영양군,1.0
3363,전라남도,담양군,1.0
3365,강원도,강릉시,1.0
3366,전라남도,고흥군,0.5
3366,전라남도,완도군,0.5
3367,제주도,서귀포시(시내동),1.0
3369,충청북도,보은군,1.0
3370,강원도,강릉시,0.5
3370,강원도,속초시,0.5
3371,충청남도,서산시,1.0
3373,강원도,평창군,1.0
3374,충청북도,괴산군,1.0
3376,경기도,김포시,1.0
3377,강원도,강릉시,1.0
3378,경상북도,봉화군,1.0
3379,강원도,동해시,1.0
3380,경상남도,거제시,0.5
3380,경상남도,통영시,0.5
3381,경상남도,거제시,1.0
3383,강원도,속초시,1.0
3384,강원도,화천군,1.0
3387,제주도,구좌읍,0.2
3387,제주도,서귀포시(시내동),0.2
3387,제주도,애월읍,0.2
3387,제주도,제주시(시내동),0.2
3387,제주도,조천읍,0.2
3388,충청남도,서천군,1.0
3390,강원도,춘천시,1.0
3391,강원도,강릉시,1.0
3392,충청남도,태안군,1.0
3393,강원도,속초시,1.0
3394,강원도,속초시,1.0
3395,제주도,대정읍,0.2
3395,제주도,애월읍,0.2
3395,제주도,제주시(시내동),0.2
3395,제주도,조천읍,0.2
3395,제주도,한경면,0.2
3396,경상남도,창원시,1.0
3398,강원도,춘천시,1.0
3401,강원도,고성군,0.5
3401,강원도,속초시,0.5
3403,전라북도,군산시,1.0
3404,충청북도,단양군,1.0
3405,제주도,성산읍,0.25
3405,제주도,애월읍,0.25
3405,제주도,우도면,0.25
3405,제주도,표선면,0.25
3406,강원도,동해시,1.0
3407,제주도,구좌읍,0.1111111111111111
3407,제주도,남원읍,0.1111111111111111
3407,제주도,대정읍,0.1111111111111111
3407,제주도,서귀포시(시내동),0.1111111111111111
3407,제주도,애월읍,0.1111111111111111
3407,제주도,조천읍,0.1111111111111111
3407,제주도,표선면,0.1111111111111111
3407,제주도,한경면,0.1111111111111111
3407,제주도,한림읍,0.1111111111111111
3408,경상북도,경주시,1.0
3409,경상남도,밀양시,1.0
3410,충청남도,보령시,1.0
3411,경상북도,경주시,0.5
3411,경상북도,문경시,0.5
3412,전라남도,순천시,0.5
3412,전라남도,여수시,0.5
3413,강원도,삼척시,1.0
3415,경기도,의왕시,1.0
3417,충청남도,서천군,1.0
3418,충청북도,단양군,1.0
3419,경상남도,고성군,1.0
3420,강원도,춘천시,1.0
3422,전라북도,남원시,1.0
3425,제주도,제주시(시내동),1.0
3426,강원도,홍천군,1.0
3427,강원도,속초시,1.0
3428,전라북도,군산시,1.0
3429,전라남도,고흥군,1.0
3430,전라북도,남원시,1.0
3431,경상북도,포항시,1.0
3432,강원도,강릉시,1.0
3433,경기도,남양주시,1.0
3434,제주도,구좌읍,0.08333333333333333
3434,제주도,남원읍,0.08333333333333333
3434,제주도,대정읍,0.08333333333333333
3434,제주도,서귀포시(시내동),0.08333333333333333
3434,제주도,성산읍,0.08333333333333333
3434,제주도,안덕면,0.08333333333333333
3434,제주도,애월읍,0.08333333333333333
3434,제주도,제주시(시내동),0.08333333333333333
3434,제주도,조천읍,0.08333333333333333
3434,제주도,표선면,0.08333333333333333
3434,제주도,한경면,0.08333333333333333
3434,제주도,한림읍,0.08333333333333333
3436,경기도,남양주시,1.0
3438,경기도,남양주시,0.5
3438,경기도,용인시,0.5
3440,강원도,강릉시,1.0
3441,제주도,구좌읍,0.3333333333333333
3441,제주도,성산읍,0.3333333333333333
3441,제주도,표선면,0.3333333333333333
3442,전라남도,여수시,1.0
3443,강원도,속초시,1.0
3444,강원도,속초시,1.0
3445,강원도,평창군,1.0
3446,경기도,가평군,1.0
3447,강원도,강릉시,0.25
3447,강원도,고성군,0.25
3447,강원도,삼척시,0.25
3447,강원도,속초시,0.25
3449,경상북도,영덕군,1.0
3451,충청북도,단양군,1.0
3452,충청북도,증평군,1.0
3454,충청남도,예산군,1.0
3455,경상북도,상주시,1.0
3456,강원도,속초시,0.5
3456,강원도,양양군,0.5
3457,강원도,고성군,1.0
3458,강원도,영월군,1.0
3459,경상북도,경주시,1.0
3461,강원도,강릉시,1.0
3463,전라북도,전주시,1.0
3464,경상북도,경주시,1.0
3467,전라북도,장수군,0.5
3467,전라북도,진안군,0.5
3468,강원도,강릉시,1.0
3469,전라남도,담양군,0.5
3469,전라남도,장성군,0.5
3470,경상북도,경주시,1.0
3471,강원도,인제군,1.0
3472,경기도,양평군,1.0
3473,강원도,강릉시,1.0
3474,충청남도,보령시,1.0
3475,강원도,속초시,1.0
3476,경상남도,거제시,1.0
3477,강원도,강릉시,1.0
3478,경상남도,남해군,1.0
3479,전라북도,부안군,1.0
3480,전라북도,군산시,1.0
3483,강원도,속초시,1.0
3485,강원도,정선군,0.5
3485,강원도,태백시,0.5
3486,충청북도,괴산군,0.3333333333333333
3486,충청북도,제천시,0.3333333333333333
3486,충청북도,충주시(구 청원군 포함),0.3333333333333333
3488,전라북도,군산시,1.0
3489,강원도,춘천시,1.0
3494,제주도,구좌읍,1.0
3496,전라남도,여수시,1.0
3498,강원도,강릉시,0.25
3498,강원도,고성군,0.25
3498,강원도,동해시,0.25
3498,강원도,속초시,0.25
3500,경기도,화성시,1.0
3501,제주도,남원읍,1.0
3502,충청남도,예산군,1.0
3504,제주도,서귀포시(시내동),0.5
3504,제주도,제주시(시내동),0.5
3505,강원도,영월군,1.0
3508,충청남도,논산시,1.0
3509,전라남도,목포시,0.5
3509,전라남도,순천시,0.5
3510,강원도,강릉시,1.0
3511,강원도,강릉시,1.0
3513,강원도,고성군,1.0
3514,경상북도,의성군,0.5
3514,경상북도,청도군,0.5
3516,충청남도,예산군,1.0
3517,강원도,속초시,1.0
3518,경기도,가평군,0.5
3518,경기도,포천시,0.5
3519,경기도,양평군,1.0
3520,충청북도,괴산군,1.0
3521,경상남도,남해군,1.0
3522,충청북도,충주시(구 청원군 포함),1.0
3523,강원도,양양군,1.0
3525,강원도,강릉시,1.0
3526,충청남도,예산군,1.0
3527,강원도,속초시,1.0
3529,제주도,애월읍,0.5
3529,제주도,한경면,0.5
3530,경기도,고양시,1.0
3534,충청북도,충주시(구 청원군 포함),1.0
3535,경기도,고양시,0.25
3535,경기도,구리시,0.25
3535,경기도,성남시,0.25
3535,경기도,양주시,0.25
3536,전라북도,남원시,1.0
3538,경상남도,통영시,1.0
3539,경상남도,남해군,1.0
3542,전라남도,목포시,0.25
3542,전라남도,신안군,0.25
3542,전라남도,진도군,0.25
3542,전라남도,해남군,0.25
3543,경기도,가평군,1.0
3544,강원도,속초시,1.0
3546,전라북도,부안군,1.0
3547,전라북도,무주군,1.0
3549,강원도,삼척시,1.0
3550,제주도,애월읍,1.0
3551,경기도,이천시,1.0
3552,강원도,강릉시,0.5
3552,강원도,동해시,0.5
3553,강원도,속초시,1.0
3554,강원도,정선군,1.0
3556,충청남도,태안군,1.0
3557,충청북도,괴산군,1.0
3558,경기도,수원시,1.0
3559,강원도,양양군,1.0
3561,경상북도,청송군,1.0
3562,전라남도,여수시,1.0
3563,강원도,강릉시,1.0
3565,경상북도,경주시,1.0
3566,제주도,구좌읍,0.5
3566,제주도,애월읍,0.5
3567,제주도,안덕면,0.5
3567,제주도,애월읍,0.5
3568,강원도,강릉시,1.0
3571,제주도,서귀포시(시내동),1.0
3572,충청남도,보령시,1.0
3574,전라북도,남원시,1.0
3575,강원도,속초시,0.5
3575,강원도,양양군,0.5
3576,강원도,강릉시,1.0
3577,강원도,양양군,1.0
3579,경상북도,울진군,1.0
3580,전라남도,광양시,1.0
3581,전라북도,군산시,1.0
3582,전라남도,여수시,1.0
3583,충청남도,공주시,0.3333333333333333
3583,충청남도,논산시,0.3333333333333333
3583,충청남도,부여군,0.3333333333333333
3584,충청북도,진천군,1.0
3585,전라남도,화순군,1.0
3586,경상남도,밀양시,0.16666666666666666
3586,경상남도,양산시,0.16666666666666666
3586,경상남도,창원시,0.16666666666666666
3586,경상남도,통영시,0.16666666666666666
3586,경상남도,하동군,0.16666666666666666
3586,경상남도,합천군,0.16666666666666666
3588,전라북도,익산시,1.0
3589,강원도,철원군,1.0
3590,전라북도,무주군,1.0
3591,강원도,동해시,1.0
3592,충청북도,충주시(구 청원군 포함),1.0
3593,강원도,속초시,1.0
3594,충청남도,세종특별자치시,1.0
3596,전라북도,전주시,1.0
3597,경상북도,문경시,1.0
3598,강원도,양양군,1.0
3599,강원도,고성군,1.0
3600,강원도,춘천시,1.0
3602,경상북도,경주시,0.5
3602,경상북도,포항시,0.5
3603,강원도,강릉시,1.0
3605,제주도,애월읍,0.5
3605,제주도,한경면,0.5
3606,경기도,광명시,1.0
3608,충청북도,단양군,1.0
3610,경상북도,경주시,1.0
3611,경상북도,경주시,1.0
3612,전라남도,여수시,1.0
3613,경상북도,울진군,1.0
3615,강원도,원주시,1.0
3617,경상남도,남해군,0.5
3617,경상남도,하동군,0.5
3618,충청북도,단양군,0.5
3618,충청북도,보은군,0.5
3621,강원도,평창군,1.0
3622,충청남도,태안군,1.0
3624,경상남도,거제시,1.0
3625,경상북도,경주시,1.0
3627,경상남도,거제시,0.5
3627,경상남도,통영시,0.5
3628,경상북도,안동시,1.0
3629,경상북도,경주시,1.0
3631,제주도,서귀포시(시내동),0.5
3631,제주도,성산읍,0.5
3632,전라남도,고흥군,1.0
3634,경기도,화성시,1.0
3635,강원도,평창군,1.0
3638,강원도,강릉시,1.0
3641,전라북도,전주시,1.0
3644,강원도,삼척시,0.5
3644,강원도,평창군,0.5
3645,경상북도,칠곡군,1.0
3647,경상남도,거창군,1.0
3649,경기도,고양시,1.0
3650,제주도,애월읍,1.0
3651,강원도,춘천시,1.0
3654,충청남도,보령시,1.0
3656,경상북도,안동시,1.0
3658,제주도,구좌읍,0.2
3658,제주도,남원읍,0.2
3658,제주도,성산읍,0.2
3658,제주도,애월읍,0.2
3658,제주도,표선면,0.2
3659,충청남도,천안시,1.0
3660,경상북도,경주시,1.0
3662,경기도,양평군,1.0
3663,경상북도,경주시,1.0
3664,경기도,수원시,1.0
3665,충청남도,서산시,1.0
3666,경기도,평택시,1.0
3667,전라북도,김제시,0.25
3667,전라북도,완주군,0.25
3667,전라북도,익산시,0.25
3667,전라북도,전주시,0.25
3668,충청남도,공주시,0.5
3668,충청남도,천안시,0.5
3670,강원도,속초시,1.0
3671,충청남도,태안군,1.0
3672,강원도,강릉시,1.0
3673,경기도,여주시,1.0
3675,경상북도,성주군,1.0
3676,강원도,양양군,1.0
3677,전라북도,군산시,1.0
3678,경상남도,고성군,0.25
3678,경상남도,산청군,0.25
3678,경상남도,의령군,0.25
3678,경상남도,함안군,0.25
3679,경상남도,하동군,1.0
3680,경상북도,문경시,1.0
3681,강원도,강릉시,1.0
3682,경상북도,안동시,1.0
3684,경기도,수원시,1.0
3685,전라남도,화순군,1.0
3686,제주도,남원읍,1.0
3687,강원도,강릉시,1.0
3688,경기도,이천시,1.0
3689,경상남도,밀양시,0.5
3689,경상남도,창원시,0.5
3690,충청남도,예산군,0.5
3690,충청남도,태안군,0.5
3693,강원도,강릉시,0.5
3693,강원도,속초시,0.5
3694,경기도,가평군,0.5
3694,경기도,연천군,0.5
3695,강원도,양양군,0.5
3695,강원도,평창군,0.5
3696,충청북도,충주시(구 청원군 포함),1.0
3697,강원도,화천군,1.0
3698,제주도,서귀포시(시내동),0.3333333333333333
3698,제주도,성산읍,0.3333333333333333
3698,제주도,제주시(시내동),0.3333333333333333
3699,강원도,횡성군,1.0
3700,강원도,속초시,1.0
3701,경기도,가평군,1.0
3702,경상북도,포항시,1.0
3703,강원도,평창군,1.0
3704,제주도,서귀포시(시내동),1.0
3705,강원도,동해시,1.0
3706,제주도,남원읍,0.14285714285714285
3706,제주도,서귀포시(시내동),0.14285714285714285
3706,제주도,성산읍,0.14285714285714285
3706,제주도,안덕면,0.14285714285714285
3706,제주도,우도면,0.14285714285714285
3706,제주도,표선면,0.14285714285714285
3706,제주도,한림읍,0.14285714285714285
3708,경상북도,울진군,1.0
3709,전라남도,여수시,1.0
3710,강원도,동해시,1.0
3711,전라남도,여수시,1.0
3712,전라남도,고흥군,1.0
3716,경상남도,하동군,1.0
3718,전라남도,여수시,1.0
3720,강원도,양양군,1.0
3722,전라남도,여수시,1.0
3723,강원도,속초시,1.0
3724,충청북도,보은군,1.0
3726,강원도,강릉시,0.5
3726,강원도,고성군,0.5
3727,경상남도,통영시,1.0
3729,전라남도,여수시,1.0
3730,경상북도,영덕군,1.0
3733,강원도,속초시,1.0
3735,강원도,고성군,1.0
3736,강원도,평창군,1.0
3737,경상남도,거제시,1.0
3738,전라남도,목포시,1.0
3739,강원도,강릉시,1.0
3740,경기도,양평군,1.0
3742,경기도,평택시,1.0
3743,경기도,광주시,1.0
3744,제주도,서귀포시(시내동),0.2
3744,제주도,제주시(시내동),0.2
3744,제주도,조천읍,0.2
3744,제주도,추자면,0.2
3744,제주도,한림읍,0.2
3746,강원도,강릉시,1.0
3748,경상남도,밀양시,1.0
3749,강원도,속초시,1.0
3750,경기도,가평군,1.0
3751,강원도,고성군,1.0
3754,강원도,동해시,1.0
3755,충청북도,보은군,0.5
3755,충청북도,옥천군,0.5
3758,강원도,강릉시,0.5
3758,강원도,양양군,0.5
3759,충청남도,공주시,0.5
3759,충청남도,천안시,0.5
3760,경기도,양평군,1.0
3761,전라남도,구례군,1.0
3762,전라남도,진도군,1.0
3763,충청북도,단양군,1.0
3764,제주도,구좌읍,0.3333333333333333
3764,제주도,서귀포시(시내동),0.3333333333333333
3764,제주도,조천읍,0.3333333333333333
3766,전라북도,진안군,1.0
3767,경상북도,영주시,1.0
3768,충청북도,음성군,1.0
3769,강원도,강릉시,1.0
3771,강원도,동해시,1.0
3773,경기도,안산시,1.0
3774,경상남도,창원시,1.0
3775,경상북도,포항시,1.0
3776,강원도,속초시,1.0
3777,강원도,속초시,1.0
3778,경상북도,영천시,1.0
3779,충청북도,청주시,1.0
3780,전라남도,나주시,1.0
3782,경기도,고양시,1.0
3783,경상북도,울릉군,1.0
3786,강원도,횡성군,1.0
3787,경기도,파주시,1.0
3788,강원도,평창군,1.0
3789,경상남도,남해군,1.0
3790,충청북도,제천시,1.0
3791,충청남도,부여군,1.0
3793,강원도,원주시,1.0
3794,경상남도,거제시,0.25
3794,경상남도,밀양시,0.25
3794,경상남도,사천시,0.25
3794,경상남도,창원시,0.25
3796,충청북도,단양군,1.0
3800,전라남도,광양시,1.0
3801,경기도,동두천시,1.0
3802,경상북도,울진군,1.0
3803,경기도,양평군,1.0
3804,경상북도,경주시,1.0
3805,전라북도,무주군,1.0
3806,경상남도,거제시,1.0
3807,전라북도,남원시,0.5
3807,전라북도,전주시,0.5
3808,강원도,강릉시,1.0
3809,전라남도,여수시,1.0
3811,강원도,영월군,1.0
3812,강원도,강릉시,0.5
3812,강원도,속초시,0.5
3813,경상북도,김천시,1.0
3816,강원도,양양군,1.0
3817,경기도,용인시,1.0
3818,제주도,제주시(시내동),1.0
3820,전라남도,순천시,1.0
3821,경상북도,안동시,1.0
3822,강원도,철원군,1.0
3823,강원도,강릉시,1.0
3824,강원도,속초시,1.0
3825,경상북도,김천시,1.0
3826,강원도,강릉시,0.5
3826,강원도,속초시,0.5
3827,경상남도,거제시,1.0
3828,강원도,강릉시,1.0
3829,충청남도,천안시,1.0
3830,강원도,삼척시,1.0
3833,충청남도,보령시,1.0
3834,전라북도,부안군,1.0
3835,경기도,양평군,1.0
3839,경상남도,밀양시,1.0
3841,경상북도,경주시,1.0
3842,경상북도,경주시,1.0
3843,강원도,강릉시,1.0
3844,강원도,강릉시,0.5
3844,강원도,고성군,0.5
3845,충청남도,태안군,1.0
3846,경기도,화성시,1.0
3847,전라남도,고흥군,1.0
3848,전라북도,진안군,1.0
3849,충청남도,부여군,1.0
3850,강원도,강릉시,1.0
3851,충청남도,태안군,1.0
3854,충청북도,괴산군,1.0
3855,강원도,강릉시,0.5
3855,강원도,원주시,0.5
3856,경기도,의왕시,0.5
3856,경기도,이천시,0.5
3857,강원도,삼척시,1.0
3860,경상북도,봉화군,1.0
3862,전라남도,나주시,1.0
3863,전라남도,진도군,1.0
3864,강원도,속초시,1.0
3865,전라남도,여수시,1.0
3867,제주도,서귀포시(시내동),0.3333333333333333
3867,제주도,애월읍,0.3333333333333333
3867,제주도,한림읍,0.3333333333333333
3868,전라남도,목포시,1.0
3869,전라남도,순천시,0.5
3869,전라남도,여수시,0.5
3870,경상북도,청송군,1.0
3871,경상북도,청도군,1.0
3872,경상북도,포항시,1.0
3876,경기도,가평군,1.0
3877,강원도,강릉시,1.0
3878,경상북도,경주시,1.0
3879,강원도,고성군,1.0
3882,제주도,성산읍,0.25
3882,제주도,애월읍,0.25
3882,제주도,우도면,0.25
3882,제주도,제주시(시내동),0.25
3883,전라남도,신안군,0.5
3883,전라남도,장흥군,0.5
3884,충청남도,금산군,1.0
3885,강원도,동해시,1.0
3886,제주도,구좌읍,0.2
3886,제주도,안덕면,0.2
3886,제주도,애월읍,0.2
3886,제주도,제주시(시내동),0.2
3886,제주도,조천읍,0.2
3888,경상북도,포항시,1.0
3891,제주도,대정읍,1.0
3892,전라북도,전주시,1.0
3894,경상북도,문경시,0.5
3894,경상북도,안동시,0.5
3895,충청남도,아산시,1.0
3896,충청북도,단양군,1.0
3898,경상남도,남해군,1.0
3899,강원도,태백시,0.5
3899,강원도,횡성군,0.5
3900,경상남도,남해군,1.0
3901,전라남도,순천시,0.5
3901,전라남도,여수시,0.5
3902,전라북도,김제시,0.5
3902,전라북도,부안군,0.5
3904,강원도,고성군,1.0
3906,강원도,강릉시,0.25
3906,강원도,속초시,0.25
3906,강원도,양양군,0.25
3906,강원도,춘천시,0.25
3907,경상북도,경주시,1.0
3909,경상북도,봉화군,1.0
3910,경상북도,영양군,1.0
3911,제주도,대정읍,0.3333333333333333
3911,제주도,서귀포시(시내동),0.3333333333333333
3911,제주도,제주시(시내동),0.3333333333333333
3912,제주도,서귀포시(시내동),0.5
3912,제주도,조천읍,0.5
3913,경상북도,포항시,1.0
3914,경기도,수원시,1.0
3915,강원도,춘천시,1.0
3917,경상북도,김천시,1.0
3919,충청남도,당진시,1.0
3920,경기도,김포시,1.0
3921,강원도,속초시,1.0
3922,경상북도,포항시,1.0
3923,전라남도,장성군,1.0
3924,경상북도,문경시,1.0
3925,강원도,강릉시,1.0
3926,강원도,강릉시,0.16666666666666666
3926,강원도,동해시,0.16666666666666666
3926,강원도,삼척시,0.16666666666666666
3926,강원도,속초시,0.16666666666666666
3926,강원도,정선군,0.16666666666666666
3926,강원도,태백시,0.16666666666666666
3929,경기도,광명시,1.0
3932,강원도,속초시,1.0
3934,제주도,성산읍,0.5
3934,제주도,제주시(시내동),0.5
3935,강원도,속초시,1.0
3936,경상남도,김해시,1.0
3938,경상북도,경주시,1.0
3939,강원도,속초시,1.0
3940,경상남도,함양군,1.0
3941,경기도,양평군,1.0
3943,충청북도,단양군,1.0
3944,제주도,서귀포시(시내동),1.0
3946,경상북도,구미시,0.3333333333333333
3946,경상북도,상주시,0.3333333333333333
3946,경상북도,울진군,0.3333333333333333
3947,경상북도,청도군,1.0
3948,제주도,구좌읍,0.2
3948,제주도,서귀포시(시내동),0.2
3948,제주도,성산읍,0.2
3948,제주도,애월읍,0.2
3948,제주도,제주시(시내동),0.2
3950,전라남도,여수시,1.0
3951,경기도,용인시,1.0
3952,경기도,화성시,1.0
3954,경기도,포천시,1.0
3955,경상북도,고령군,1.0
3959,경상남도,거제시,1.0
3961,경상남도,함양군,1.0
3962,전라남도,순천시,1.0
3963,경상남도,거제시,1.0
3964,경상북도,문경시,0.5
3964,경상북도,상주시,0.5
3966,경상북도,경주시,1.0
3967,경기도,화성시,1.0
3968,경상북도,경주시,1.0
3970,경기도,화성시,1.0
3972,강원도,강릉시,1.0
3973,제주도,구좌읍,0.08333333333333333
3973,제주도,남원읍,0.08333333333333333
3973,제주도,대정읍,0.08333333333333333
3973,제주도,서귀포시(시내동),0.08333333333333333
3973,제주도,성산읍,0.08333333333333333
3973,제주도,안덕면,0.08333333333333333
3973,제주도,애월읍,0.08333333333333333
3973,제주도,제주시(시내동),0.08333333333333333
3973,제주도,조천읍,0.08333333333333333
3973,제주도,표선면,0.08333333333333333
3973,제주도,한경면,0.08333333333333333
3973,제주도,한림읍,0.08333333333333333
3975,경상남도,남해군,1.0
3976,경상북도,경주시,0.5
3976,경상북도,영덕군,0.5
3977,전라남도,순천시,1.0
3978,경상남도,사천시,1.0
3979,경기도,평택시,1.0
3980,충청북도,증평군,1.0
3983,강원도,강릉시,1.0
3986,전라남도,여수시,1.0
3987,강원도,양구군,1.0
3988,강원도,강릉시,1.0
3989,경기도,안산시,1.0
3991,강원도,태백시,1.0
3992,경상남도,거제시,1.0
3994,충청북도,제천시,1.0
3999,전라북도,정읍시,1.0
4002,경기도,포천시,1.0
4003,전라남도,광양시,0.5
4003,전라남도,여수시,0.5
4004,강원도,강릉시,1.0
4005,전라남도,완도군,0.3333333333333333
4005,전라남도,함평군,0.3333333333333333
4005,전라남도,해남군,0.3333333333333333
4006,전라남도,구례군,1.0
4008,경상남도,남해군,1.0
4010,제주도,서귀포시(시내동),0.3333333333333333
4010,제주도,애월읍,0.3333333333333333
4010,제주도,제주시(시내동),0.3333333333333333
4011,강원도,고성군,0.5
4011,강원도,속초시,0.5
4012,경상북도,안동시,0.5
4012,경상북도,영주시,0.5
4013,충청남도,태안군,1.0
4015,제주도,서귀포시(시내동),1.0
4016,강원도,강릉시,0.5
4016,강원도,속초시,0.5
4017,경기도,수원시,0.5
4017,경기도,안양시,0.5
4019,충청북도,음성군,1.0
4020,강원도,속초시,1.0
4021,전라북도,부안군,1.0
4023,전라북도,전주시,1.0
4024,경상남도,진주시,1.0
4025,충청남도,보령시,1.0
4026,강원도,양양군,0.5
4026,강원도,원주시,0.5
4028,경기도,파주시,1.0
4029,충청남도,당진시,1.0
4031,전라남도,광양시,0.5
4031,전라남도,여수시,0.5
4032,경상남도,거제시,0.5
4032,경상남도,통영시,0.5
4034,경상북도,경주시,1.0
4035,경기도,의정부시,1.0
4036,충청남도,공주시,1.0
4037,전라남도,여수시,1.0
4038,경상북도,포항시,1.0
4039,경상남도,거제시,0.5
4039,경상남도,통영시,0.5
4040,전라북도,전주시,1.0
4044,충청남도,아산시,1.0
4046,강원도,속초시,1.0
4047,경기도,김포시,1.0
4049,전라남도,강진군,0.5
4049,전라남도,순천시,0.5
4050,제주도,한림읍,1.0
4051,경상북도,김천시,0.5
4051,경상북도,청도군,0.5
4052,충청남도,당진시,1.0
4053,충청남도,보령시,1.0
4055,전라북도,부안군,1.0
4057,전라북도,군산시,1.0
4059,전라남도,여수시,1.0
4060,경기도,광주시,1.0
4061,경상남도,사천시,1.0
4062,강원도,태백시,1.0
4063,경기도,용인시,1.0
4064,강원도,속초시,1.0
4065,강원도,강릉시,1.0
4070,강원도,원주시,1.0
4071,경상북도,문경시,1.0
4072,충청남도,태안군,1.0
4074,강원도,강릉시,1.0
4075,강원도,강릉시,0.3333333333333333
4075,강원도,고성군,0.3333333333333333
4075,강원도,속초시,0.3333333333333333
4077,강원도,삼척시,0.5
4077,강원도,속초시,0.5
4079,제주도,서귀포시(시내동),1.0
4080,충청북도,청주시,0.5
4080,충청북도,충주시(구 청원군 포함),0.5
4081,경기도,화성시,1.0
4082,제주도,서귀포시(시내동),0.5
4082,제주도,제주시(시내동),0.5
4083,제주도,제주시(시내동),1.0
4084,충청북도,충주시(구 청원군 포함),1.0
4085,전라북도,김제시,1.0
4086,충청남도,공주시,1.0
4087,경상북도,영덕군,1.0
4088,제주도,성산읍,1.0
4090,전라남도,담양군,0.3333333333333333
4090,전라남도,진도군,0.3333333333333333
4090,전라남도,함평군,0.3333333333333333
4091,경상남도,거제시,0.16666666666666666
4091,경상남도,고성군,0.16666666666666666
4091,경상남도,사천시,0.16666666666666666
4091,경상남도,진주시,0.16666666666666666
4091,경상남도,창원시,0.16666666666666666
4091,경상남도,함양군,0.16666666666666666
4092,경기도,고양시,1.0
4093,경상북도,예천군,1.0
4094,경기도,가평군,0.5
4094,경기도,남양주시,0.5
4095,충청남도,부여군,1.0
4096,전라북도,김제시,1.0
4097,경상남도,거제시,1.0
4099,강원도,삼척시,1.0
4101,경상남도,밀양시,1.0
4102,전라북도,전주시,1.0
4103,강원도,태백시,1.0
4104,강원도,영월군,1.0
4105,전라북도,남원시,1.0
4106,충청남도,공주시,1.0
4107,강원도,속초시,1.0
4108,강원도,동해시,1.0
4109,전라남도,해남군,1.0
4110,강원도,평창군,1.0
4111,강원도,원주시,1.0
4112,강원도,홍천군,1.0
4113,경기도,포천시,1.0
4114,경기도,고양시,1.0
4115,경기도,양평군,1.0
4116,경기도,양평군,1.0
4117,전라북도,정읍시,1.0
4118,경상남도,하동군,1.0
4119,경기도,군포시,1.0
4120,제주도,서귀포시(시내동),1.0
4122,충청남도,아산시,0.5
4122,충청남도,천안시,0.5
4123,경상북도,고령군,1.0
4125,경기도,광주시,1.0
4126,경상북도,경주시,0.5
4126,경상북도,포항시,0.5
4127,충청북도,제천시,1.0
4128,전라북도,전주시,1.0
4130,제주도,성산읍,1.0
4131,충청북도,제천시,1.0
4133,전라북도,무주군,1.0
4134,경상남도,거제시,0.5
4134,경상남도,사천시,0.5
4138,강원도,강릉시,1.0
4139,제주도,구좌읍,0.2
4139,제주도,서귀포시(시내동),0.2
4139,제주도,제주시(시내동),0.2
4139,제주도,조천읍,0.2
4139,제주도,표선면,0.2
4140,제주도,성산읍,1.0
4141,경상남도,양산시,1.0
4142,제주도,구좌읍,0.16666666666666666
4142,제주도,서귀포시(시내동),0.16666666666666666
4142,제주도,성산읍,0.16666666666666666
4142,제주도,애월읍,0.16666666666666666
4142,제주도,우도면,0.16666666666666666
4142,제주도,한림읍,0.16666666666666666
4143,충청북도,괴산군,1.0
4144,경기도,여주시,1.0
4145,충청북도,제천시,1.0
4146,경기도,용인시,1.0
4147,충청남도,세종특별자치시,1.0
4148,강원도,고성군,1.0
4149,경상남도,거제시,0.5
4149,경상남도,창원시,0.5
4150,경기도,가평군,1.0
4151,경상남도,진주시,1.0
4152,제주도,애월읍,1.0
4153,경상남도,함양군,1.0
4154,제주도,서귀포시(시내동),1.0
4155,경기도,화성시,1.0
4156,경상남도,통영시,1.0
4157,전라북도,전주시,1.0
4158,강원도,강릉시,1.0
4160,전라남도,보성군,1.0
4161,충청남도,아산시,1.0
4162,강원도,강릉시,0.25
4162,강원도,속초시,0.25
4162,강원도,정선군,0.25
4162,강원도,평창군,0.25
4164,경기도,광주시,1.0
4165,경기도,파주시,1.0
4166,경상남도,하동군,1.0
4167,충청남도,서산시,1.0
4168,경상북도,의성군,1.0
4170,경기도,안산시,1.0
4171,전라남도,여수시,1.0
4172,경기도,수원시,0.5
4172,경기도,용인시,0.5
4173,강원도,강릉시,1.0
4174,경상남도,통영시,1.0
4176,전라북도,전주시,1.0
4177,충청북도,청주시,1.0
4180,경상북도,경주시,1.0
4181,경기도,고양시,1.0
4182,강원도,강릉시,0.5
4182,강원도,평창군,0.5
4184,제주도,서귀포시(시내동),1.0
4185,충청남도,태안군,1.0
4186,전라북도,군산시,1.0
4187,제주도,서귀포시(시내동),0.5
4187,제주도,제주시(시내동),0.5
4188,제주도,성산읍,1.0
4189,강원도,양양군,1.0
4190,강원도,속초시,1.0
4192,강원도,강릉시,1.0
4193,충청남도,공주시,1.0
4194,강원도,강릉시,1.0
4195,충청남도,공주시,1.0
4196,강원도,속초시,1.0
4197,경상북도,경주시,1.0
4198,전라북도,부안군,1.0
4199,강원도,춘천시,1.0
4201,전라북도,남원시,1.0
4204,강원도,동해시,0.16666666666666666
4204,강원도,삼척시,0.16666666666666666
4204,강원도,속초시,0.16666666666666666
4204,강원도,양구군,0.16666666666666666
4204,강원도,양양군,0.16666666666666666
4204,강원도,평창군,0.16666666666666666
4205,전라북도,군산시,1.0
4208,경기도,양평군,1.0
4210,전라북도,부안군,1.0
4211,경상남도,산청군,1.0
4214,경상남도,고성군,0.2
4214,경상남도,남해군,0.2
4214,경상남도,진주시,0.2
4214,경상남도,창녕군,0.2
4214,경상남도,함양군,0.2
4215,강원도,태백시,1.0
4216,경기도,의정부시,1.0
4218,충청남도,서산시,1.0
4219,전라남도,강진군,0.3333333333333333
4219,전라남도,구례군,0.3333333333333333
4219,전라남도,영암군,0.3333333333333333
4220,강원도,춘천시,1.0
4221,제주도,안덕면,0.3333333333333333
4221,제주도,애월읍,0.3333333333333333
4221,제주도,조천읍,0.3333333333333333
4222,강원도,동해시,1.0
4223,경상남도,의령군,1.0
4224,전라남도,여수시,1.0
4225,경상북도,문경시,1.0
4226,강원도,강릉시,1.0
4229,강원도,평창군,1.0
4230,전라남도,순천시,1.0
4233,경기도,화성시,1.0
4234,제주도,제주시(시내동),1.0
4235,전라남도,무안군,0.5
4235,전라남도,신안군,0.5
4236,경상남도,거제시,1.0
4238,전라북도,군산시,1.0
4239,전라남도,고흥군,1.0
4240,전라북도,군산시,0.5
4240,전라북도,전주시,0.5
4241,경기도,양주시,1.0
4242,충청남도,서산시,1.0
4243,전라북도,전주시,1.0
4245,전라북도,고창군,0.3333333333333333
4245,전라북도,군산시,0.3333333333333333
4245,전라북도,익산시,0.3333333333333333
4246,강원도,속초시,1.0
4247,제주도,구좌읍,0.3333333333333333
4247,제주도,성산읍,0.3333333333333333
4247,제주도,표선면,0.3333333333333333
4248,제주도,성산읍,0.5
4248,제주도,애월읍,0.5
4249,전라남도,목포시,0.25
4249,전라남도,영암군,0.25
4249,전라남도,진도군,0.25
4249,전라남도,해남군,0.25
4251,경기도,가평군,0.3333333333333333
4251,경기도,안산시,0.3333333333333333
4251,경기도,양평군,0.3333333333333333
4252,충청북도,제천시,1.0
4253,전라북도,임실군,1.0
4254,경기도,가평군,1.0
4255,강원도,홍천군,1.0
4258,강원도,고성군,0.5
4258,강원도,속초시,0.5
4259,경상남도,창원시,1.0
4260,강원도,속초시,1.0
4262,경상남도,남해군,1.0
4263,강원도,삼척시,1.0
4264,제주도,서귀포시(시내동),1.0
4266,전라남도,장흥군,1.0
4269,강원도,춘천시,1.0
4272,전라남도,목포시,1.0
4274,경상남도,김해시,1.0
4275,강원도,강릉시,0.5
4275,강원도,속초시,0.5
4276,제주도,대정읍,0.25
4276,제주도,서귀포시(시내동),0.25
4276,제주도,성산읍,0.25
4276,제주도,표선면,0.25
4277,충청북도,제천시,1.0
4282,전라남도,무안군,1.0
4283,강원도,강릉시,1.0
4284,경기도,고양시,1.0
4285,강원도,고성군,0.5
4285,강원도,속초시,0.5
4288,충청북도,충주시(구 청원군 포함),1.0
4290,강원도,강릉시,1.0
4292,경기도,파주시,1.0
4293,경기도,가평군,1.0
4297,강원도,속초시,1.0
4299,전라남도,구례군,0.5
4299,전라남도,순천시,0.5
4300,전라남도,여수시,1.0
4301,충청북도,충주시(구 청원군 포함),1.0
4302,강원도,강릉시,1.0
4303,경기도,화성시,1.0
4304,강원도,강릉시,0.3333333333333333
4304,강원도,속초시,0.3333333333333333
4304,강원도,양양군,0.3333333333333333
4305,경상북도,영주시,1.0
4306,전라북도,익산시,1.0
4307,경상남도,창원시,1.0
4308,전라남도,순천시,1.0
4309,전라남도,여수시,1.0
4310,강원도,평창군,1.0
4311,전라북도,전주시,1.0
4312,강원도,원주시,0.5
4312,강원도,춘천시,0.5
4313,경상남도,거제시,1.0
4314,경기도,파주시,1.0
4316,경기도,수원시,0.5
4316,경기도,용인시,0.5
4317,강원도,철원군,1.0
4318,제주도,남원읍,0.16666666666666666
4318,제주도,서귀포시(시내동),0.16666666666666666
4318,제주도,성산읍,0.16666666666666666
4318,제주도,애월읍,0.16666666666666666
4318,제주도,제주시(시내동),0.16666666666666666
4318,제주도,한림읍,0.16666666666666666
4321,경상북도,경주시,1.0
4323,전라남도,목포시,1.0
4324,전라북도,전주시,1.0
4325,전라남도,여수시,1.0
4327,경상북도,안동시,1.0
4328,강원도,고성군,1.0
4329,제주도,애월읍,1.0
4330,경상북도,구미시,1.0
4333,제주도,남원읍,0.2
4333,제주도,서귀포시(시내동),0.2
4333,제주도,성산읍,0.2
4333,제주도,우도면,0.2
4333,제주도,제주시(시내동),0.2
4334,경기도,가평군,0.5
4334,경기도,파주시,0.5
4335,충청남도,논산시,1.0
4336,충청남도,태안군,1.0
4337,경상북도,경주시,1.0
4339,전라북도,완주군,1.0
4340,경기도,용인시,1.0
4341,전라남도,나주시,1.0
4344,경상북도,경주시,1.0
4345,경상북도,경주시,1.0
4347,전라북도,부안군,1.0
4348,경기도,안산시,1.0
4349,강원도,강릉시,1.0
4350,경상남도,산청군,1.0
4352,경기도,과천시,0.5
4352,경기도,화성시,0.5
4353,전라남도,목포시,1.0
4354,제주도,서귀포시(시내동),1.0
4356,강원도,영월군,1.0
4358,충청북도,제천시,0.5
4358,충청북도,충주시(구 청원군 포함),0.5
4360,전라남도,해남군,1.0
4363,경기도,광명시,0.25
4363,경기도,김포시,0.25
4363,경기도,의왕시,0.25
4363,경기도,하남시,0.25
4364,경상북도,영주시,1.0
4366,강원도,고성군,0.5
4366,강원도,속초시,0.5
4367,경상남도,거제시,1.0
4368,강원도,삼척시,1.0
4370,강원도,속초시,1.0
4372,강원도,속초시,1.0
4374,충청남도,태안군,1.0
4375,경상남도,거창군,1.0
4376,강원도,강릉시,1.0
4377,전라북도,진안군,1.0
4378,경상북도,고령군,1.0
4379,전라남도,구례군,1.0
4380,충청북도,단양군,1.0
4381,전라남도,목포시,1.0
4384,강원도,동해시,1.0
4385,경상북도,경주시,1.0
4386,전라남도,목포시,1.0
4387,충청북도,괴산군,0.3333333333333333
4387,충청북도,단양군,0.3333333333333333
4387,충청북도,청주시,0.3333333333333333
4388,충청북도,제천시,1.0
4389,전라북도,부안군,1.0
4390,강원도,양양군,0.3333333333333333
4390,강원도,평창군,0.3333333333333333
4390,강원도,홍천군,0.3333333333333333
4391,강원도,강릉시,0.5
4391,강원도,원주시,0.5
4393,충청남도,보령시,1.0
4394,강원도,영월군,0.5
4394,강원도,정선군,0.5
4395,제주도,애월읍,1.0
4396,강원도,강릉시,1.0
4397,강원도,평창군,1.0
4398,전라남도,목포시,1.0
4399,전라북도,군산시,1.0
4400,경상북도,경주시,1.0
4401,제주도,서귀포시(시내동),0.16666666666666666
4401,제주도,성산읍,0.16666666666666666
4401,제주도,우도면,0.16666666666666666
4401,제주도,제주시(시내동),0.16666666666666666
4401,제주도,조천읍,0.16666666666666666
4401,제주도,추자면,0.16666666666666666
4402,경상북도,포항시,1.0
4403,충청북도,충주시(구 청원군 포함),1.0
4406,충청북도,옥천군,1.0
4407,경상북도,포항시,1.0
4409,경기도,가평군,1.0
4411,충청북도,단양군,1.0
4412,경상남도,진주시,1.0
4413,경기도,파주시,1.0
4414,경기도,가평군,1.0
4415,전라남도,강진군,1.0
4417,강원도,강릉시,1.0
4418,강원도,강릉시,1.0
4420,경기도,군포시,1.0
4421,경상북도,경주시,1.0
4422,강원도,춘천시,1.0
4423,강원도,양양군,1.0
4425,경상남도,합천군,1.0
4426,충청남도,태안군,1.0
4427,제주도,남원읍,0.14285714285714285
4427,제주도,서귀포시(시내동),0.14285714285714285
4427,제주도,성산읍,0.14285714285714285
4427,제주도,애월읍,0.14285714285714285
4427,제주도,제주시(시내동),0.14285714285714285
4427,제주도,한경면,0.14285714285714285
4427,제주도,한림읍,0.14285714285714285
4428,강원도,정선군,1.0
4430,강원도,인제군,1.0
4431,강원도,강릉시,1.0
4432,제주도,성산읍,0.16666666666666666
4432,제주도,애월읍,0.16666666666666666
4432,제주도,우도면,0.16666666666666666
4432,제주도,조천읍,0.16666666666666666
4432,제주도,표선면,0.16666666666666666
4432,제주도,한림읍,0.16666666666666666
4433,강원도,속초시,1.0
4434,강원도,속초시,0.5
4434,강원도,양양군,0.5
4435,경기도,양평군,1.0
4437,강원도,태백시,1.0
4438,강원도,속초시,1.0
4439,충청북도,청주시,1.0
4440,경상남도,통영시,1.0
4441,경상남도,통영시,1.0
4442,경상북도,청도군,1.0
4443,강원도,강릉시,1.0
4444,경기도,가평군,1.0
4445,충청남도,아산시,1.0
4446,경상남도,의령군,0.5
4446,경상남도,함안군,0.5
4447,제주도,대정읍,1.0
4448,경기도,포천시,1.0
4449,제주도,서귀포시(시내동),1.0
4450,전라북도,부안군,1.0
4451,강원도,강릉시,0.5
4451,강원도,속초시,0.5
4452,경기도,화성시,1.0
4453,충청북도,단양군,1.0
4454,경상남도,김해시,1.0
4456,경기도,포천시,1.0
4458,경기도,동두천시,1.0
4459,제주도,애월읍,0.3333333333333333
4459,제주도,제주시(시내동),0.3333333333333333
4459,제주도,한림읍,0.3333333333333333
4461,강원도,삼척시,0.5
4461,강원도,속초시,0.5
4462,충청남도,태안군,1.0
4463,강원도,춘천시,1.0
4464,제주도,서귀포시(시내동),1.0
4467,충청북도,충주시(구 청원군 포함),1.0
4468,전라북도,군산시,1.0
4469,경상북도,경주시,1.0
4471,충청남도,보령시,1.0
4472,강원도,강릉시,0.5
4472,강원도,속초시,0.5
4473,경상북도,포항시,1.0
4474,충청남도,청양군,1.0
4475,강원도,속초시,1.0
4476,전라남도,여수시,1.0
4477,제주도,대정읍,0.25
4477,제주도,안덕면,0.25
4477,제주도,애월읍,0.25
4477,제주도,한림읍,0.25
4478,전라북도,김제시,1.0
4479,전라남도,여수시,1.0
4481,강원도,속초시,1.0
4482,경상남도,밀양시,1.0
4485,제주도,표선면,1.0
4487,전라남도,나주시,0.25
4487,전라남도,여수시,0.25
4487,전라남도,장흥군,0.25
4487,전라남도,함평군,0.25
4489,충청북도,청주시,1.0
4490,전라북도,전주시,1.0
4491,경상남도,사천시,0.5
4491,경상남도,통영시,0.5
4492,전라남도,고흥군,1.0
4493,제주도,서귀포시(시내동),0.5
4493,제주도,제주시(시내동),0.5
4494,제주도,구좌읍,1.0
4496,전라남도,목포시,1.0
4497,전라북도,남원시,1.0
4499,경기도,가평군,1.0
4500,경기도,안산시,1.0
4501,전라남도,담양군,1.0
4502,강원도,삼척시,1.0
4503,강원도,속초시,1.0
4504,제주도,제주시(시내동),1.0
4505,경기도,고양시,0.1111111111111111
4505,경기도,김포시,0.1111111111111111
4505,경기도,동두천시,0.1111111111111111
4505,경기도,수원시,0.1111111111111111
4505,경기도,안양시,0.1111111111111111
4505,경기도,의정부시,0.1111111111111111
4505,경기도,파주시,0.1111111111111111
4505,경기도,포천시,0.1111111111111111
4505,경기도,화성시,0.1111111111111111
4506,충청남도,태안군,1.0
4508,제주도,서귀포시(시내동),0.3333333333333333
4508,제주도,성산읍,0.3333333333333333
4508,제주도,애월읍,0.3333333333333333
4509,충청남도,아산시,0.5
4509,충청남도,홍성군,0.5
4512,강원도,양구군,1.0
4513,강원도,강릉시,0.3333333333333333
4513,강원도,홍천군,0.3333333333333333
4513,강원도,횡성군,0.3333333333333333
4515,충청남도,천안시,1.0
4516,강원도,속초시,1.0
4517,경상남도,거제시,0.5
4517,경상남도,통영시,0.5
4518,전라남도,신안군,1.0
4521,전라남도,여수시,1.0
4522,강원도,동해시,1.0
4523,경상북도,경주시,1.0
4524,전라남도,곡성군,1.0
4525,강원도,삼척시,0.5
4525,강원도,춘천시,0.5
4526,충청남도,금산군,1.0
4527,경상남도,거창군,1.0
4528,강원도,양양군,0.5
4528,강원도,영월군,0.5
4529,강원도,정선군,1.0
4530,제주도,서귀포시(시내동),0.25
4530,제주도,애월읍,0.25
4530,제주도,제주시(시내동),0.25
4530,제주도,조천읍,0.25
4532,강원도,강릉시,1.0
4533,강원도,철원군,1.0
4534,강원도,속초시,1.0
4535,강원도,속초시,0.5
4535,강원도,춘천시,0.5
4536,경상북도,청도군,1.0
4537,경상북도,문경시,0.25
4537,경상북도,성주군,0.25
4537,경상북도,안동시,0.25
4537,경상북도,영천시,0.25
4539,강원도,강릉시,1.0
4540,경상남도,사천시,0.5
4540,경상남도,통영시,0.5
4541,충청남도,보령시,1.0
4542,경상북도,경주시,1.0
4543,경기도,수원시,1.0
4545,강원도,강릉시,1.0
4546,강원도,평창군,1.0
4547,강원도,홍천군,1.0
4548,강원도,양구군,1.0
4549,경상북도,경주시,1.0
4550,전라북도,익산시,1.0
4553,충청북도,충주시(구 청원군 포함),1.0
4554,전라북도,고창군,1.0
4555,경기도,양평군,1.0
4556,제주도,서귀포시(시내동),0.5
4556,제주도,제주시(시내동),0.5
4557,충청남도,태안군,1.0
4558,전라남도,순천시,1.0
4560,전라남도,여수시,1.0
4561,강원도,평창군,1.0
4562,경상북도,울릉군,1.0
4563,경기도,남양주시,1.0
4564,강원도,강릉시,1.0
4566,전라북도,김제시,0.5
4566,전라북도,전주시,0.5
4567,경기도,양평군,1.0
4571,경상남도,사천시,1.0
4572,제주도,서귀포시(시내동),0.25
4572,제주도,성산읍,0.25
4572,제주도,애월읍,0.25
4572,제주도,제주시(시내동),0.25
4574,강원도,강릉시,1.0
4575,경기도,용인시,1.0
4576,경상남도,남해군,1.0
4578,경상남도,합천군,1.0
4580,전라북도,군산시,0.5
4580,전라북도,부안군,0.5
4581,강원도,평창군,1.0
4582,충청북도,단양군,0.5
4582,충청북도,보은군,0.5
4583,경상남도,진주시,1.0
4585,충청북도,충주시(구 청원군 포함),1.0
4586,강원도,강릉시,0.5
4586,강원도,동해시,0.5
4587,충청남도,홍성군,1.0
4588,강원도,철원군,0.5
4588,강원도,태백시,0.5
4589,경상북도,안동시,1.0
4590,제주도,애월읍,0.5
4590,제주도,조천읍,0.5
4591,강원도,춘천시,1.0
4592,전라남도,담양군,1.0
4593,충청남도,공주시,0.5
4593,충청남도,부여군,0.5
4596,충청북도,충주시(구 청원군 포함),1.0
4597,강원도,고성군,1.0
4598,강원도,속초시,0.5
4598,강원도,양양군,0.5
4599,경기도,연천군,1.0
4600,경기도,양평군,0.5
4600,경기도,연천군,0.5
4602,강원도,평창군,1.0
4603,경상북도,안동시,0.5
4603,경상북도,청송군,0.5
4604,강원도,철원군,1.0
4605,강원도,고성군,1.0
4606,경상남도,통영시,1.0
4607,충청남도,보령시,1.0
4608,충청북도,충주시(구 청원군 포함),1.0
4609,제주도,구좌읍,0.2
4609,제주도,남원읍,0.2
4609,제주도,애월읍,0.2
4609,제주도,제주시(시내동),0.2
4609,제주도,조천읍,0.2
4610,경상남도,진주시,1.0
4611,전라남도,장성군,1.0
4612,강원도,평창군,1.0
4613,경기도,용인시,1.0
4615,강원도,속초시,1.0
4616,제주도,구좌읍,0.14285714285714285
4616,제주도,서귀포시(시내동),0.14285714285714285
4616,제주도,성산읍,0.14285714285714285
4616,제주도,안덕면,0.14285714285714285
4616,제주도,애월읍,0.14285714285714285
4616,제주도,제주시(시내동),0.14285714285714285
4616,제주도,한경면,0.14285714285714285
4617,전라북도,익산시,1.0
4618,경상북도,경주시,1.0
4619,경상남도,거제시,1.0
4620,전라남도,강진군,1.0
4621,강원도,춘천시,1.0
4622,경기도,연천군,0.5
4622,경기도,파주시,0.5
4623,경기도,가평군,1.0
4624,충청북도,청주시,1.0
4625,강원도,강릉시,1.0
4626,강원도,강릉시,1.0
4627,전라남도,구례군,1.0
4628,강원도,삼척시,1.0
4629,충청남도,보령시,1.0
4631,경상북도,경주시,1.0
4634,경상북도,문경시,1.0
4638,제주도,남원읍,0.25
4638,제주도,서귀포시(시내동),0.25
4638,제주도,성산읍,0.25
4638,제주도,표선면,0.25
4639,경상남도,진주시,1.0
4640,제주도,애월읍,0.5
4640,제주도,제주시(시내동),0.5
4641,강원도,강릉시,1.0
4642,경기도,이천시,1.0
4643,충청북도,단양군,1.0
4644,경기도,가평군,1.0
4645,강원도,속초시,1.0
4646,경상남도,김해시,1.0
4648,경기도,김포시,1.0
4649,제주도,애월읍,1.0
4650,경기도,여주시,1.0
4651,제주도,서귀포시(시내동),1.0
4652,전라북도,정읍시,1.0
4653,전라북도,군산시,0.5
4653,전라북도,전주시,0.5
4654,강원도,강릉시,0.3333333333333333
4654,강원도,삼척시,0.3333333333333333
4654,강원도,춘천시,0.3333333333333333
4656,충청남도,천안시,1.0
4658,경기도,양평군,1.0
4660,충청남도,보령시,1.0
4661,전라북도,군산시,1.0
4662,충청북도,청주시,1.0
4663,제주도,성산읍,1.0
4664,전라남도,목포시,0.5
4664,전라남도,여수시,0.5
4666,강원도,강릉시,1.0
4667,제주도,서귀포시(시내동),1.0
4668,강원도,춘천시,1.0
4669,제주도,구좌읍,0.1111111111111111
4669,제주도,남원읍,0.1111111111111111
4669,제주도,서귀포시(시내동),0.1111111111111111
4669,제주도,애월읍,0.1111111111111111
4669,제주도,우도면,0.1111111111111111
4669,제주도,제주시(시내동),0.1111111111111111
4669,제주도,조천읍,0.1111111111111111
4669,제주도,한경면,0.1111111111111111
4669,제주도,한림읍,0.1111111111111111
4670,전라북도,군산시,1.0
4672,제주도,서귀포시(시내동),0.3333333333333333
4672,제주도,성산읍,0.3333333333333333
4672,제주도,애월읍,0.3333333333333333
4673,강원도,양양군,1.0
4674,경상남도,합천군,1.0
4676,경기도,시흥시,1.0
4677,전라남도,순천시,1.0
4678,강원도,정선군,1.0
4680,강원도,삼척시,1.0
4681,강원도,속초시,1.0
4682,충청북도,청주시,1.0
4683,강원도,삼척시,1.0
4684,강원도,강릉시,1.0
4685,강원도,속초시,1.0
4686,강원도,강릉시,1.0
4688,경기도,포천시,1.0
4689,충청북도,충주시(구 청원군 포함),1.0
4690,전라북도,부안군,1.0
4691,경상남도,김해시,1.0
4692,충청북도,충주시(구 청원군 포함),1.0
4693,제주도,서귀포시(시내동),0.5
4693,제주도,제주시(시내동),0.5
4694,강원도,강릉시,1.0
4695,제주도,표선면,1.0
4696,전라남도,나주시,1.0
4697,충청북도,괴산군,1.0
4699,경상북도,포항시,1.0
4700,전라남도,고흥군,1.0
4701,충청북도,제천시,1.0
4702,경기도,화성시,1.0
4703,전라북도,임실군,1.0
4705,강원도,원주시,1.0
4706,제주도,제주시(시내동),1.0
4709,강원도,횡성군,1.0
4710,경기도,포천시,1.0
4711,전라남도,여수시,1.0
4712,강원도,속초시,1.0
4713,경상남도,남해군,1.0
4714,전라북도,남원시,1.0
4717,경상남도,진주시,1.0
4718,경기도,안성시,1.0
4719,전라남도,담양군,1.0
4720,강원도,철원군,1.0
4722,경기도,동두천시,1.0
4723,강원도,횡성군,1.0
4725,전라남도,여수시,1.0
4726,강원도,강릉시,0.3333333333333333
4726,강원도,속초시,0.3333333333333333
4726,강원도,춘천시,0.3333333333333333
4729,전라북도,정읍시,1.0
4730,전라남도,여수시,1.0
4731,전라남도,목포시,1.0
4732,전라남도,여수시,1.0
4733,충청남도,보령시,1.0
4734,경기도,가평군,1.0
4735,경기도,가평군,0.5
4735,경기도,이천시,0.5
4736,강원도,양양군,1.0
4737,강원도,원주시,1.0
4741,경상북도,안동시,1.0
4743,충청북도,단양군,0.5
4743,충청북도,옥천군,0.5
4745,제주도,애월읍,0.5
4745,제주도,한림읍,0.5
4746,경기도,연천군,1.0
4747,제주도,서귀포시(시내동),1.0
4748,전라남도,여수시,1.0
4749,경상북도,울릉군,1.0
4753,경상북도,경주시,1.0
4758,전라북도,임실군,0.5
4758,전라북도,전주시,0.5
4759,경상북도,영덕군,1.0
4762,강원도,속초시,1.0
4763,전라북도,무주군,0.5
4763,전라북도,완주군,0.5
4765,전라남도,여수시,1.0
4766,경기도,화성시,1.0
4769,경상북도,영덕군,1.0
4770,강원도,속초시,1.0
4772,경기도,화성시,1.0
4773,경상북도,포항시,1.0
4775,강원도,속초시,1.0
4776,강원도,속초시,1.0
4777,강원도,속초시,1.0
4778,강원도,속초시,1.0
4779,경상북도,영덕군,1.0
4784,경상북도,청송군,1.0
4785,충청남도,서산시,1.0
4786,강원도,횡성군,1.0
4788,충청북도,청주시,1.0
4789,경기도,이천시,1.0
4794,강원도,강릉시,0.3333333333333333
4794,강원도,동해시,0.3333333333333333
4794,강원도,속초시,0.3333333333333333
4795,강원도,춘천시,1.0
4796,강원도,강릉시,1.0
4797,경상북도,봉화군,0.5
4797,경상북도,안동시,0.5
4799,강원도,동해시,1.0
4801,충청남도,예산군,1.0
4802,전라남도,장흥군,1.0
4805,경상북도,포항시,1.0
4807,제주도,남원읍,0.2
4807,제주도,서귀포시(시내동),0.2
4807,제주도,성산읍,0.2
4807,제주도,제주시(시내동),0.2
4807,제주도,표선면,0.2
4808,강원도,강릉시,1.0
4809,강원도,평창군,1.0
4810,경기도,가평군,1.0
4811,강원도,삼척시,0.5
4811,강원도,속초시,0.5
4812,강원도,강릉시,1.0
4813,충청북도,청주시,1.0
4814,전라북도,무주군,1.0
4815,경기도,수원시,1.0
4816,제주도,서귀포시(시내동),1.0
4817,전라남도,담양군,1.0
4818,강원도,평창군,1.0
4819,경상남도,합천군,1.0
4820,강원도,고성군,0.5
4820,강원도,속초시,0.5
4822,강원도,강릉시,1.0
4823,강원도,강릉시,0.25
4823,강원도,동해시,0.25
4823,강원도,춘천시,0.25
4823,강원도,평창군,0.25
4824,경기도,안산시,1.0
4825,강원도,강릉시,1.0
4826,경상남도,사천시,1.0
4829,경기도,가평군,0.5
4829,경기도,남양주시,0.5
4830,경상북도,영덕군,1.0
4831,전라남도,담양군,0.5
4831,전라남도,순천시,0.5
4832,강원도,고성군,1.0
4833,제주도,서귀포시(시내동),0.5
4833,제주도,제주시(시내동),0.5
4834,충청남도,공주시,1.0
4836,경상남도,남해군,1.0
4838,경기도,가평군,1.0
4839,충청남도,예산군,1.0
4840,경상남도,창녕군,1.0
4842,강원도,강릉시,1.0
4843,제주도,안덕면,1.0
4844,경상남도,거제시,1.0
4845,전라남도,여수시,1.0
4847,전라남도,완도군,1.0
4848,강원도,속초시,1.0
4849,경상북도,안동시,1.0
4850,제주도,남원읍,0.25
4850,제주도,성산읍,0.25
4850,제주도,제주시(시내동),0.25
4850,제주도,표선면,0.25
4852,제주도,서귀포시(시내동),1.0
4853,경기도,김포시,1.0
4861,경상북도,상주시,1.0
4862,강원도,강릉시,0.2
4862,강원도,속초시,0.2
4862,강원도,양양군,0.2
4862,강원도,인제군,0.2
4862,강원도,평창군,0.2
4864,강원도,홍천군,1.0
4865,강원도,춘천시,1.0
4866,경기도,수원시,0.5
4866,경기도,하남시,0.5
4867,강원도,속초시,1.0
4868,경상남도,창원시,1.0
4869,전라남도,여수시,1.0
4870,강원도,고성군,1.0
4872,강원도,홍천군,1.0
4873,충청남도,세종특별자치시,1.0
4874,제주도,서귀포시(시내동),0.3333333333333333
4874,제주도,애월읍,0.3333333333333333
4874,제주도,제주시(시내동),0.3333333333333333
4877,강원도,속초시,0.5
4877,강원도,양양군,0.5
4878,경상북도,안동시,1.0
4879,제주도,안덕면,0.25
4879,제주도,제주시(시내동),0.25
4879,제주도,조천읍,0.25
4879,제주도,표선면,0.25
4882,강원도,양양군,1.0
4883,강원도,삼척시,1.0
4884,경기도,수원시,1.0
4885,전라북도,임실군,1.0
4886,전라남도,목포시,1.0
4887,전라남도,목포시,0.5
4887,전라남도,해남군,0.5
4888,전라북도,전주시,1.0
4889,경상북도,포항시,1.0
4891,충청북도,청주시,1.0
4893,경기도,연천군,1.0
4895,경기도,이천시,1.0
4897,강원도,속초시,0.5
4897,강원도,원주시,0.5
4898,경기도,가평군,0.5
4898,경기도,성남시,0.5
4900,전라남도,여수시,1.0
4901,경상북도,청송군,1.0
4903,제주도,구좌읍,0.07692307692307693
4903,제주도,남원읍,0.07692307692307693
4903,제주도,대정읍,0.07692307692307693
4903,제주도,서귀포시(시내동),0.07692307692307693
4903,제주도,성산읍,0.07692307692307693
4903,제주도,안덕면,0.07692307692307693
4903,제주도,애월읍,0.07692307692307693
4903,제주도,우도면,0.07692307692307693
4903,제주도,제주시(시내동),0.07692307692307693
4903,제주도,조천읍,0.07692307692307693
4903,제주도,표선면,0.07692307692307693
4903,제주도,한경면,0.07692307692307693
4903,제주도,한림읍,0.07692307692307693
4904,전라북도,순창군,1.0
4905,강원도,강릉시,1.0
4907,전라남도,순천시,1.0
4908,경기도,가평군,0.25
4908,경기도,연천군,0.25
4908,경기도,의정부시,0.25
4908,경기도,화성시,0.25
4909,충청남도,보령시,1.0
4910,강원도,동해시,1.0
4914,강원도,고성군,1.0
4915,경기도,고양시,1.0
4916,경상북도,김천시,1.0
4917,강원도,춘천시,1.0
4919,충청남도,보령시,1.0
4920,제주도,서귀포시(시내동),1.0
4921,제주도,남원읍,0.14285714285714285
4921,제주도,서귀포시(시내동),0.14285714285714285
4921,제주도,성산읍,0.14285714285714285
4921,제주도,애월읍,0.14285714285714285
4921,제주도,우도면,0.14285714285714285
4921,제주도,제주시(시내동),0.14285714285714285
4921,제주도,한경면,0.14285714285714285
4924,경기도,가평군,1.0
4926,경기도,고양시,1.0
4928,강원도,강릉시,1.0
4929,전라남도,여수시,1.0
4931,강원도,속초시,1.0
4933,강원도,강릉시,0.5
4933,강원도,속초시,0.5
4935,강원도,강릉시,0.3333333333333333
4935,강원도,고성군,0.3333333333333333
4935,강원도,동해시,0.3333333333333333
4937,경상북도,경주시,0.5
4937,경상북도,봉화군,0.5
4938,전라남도,여수시,1.0
4939,경상북도,칠곡군,1.0
4940,충청남도,논산시,1.0
4941,강원도,삼척시,1.0
4942,강원도,강릉시,1.0
4945,경기도,가평군,1.0
4947,강원도,홍천군,1.0
4949,강원도,속초시,1.0
4951,강원도,속초시,1.0
4952,경상남도,남해군,1.0
4953,강원도,원주시,1.0
4954,충청북도,충주시(구 청원군 포함),1.0
4955,경기도,양평군,1.0
4957,강원도,속초시,1.0
4959,충청북도,제천시,1.0
4960,강원도,철원군,1.0
4961,전라북도,군산시,1.0
4962,경상북도,경산시,0.5
4962,경상북도,경주시,0.5
4963,전라북도,순창군,1.0
4964,제주도,구좌읍,0.3333333333333333
4964,제주도,남원읍,0.3333333333333333
4964,제주도,한림읍,0.3333333333333333
4965,경상북도,영주시,1.0
4966,강원도,동해시,1.0
4967,충청북도,청주시,1.0
4968,경상남도,남해군,1.0
4969,전라북도,부안군,1.0
4970,전라북도,전주시,1.0
4971,강원도,속초시,1.0
4972,강원도,강릉시,1.0
4973,충청남도,금산군,0.5
4973,충청남도,예산군,0.5
4974,강원도,춘천시,1.0
4975,강원도,양구군,1.0
4976,강원도,강릉시,0.5
4976,강원도,속초시,0.5
4978,경상남도,하동군,1.0
4979,강원도,평창군,1.0
4980,경상남도,창녕군,1.0
4981,전라남도,광양시,0.5
4981,전라남도,순천시,0.5
4982,충청남도,태안군,1.0
4986,충청북도,청주시,1.0
4987,경기도,성남시,1.0
4988,충청북도,단양군,0.5
4988,충청북도,청주시,0.5
4989,제주도,구좌읍,0.2
4989,제주도,서귀포시(시내동),0.2
4989,제주도,애월읍,0.2
4989,제주도,제주시(시내동),0.2
4989,제주도,조천읍,0.2
4990,경기도,안산시,1.0
4991,강원도,삼척시,1.0
4993,전라북도,군산시,1.0
4994,전라남도,해남군,1.0
4995,경상남도,통영시,1.0
4998,제주도,구좌읍,0.3333333333333333
4998,제주도,우도면,0.3333333333333333
4998,제주도,조천읍,0.3333333333333333
5003,경기도,가평군,1.0
5004,경기도,용인시,1.0
5005,전라남도,여수시,1.0
5006,경상북도,문경시,1.0
5007,경상북도,예천군,1.0
5008,경상남도,하동군,1.0
5010,강원도,원주시,1.0
5011,강원도,철원군,1.0
5012,경상북도,울릉군,1.0
5013,전라남도,영암군,1.0
5015,경상북도,경주시,1.0
5016,경상북도,영천시,1.0
5018,충청남도,청양군,1.0
5020,전라북도,무주군,1.0
5021,강원도,양양군,1.0
5022,전라남도,여수시,1.0
5023,전라북도,전주시,1.0
5024,경상북도,안동시,0.5
5024,경상북도,포항시,0.5
5025,전라남도,함평군,1.0
5027,제주도,조천읍,1.0
5028,제주도,대정읍,1.0
5029,강원도,춘천시,1.0
5030,경기도,용인시,1.0
5031,전라남도,함평군,1.0
5032,경기도,안성시,1.0
5033,전라북도,부안군,1.0
5035,충청남도,예산군,1.0
5036,강원도,속초시,1.0
5037,경상남도,창녕군,1.0
5040,제주도,구좌읍,0.3333333333333333
5040,제주도,제주시(시내동),0.3333333333333333
5040,제주도,조천읍,0.3333333333333333
5041,경상남도,거제시,1.0
5042,제주도,서귀포시(시내동),0.5
5042,제주도,제주시(시내동),0.5
5043,제주도,서귀포시(시내동),0.5
5043,제주도,제주시(시내동),0.5
5044,전라북도,남원시,1.0
5045,전라남도,여수시,1.0
5046,강원도,강릉시,0.25
5046,강원도,동해시,0.25
5046,강원도,속초시,0.25
5046,강원도,양양군,0.25
5047,강원도,속초시,1.0
5048,강원도,고성군,1.0
5049,강원도,속초시,1.0
5052,충청남도,천안시,1.0
5053,강원도,고성군,1.0
5054,경상북도,포항시,1.0
5056,경기도,안산시,1.0
5057,충청북도,단양군,1.0
5058,경기도,양평군,1.0
5060,경기도,가평군,1.0
5061,제주도,구좌읍,0.3333333333333333
5061,제주도,서귀포시(시내동),0.3333333333333333
5061,제주도,제주시(시내동),0.3333333333333333
5062,경기도,동두천시,1.0
5063,충청북도,청주시,1.0
5064,경상북도,경주시,1.0
5066,전라북도,전주시,1.0
5067,제주도,서귀포시(시내동),0.3333333333333333
5067,제주도,성산읍,0.3333333333333333
5067,제주도,제주시(시내동),0.3333333333333333
5068,강원도,정선군,0.5
5068,강원도,홍천군,0.5
5069,강원도,속초시,1.0
5070,강원도,속초시,1.0
5071,경기도,파주시,1.0
5072,경상남도,거제시,0.5
5072,경상남도,통영시,0.5
5073,전라북도,전주시,1.0
5075,전라북도,고창군,1.0
5076,충청남도,당진시,1.0
5077,전라북도,무주군,1.0
5078,강원도,평창군,1.0
5079,강원도,속초시,1.0
5080,제주도,애월읍,0.5
5080,제주도,제주시(시내동),0.5
5081,경상남도,거제시,1.0
5082,경상북도,울진군,1.0
5083,제주도,남원읍,0.25
5083,제주도,성산읍,0.25
5083,제주도,애월읍,0.25
5083,제주도,제주시(시내동),0.25
5084,경상북도,구미시,0.5
5084,경상북도,안동시,0.5
5085,강원도,홍천군,1.0
5086,경기도,성남시,1.0
5087,제주도,조천읍,1.0
5088,강원도,고성군,0.5
5088,강원도,속초시,0.5
5091,제주도,제주시(시내동),0.5
5091,제주도,표선면,0.5
5092,강원도,고성군,0.5
5092,강원도,속초시,0.5
5094,강원도,삼척시,1.0
5095,경상남도,밀양시,1.0
5096,전라남도,고흥군,1.0
5098,경상남도,거제시,1.0
5100,전라북도,완주군,0.5
5100,전라북도,진안군,0.5
5104,전라북도,군산시,0.5
5104,전라북도,전주시,0.5
5105,충청남도,예산군,1.0
5106,강원도,고성군,1.0
5108,경상남도,거제시,1.0
5111,전라북도,부안군,1.0
5113,전라북도,군산시,1.0
5114,경상남도,함양군,1.0
5118,경상북도,경주시,0.5
5118,경상북도,포항시,0.5
5119,충청남도,천안시,1.0
5120,전라북도,부안군,1.0
5122,전라북도,군산시,1.0
5123,경상남도,통영시,1.0
5124,강원도,강릉시,1.0
5125,충청북도,단양군,1.0
5127,경상북도,봉화군,0.5
5127,경상북도,안동시,0.5
5131,강원도,강릉시,0.3333333333333333
5131,강원도,고성군,0.3333333333333333
5131,강원도,속초시,0.3333333333333333
5132,경상북도,울진군,1.0
5134,제주도,서귀포시(시내동),0.25
5134,제주도,애월읍,0.25
5134,제주도,제주시(시내동),0.25
5134,제주도,한림읍,0.25
5135,충청북도,단양군,1.0
5136,경상남도,진주시,1.0
5139,제주도,서귀포시(시내동),1.0
5140,강원도,동해시,1.0
5141,경상북도,경주시,1.0
5142,강원도,강릉시,1.0
5143,강원도,강릉시,0.5
5143,강원도,속초시,0.5
5144,강원도,속초시,1.0
5145,경상북도,경주시,1.0
5146,전라남도,영광군,1.0
5147,경상북도,경주시,1.0
5148,전라북도,군산시,1.0
5149,충청남도,당진시,1.0
5151,제주도,구좌읍,0.3333333333333333
5151,제주도,성산읍,0.3333333333333333
5151,제주도,제주시(시내동),0.3333333333333333
5152,충청북도,보은군,1.0
5153,경기도,광주시,0.25
5153,경기도,양평군,0.25
5153,경기도,여주시,0.25
5153,경기도,이천시,0.25
5154,경상북도,경주시,1.0
5155,충청북도,충주시(구 청원군 포함),1.0
5157,제주도,애월읍,1.0
5160,경기도,가평군,1.0
5161,경기도,화성시,1.0
5162,강원도,강릉시,1.0
5165,경상북도,안동시,1.0
5166,충청남도,서천군,1.0
5167,제주도,대정읍,0.3333333333333333
5167,제주도,애월읍,0.3333333333333333
5167,제주도,조천읍,0.3333333333333333
5169,전라남도,완도군,1.0
5171,강원도,양양군,1.0
5172,제주도,구좌읍,0.07142857142857142
5172,제주도,남원읍,0.07142857142857142
5172,제주도,대정읍,0.07142857142857142
5172,제주도,서귀포시(시내동),0.07142857142857142
5172,제주도,성산읍,0.07142857142857142
5172,제주도,안덕면,0.07142857142857142
5172,제주도,애월읍,0.07142857142857142
5172,제주도,우도면,0.07142857142857142
5172,제주도,제주시(시내동),0.07142857142857142
5172,제주도,조천읍,0.07142857142857142
5172,제주도,추자면,0.07142857142857142
5172,제주도,표선면,0.07142857142857142
5172,제주도,한경면,0.07142857142857142
5172,제주도,한림읍,0.07142857142857142
5173,강원도,속초시,1.0
5174,전라남도,여수시,1.0
5175,충청남도,천안시,1.0
5176,경기도,가평군,1.0
5179,경상남도,김해시,1.0
5180,전라남도,목포시,1.0
5181,경상남도,창녕군,1.0
5183,강원도,동해시,1.0
5185,경상북도,청송군,1.0
5186,경기도,가평군,1.0
5187,전라북도,군산시,1.0
5188,경상북도,경주시,1.0
5189,경상남도,김해시,1.0
5190,전라북도,군산시,1.0
5191,강원도,강릉시,0.25
5191,강원도,고성군,0.25
5191,강원도,속초시,0.25
5191,강원도,정선군,0.25
5192,강원도,철원군,1.0
5193,충청남도,부여군,1.0
5194,경기도,수원시,0.5
5194,경기도,용인시,0.5
5195,전라남도,여수시,1.0
5196,강원도,태백시,1.0
5197,제주도,서귀포시(시내동),0.2
5197,제주도,안덕면,0.2
5197,제주도,애월읍,0.2
5197,제주도,우도면,0.2
5197,제주도,제주시(시내동),0.2
5198,경상남도,남해군,1.0
5199,강원도,영월군,1.0
5201,강원도,강릉시,0.25
5201,강원도,속초시,0.25
5201,강원도,영월군,0.25
5201,강원도,정선군,0.25
5202,전라남도,강진군,0.5
5202,전라남도,장흥군,0.5
5203,경기도,연천군,1.0
5204,경상북도,김천시,1.0
5206,제주도,서귀포시(시내동),0.3333333333333333
5206,제주도,안덕면,0.3333333333333333
5206,제주도,표선면,0.3333333333333333
5207,충청남도,예산군,1.0
5208,전라남도,해남군,1.0
5209,충청남도,서천군,1.0
5210,전라남도,구례군,0.5
5210,전라남도,여수시,0.5
5211,제주도,대정읍,0.2
5211,제주도,서귀포시(시내동),0.2
5211,제주도,애월읍,0.2
5211,제주도,제주시(시내동),0.2
5211,제주도,한경면,0.2
5213,충청북도,제천시,1.0
5214,충청남도,태안군,1.0
5215,경상북도,청도군,1.0
5216,전라남도,해남군,1.0
5218,전라남도,순천시,0.3333333333333333
5218,전라남도,함평군,0.3333333333333333
5218,전라남도,해남군,0.3333333333333333
5219,경상남도,거제시,1.0
5220,경상북도,경주시,1.0
5221,경상남도,김해시,1.0
5222,경상북도,고령군,0.5
5222,경상북도,성주군,0.5
5223,강원도,속초시,1.0
5225,경상북도,영덕군,1.0
5226,경상남도,진주시,0.5
5226,경상남도,통영시,0.5
5227,강원도,원주시,1.0
5229,전라남도,무안군,0.5
5229,전라남도,신안군,0.5
5230,경상남도,거제시,1.0
5231,제주도,대정읍,0.25
5231,제주도,서귀포시(시내동),0.25
5231,제주도,성산읍,0.25
5231,제주도,안덕면,0.25
5232,충청남도,예산군,1.0
5233,강원도,강릉시,1.0
5234,전라남도,순천시,0.5
5234,전라남도,여수시,0.5
5236,충청남도,태안군,1.0
5237,강원도,강릉시,1.0
5238,충청북도,충주시(구 청원군 포함),1.0
5239,경상남도,사천시,1.0
5240,경상북도,안동시,1.0
5241,강원도,속초시,1.0
5242,경기도,동두천시,1.0
5243,충청남도,천안시,1.0
5244,경상북도,상주시,1.0
5245,전라남도,영암군,0.5
5245,전라남도,함평군,0.5
5246,전라남도,목포시,0.5
5246,전라남도,여수시,0.5
5248,강원도,강릉시,0.25
5248,강원도,동해시,0.25
5248,강원도,속초시,0.25
5248,강원도,양양군,0.25
5249,강원도,홍천군,1.0
5251,경기도,양평군,1.0
5252,전라남도,장흥군,1.0
5253,전라남도,강진군,1.0
5254,전라북도,군산시,1.0
5255,강원도,속초시,1.0
5256,전라남도,강진군,1.0
5259,강원도,강릉시,0.16666666666666666
5259,강원도,동해시,0.16666666666666666
5259,강원도,속초시,0.16666666666666666
5259,강원도,인제군,0.16666666666666666
5259,강원도,평창군,0.16666666666666666
5259,강원도,화천군,0.16666666666666666
5260,전라북도,전주시,1.0
5261,전라남도,해남군,1.0
5263,전라남도,담양군,1.0
5264,제주도,제주시(시내동),1.0
5265,강원도,고성군,1.0
5266,강원도,고성군,0.5
5266,강원도,속초시,0.5
5267,제주도,구좌읍,0.3333333333333333
5267,제주도,서귀포시(시내동),0.3333333333333333
5267,제주도,한경면,0.3333333333333333
5268,전라북도,전주시,1.0
5270,경기도,안성시,1.0
5271,전라남도,목포시,1.0
5273,전라남도,여수시,1.0
5274,강원도,강릉시,1.0
5275,충청북도,보은군,0.3333333333333333
5275,충청북도,옥천군,0.3333333333333333
5275,충청북도,충주시(구 청원군 포함),0.3333333333333333
5276,강원도,속초시,1.0
5277,충청북도,청주시,1.0
5278,충청남도,계룡시,1.0
5279,경기도,수원시,1.0
5280,전라북도,전주시,1.0
5281,경상북도,영주시,1.0
5282,경상남도,통영시,1.0
5283,경상남도,통영시,1.0
5284,강원도,강릉시,0.3333333333333333
5284,강원도,속초시,0.3333333333333333
5284,강원도,인제군,0.3333333333333333
5285,강원도,홍천군,1.0
5287,충청남도,당진시,1.0
5288,경상북도,안동시,0.5
5288,경상북도,영주시,0.5
5290,충청남도,부여군,1.0
5292,전라남도,여수시,1.0
5293,강원도,원주시,0.5
5293,강원도,횡성군,0.5
5294,강원도,정선군,1.0
5295,강원도,강릉시,0.5
5295,강원도,속초시,0.5
5296,전라북도,완주군,1.0
5299,경상남도,거제시,0.5
5299,경상남도,거창군,0.5
5300,경상북도,경주시,1.0
5301,강원도,삼척시,1.0
5303,강원도,춘천시,1.0
5304,경기도,안성시,1.0
5305,전라남도,고흥군,0.16666666666666666
5305,전라남도,담양군,0.16666666666666666
5305,전라남도,보성군,0.16666666666666666
5305,전라남도,순천시,0.16666666666666666
5305,전라남도,여수시,0.16666666666666666
5305,전라남도,해남군,0.16666666666666666
5306,강원도,강릉시,1.0
5308,전라남도,순천시,1.0
5310,제주도,서귀포시(시내동),0.5
5310,제주도,조천읍,0.5
5311,제주도,성산읍,0.5
5311,제주도,조천읍,0.5
5312,강원도,강릉시,0.5
5312,강원도,홍천군,0.5
5314,충청남도,보령시,0.3333333333333333
5314,충청남도,서천군,0.3333333333333333
5314,충청남도,태안군,0.3333333333333333
5315,제주도,대정읍,0.25
5315,제주도,서귀포시(시내동),0.25
5315,제주도,안덕면,0.25
5315,제주도,애월읍,0.25
5316,경상북도,경주시,1.0
5317,전라남도,순천시,1.0
5318,경상북도,포항시,1.0
5319,제주도,서귀포시(시내동),0.25
5319,제주도,애월읍,0.25
5319,제주도,제주시(시내동),0.25
5319,제주도,한림읍,0.25
5320,충청남도,금산군,1.0
5323,전라북도,전주시,1.0
5324,전라북도,익산시,1.0
5325,강원도,고성군,1.0
5326,경상북도,포항시,1.0
5327,강원도,고성군,1.0
5328,전라북도,군산시,0.5
5328,전라북도,남원시,0.5
5329,충청남도,당진시,1.0
5330,충청남도,공주시,0.3333333333333333
5330,충청남도,보령시,0.3333333333333333
5330,충청남도,태안군,0.3333333333333333
5331,전라남도,구례군,1.0
5332,전라북도,군산시,1.0
5333,제주도,서귀포시(시내동),0.3333333333333333
5333,제주도,우도면,0.3333333333333333
5333,제주도,제주시(시내동),0.3333333333333333
5334,강원도,춘천시,1.0
5335,충청남도,보령시,1.0
5336,경상북도,경주시,1.0
5337,전라남도,나주시,1.0
5338,경상남도,남해군,0.3333333333333333
5338,경상남도,사천시,0.3333333333333333
5338,경상남도,진주시,0.3333333333333333
5339,전라남도,구례군,1.0
5340,강원도,화천군,1.0
5341,충청남도,예산군,0.5
5341,충청남도,태안군,0.5
5342,전라남도,진도군,1.0
5344,강원도,양양군,1.0
5345,전라남도,순천시,1.0
5346,경기도,안산시,1.0
5348,경기도,부천시,1.0
5349,경상북도,포항시,1.0
5351,경상남도,통영시,1.0
5352,경상북도,경주시,1.0
5353,강원도,횡성군,1.0
5356,강원도,속초시,1.0
5357,전라남도,신안군,1.0
5358,강원도,삼척시,1.0
5362,경상북도,경주시,1.0
5363,충청남도,당진시,1.0
5364,전라북도,전주시,1.0
5369,강원도,원주시,1.0
5370,제주도,제주시(시내동),1.0
5371,전라남도,보성군,1.0
5372,강원도,속초시,1.0
5375,충청남도,보령시,0.5
5375,충청남도,태안군,0.5
5377,충청남도,천안시,1.0
5378,경기도,양평군,0.5
5378,경기도,화성시,0.5
5379,경기도,양평군,1.0
5380,경상남도,창녕군,1.0
5381,강원도,영월군,1.0
5384,충청남도,금산군,0.3333333333333333
5384,충청남도,아산시,0.3333333333333333
5384,충청남도,천안시,0.3333333333333333
5386,강원도,강릉시,0.3333333333333333
5386,강원도,고성군,0.3333333333333333
5386,강원도,속초시,0.3333333333333333
5388,강원도,강릉시,1.0
5389,강원도,속초시,1.0
5390,전라남도,순천시,1.0
5391,경상남도,사천시,1.0
5392,경상남도,하동군,1.0
5394,경상북도,울릉군,1.0
5395,경상북도,경주시,1.0
5396,강원도,삼척시,1.0
5397,강원도,강릉시,1.0
5398,충청북도,단양군,1.0
5399,경기도,가평군,1.0
5400,경기도,용인시,1.0
5401,경상남도,밀양시,1.0
5402,강원도,강릉시,1.0
5403,전라남도,순천시,1.0
5405,전라북도,무주군,1.0
5407,제주도,서귀포시(시내동),0.25
5407,제주도,애월읍,0.25
5407,제주도,제주시(시내동),0.25
5407,제주도,한림읍,0.25
5409,경기도,광명시,0.5
5409,경기도,파주시,0.5
5410,제주도,성산읍,0.25
5410,제주도,애월읍,0.25
5410,제주도,제주시(시내동),0.25
5410,제주도,한림읍,0.25
5411,경상남도,거창군,1.0
5412,전라북도,군산시,1.0
5413,전라남도,신안군,1.0
5414,전라남도,목포시,1.0
5417,경상북도,구미시,1.0
5418,경상북도,청도군,1.0
5419,경상북도,문경시,1.0
5420,강원도,강릉시,1.0
5421,강원도,삼척시,0.5
5421,강원도,속초시,0.5
5422,경상남도,하동군,1.0
5424,경기도,양평군,1.0
5425,강원도,정선군,1.0
5426,전라남도,목포시,0.5
5426,전라남도,무안군,0.5
5428,제주도,서귀포시(시내동),1.0
5429,강원도,태백시,1.0
5430,제주도,구좌읍,0.25
5430,제주도,서귀포시(시내동),0.25
5430,제주도,성산읍,0.25
5430,제주도,애월읍,0.25
5433,충청남도,보령시,1.0
5434,제주도,서귀포시(시내동),0.3333333333333333
5434,제주도,애월읍,0.3333333333333333
5434,제주도,제주시(시내동),0.3333333333333333
5435,전라남도,고흥군,0.25
5435,전라남도,광양시,0.25
5435,전라남도,목포시,0.25
5435,전라남도,여수시,0.25
5436,경상남도,밀양시,0.5
5436,경상남도,양산시,0.5
5438,경상남도,통영시,1.0
5440,경기도,가평군,1.0
5442,전라남도,함평군,1.0
5444,경상남도,통영시,1.0
5445,제주도,서귀포시(시내동),0.3333333333333333
5445,제주도,애월읍,0.3333333333333333
5445,제주도,제주시(시내동),0.3333333333333333
5446,경상북도,경주시,0.5
5446,경상북도,포항시,0.5
5447,강원도,속초시,1.0
5448,강원도,정선군,1.0
5449,강원도,고성군,0.5
5449,강원도,속초시,0.5
5450,경상북도,포항시,1.0
5452,경상남도,사천시,1.0
5453,전라북도,전주시,1.0
5454,강원도,고성군,1.0
5455,전라남도,순천시,1.0
5456,경상북도,청송군,1.0
5457,강원도,강릉시,1.0
5459,충청남도,아산시,0.5
5459,충청남도,천안시,0.5
5464,경상북도,안동시,1.0
5466,충청남도,예산군,1.0
5467,제주도,구좌읍,0.16666666666666666
5467,제주도,남원읍,0.16666666666666666
5467,제주도,애월읍,0.16666666666666666
5467,제주도,제주시(시내동),0.16666666666666666
5467,제주도,조천읍,0.16666666666666666
5467,제주도,한림읍,0.16666666666666666
5468,경상남도,함양군,1.0
5469,경상북도,울진군,1.0
5471,강원도,강릉시,1.0
5472,경상북도,경주시,1.0
5473,경기도,안산시,1.0
5474,전라북도,남원시,1.0
5475,강원도,강릉시,1.0
5476,경상북도,포항시,1.0
5477,전라남도,목포시,0.5
5477,전라남도,무안군,0.5
5478,전라남도,담양군,1.0
5479,전라남도,여수시,1.0
5480,경상북도,경주시,1.0
5481,충청남도,서산시,1.0
5482,강원도,강릉시,0.5
5482,강원도,속초시,0.5
5483,경상북도,경주시,0.5
5483,경상북도,안동시,0.5
5484,경상북도,봉화군,1.0
5485,경상남도,거제시,0.5
5485,경상남도,통영시,0.5
5486,경상북도,울진군,1.0
5487,강원도,강릉시,1.0
5489,경기도,용인시,1.0
5492,경기도,화성시,1.0
5493,경상북도,포항시,1.0
5494,전라남도,여수시,1.0
5496,전라남도,보성군,1.0
5497,강원도,고성군,1.0
5499,강원도,원주시,1.0
5500,제주도,애월읍,0.5
5500,제주도,조천읍,0.5
5501,전라남도,고흥군,1.0
5503,경기도,김포시,0.25
5503,경기도,시흥시,0.25
5503,경기도,안산시,0.25
5503,경기도,화성시,0.25
5504,충청남도,논산시,1.0
5506,전라남도,여수시,1.0
5507,경상북도,상주시,1.0
5509,강원도,속초시,1.0
5510,경상남도,거창군,1.0
5511,강원도,홍천군,1.0
5512,충청남도,보령시,0.5
5512,충청남도,태안군,0.5
5513,제주도,서귀포시(시내동),1.0
5514,제주도,애월읍,1.0
5515,전라남도,목포시,1.0
5516,경상남도,양산시,1.0
5517,강원도,홍천군,1.0
5519,강원도,속초시,1.0
5520,경상북도,경주시,1.0
5521,강원도,강릉시,1.0
5522,강원도,양양군,1.0
5524,충청남도,아산시,0.3333333333333333
5524,충청남도,천안시,0.3333333333333333
5524,충청남도,홍성군,0.3333333333333333
5525,경기도,의정부시,1.0
5526,전라남도,진도군,1.0
5528,경상남도,통영시,1.0
5530,강원도,속초시,1.0
5531,충청북도,괴산군,0.5
5531,충청북도,충주시(구 청원군 포함),0.5
5532,강원도,강릉시,0.25
5532,강원도,속초시,0.25
5532,강원도,양양군,0.25
5532,강원도,원주시,0.25
5534,전라북도,남원시,1.0
5535,전라북도,군산시,0.5
5535,전라북도,부안군,0.5
5536,경상북도,안동시,1.0
5537,경기도,양평군,1.0
5538,충청남도,서천군,1.0
5539,경상북도,청도군,1.0
5540,충청남도,태안군,1.0
5542,전라남도,보성군,1.0
5544,강원도,강릉시,1.0
5545,강원도,인제군,1.0
5546,강원도,강릉시,0.3333333333333333
5546,강원도,속초시,0.3333333333333333
5546,강원도,양양군,0.3333333333333333
5548,강원도,삼척시,1.0
5549,경상남도,하동군,1.0
5550,경상남도,거제시,1.0
5551,경상남도,진주시,1.0
5552,경상남도,사천시,1.0
5553,전라북도,전주시,1.0
5555,제주도,서귀포시(시내동),1.0
5557,경상북도,안동시,0.5
5557,경상북도,예천군,0.5
5558,경상북도,영덕군,0.5
5558,경상북도,울진군,0.5
5559,강원도,속초시,1.0
5561,강원도,속초시,0.5
5561,강원도,양양군,0.5
5562,충청남도,계룡시,1.0
5563,경상북도,청송군,1.0
5564,경기도,포천시,1.0
5565,충청남도,태안군,1.0
5566,충청북도,제천시,1.0
5567,전라북도,무주군,1.0
5568,강원도,강릉시,1.0
5570,전라남도,고흥군,0.3333333333333333
5570,전라남도,장흥군,0.3333333333333333
5570,전라남도,화순군,0.3333333333333333
5574,충청남도,청양군,1.0
5575,전라북도,부안군,1.0
5577,강원도,강릉시,1.0
5578,전라북도,군산시,1.0
5579,강원도,속초시,1.0
5580,강원도,강릉시,1.0
5582,경기도,가평군,1.0
5583,전라남도,구례군,1.0
5585,제주도,대정읍,0.25
5585,제주도,서귀포시(시내동),0.25
5585,제주도,성산읍,0.25
5585,제주도,표선면,0.25
5587,충청북도,충주시(구 청원군 포함),1.0
5588,강원도,평창군,1.0
5591,경기도,시흥시,1.0
5592,전라북도,고창군,1.0
5597,경기도,광주시,1.0
5598,전라북도,전주시,1.0
5599,강원도,강릉시,0.5
5599,강원도,동해시,0.5
5600,강원도,속초시,1.0
5601,강원도,동해시,1.0
5602,경상남도,사천시,1.0
5604,강원도,양양군,1.0
5605,강원도,동해시,0.3333333333333333
5605,강원도,삼척시,0.3333333333333333
5605,강원도,속초시,0.3333333333333333
5606,제주도,구좌읍,0.25
5606,제주도,서귀포시(시내동),0.25
5606,제주도,애월읍,0.25
5606,제주도,제주시(시내동),0.25
5607,전라북도,부안군,1.0
5608,제주도,제주시(시내동),1.0
5610,강원도,속초시,1.0
5611,충청북도,충주시(구 청원군 포함),1.0
5612,강원도,삼척시,0.5
5612,강원도,양양군,0.5
5613,강원도,고성군,0.3333333333333333
5613,강원도,동해시,0.3333333333333333
5613,강원도,양양군,0.3333333333333333
5614,충청남도,서산시,1.0
5615,충청남도,예산군,1.0
5617,강원도,고성군,1.0
5619,강원도,강릉시,0.5
5619,강원도,고성군,0.5
5620,강원도,강릉시,1.0
5621,제주도,서귀포시(시내동),1.0
5622,강원도,동해시,0.5
5622,강원도,속초시,0.5
5625,강원도,강릉시,1.0
5626,경상남도,통영시,1.0
5627,강원도,강릉시,0.5
5627,강원도,동해시,0.5
5628,충청남도,보령시,1.0
5629,제주도,제주시(시내동),1.0
5630,충청남도,청양군,1.0
5631,강원도,속초시,1.0
5635,충청북도,단양군,1.0
5636,경기도,평택시,1.0
5637,제주도,제주시(시내동),0.3333333333333333
5637,제주도,표선면,0.3333333333333333
5637,제주도,한림읍,0.3333333333333333
5638,경기도,시흥시,1.0
5639,경상북도,포항시,1.0
5640,제주도,구좌읍,0.08333333333333333
5640,제주도,남원읍,0.08333333333333333
5640,제주도,대정읍,0.08333333333333333
5640,제주도,서귀포시(시내동),0.08333333333333333
5640,제주도,성산읍,0.08333333333333333
5640,제주도,안덕면,0.08333333333333333
5640,제주도,애월읍,0.08333333333333333
5640,제주도,제주시(시내동),0.08333333333333333
5640,제주도,조천읍,0.08333333333333333
5640,제주도,표선면,0.08333333333333333
5640,제주도,한경면,0.08333333333333333
5640,제주도,한림읍,0.08333333333333333
5641,전라북도,남원시,1.0
5643,전라남도,목포시,0.3333333333333333
5643,전라남도,영암군,0.3333333333333333
5643,전라남도,함평군,0.3333333333333333
5645,경상남도,진주시,1.0
5648,전라북도,전주시,1.0
5649,강원도,강릉시,0.5
5649,강원도,속초시,0.5
5650,제주도,서귀포시(시내동),0.2
5650,제주도,성산읍,0.2
5650,제주도,애월읍,0.2
5650,제주도,우도면,0.2
5650,제주도,제주시(시내동),0.2
5651,충청남도,세종특별자치시,1.0
5652,강원도,강릉시,1.0
5654,강원도,동해시,1.0
5655,경상북도,포항시,1.0
5656,충청북도,단양군,1.0
5657,경기도,수원시,1.0
5659,전라북도,군산시,1.0
5661,전라남도,해남군,1.0
5663,전라북도,전주시,1.0
5664,충청남도,태안군,1.0
5665,충청남도,태안군,1.0
5669,경상남도,진주시,1.0
5670,충청북도,충주시(구 청원군 포함),1.0
5672,충청북도,충주시(구 청원군 포함),1.0
5673,충청북도,충주시(구 청원군 포함),1.0
5674,경기도,화성시,1.0
5675,강원도,강릉시,1.0
5676,경상북도,경주시,1.0
5678,제주도,서귀포시(시내동),1.0
5680,전라남도,순천시,0.5
5680,전라남도,여수시,0.5
5681,충청남도,서천군,1.0
5685,강원도,강릉시,1.0
5686,경상남도,거제시,0.3333333333333333
5686,경상남도,고성군,0.3333333333333333
5686,경상남도,통영시,0.3333333333333333
5692,강원도,태백시,1.0
5693,전라북도,전주시,1.0
5695,충청북도,청주시,1.0
5698,강원도,강릉시,1.0
5704,경상남도,김해시,1.0
5706,제주도,서귀포시(시내동),0.5
5706,제주도,성산읍,0.5
5707,전라남도,여수시,1.0
5708,경상남도,거제시,1.0
5709,경상북도,봉화군,1.0
5710,전라남도,해남군,1.0
5711,강원도,홍천군,1.0
5712,경상북도,칠곡군,1.0
5713,강원도,춘천시,1.0
5714,경기도,연천군,1.0
5717,강원도,고성군,1.0
5718,강원도,속초시,1.0
5719,경상남도,고성군,1.0
5722,강원도,원주시,1.0
5723,충청남도,아산시,1.0
5724,강원도,속초시,1.0
5725,경상남도,김해시,0.3333333333333333
5725,경상남도,밀양시,0.3333333333333333
5725,경상남도,창녕군,0.3333333333333333
5726,강원도,춘천시,1.0
5727,강원도,춘천시,1.0
5728,경상북도,문경시,1.0
5730,전라북도,군산시,1.0
5733,강원도,태백시,1.0
5734,강원도,강릉시,1.0
5735,경상남도,거제시,0.5
5735,경상남도,창원시,0.5
5736,전라남도,나주시,1.0
5737,경기도,안산시,1.0
5738,강원도,정선군,1.0
5739,전라남도,진도군,1.0
5740,강원도,속초시,1.0
5744,강원도,인제군,1.0
5745,충청남도,공주시,1.0
5746,충청남도,보령시,1.0
5748,강원도,강릉시,0.3333333333333333
5748,강원도,속초시,0.3333333333333333
5748,강원도,영월군,0.3333333333333333
5750,전라남도,여수시,1.0
5753,강원도,강릉시,0.5
5753,강원도,동해시,0.5
5754,전라북도,무주군,1.0
5755,전라북도,익산시,1.0
5756,강원도,홍천군,1.0
5757,전라북도,군산시,1.0
5759,경기도,수원시,1.0
5760,전라북도,익산시,1.0
5762,강원도,홍천군,1.0
5763,강원도,강릉시,1.0
5764,강원도,강릉시,0.5
5764,강원도,원주시,0.5
5766,경상남도,하동군,1.0
5767,강원도,속초시,1.0
5768,전라남도,여수시,1.0
5769,경상남도,창녕군,1.0
5770,강원도,속초시,1.0
5771,충청남도,세종특별자치시,1.0
5772,강원도,강릉시,0.5
5772,강원도,속초시,0.5
5774,충청북도,보은군,1.0
5776,경상북도,경주시,1.0
5777,전라북도,완주군,1.0
5778,제주도,애월읍,1.0
5779,제주도,서귀포시(시내동),0.5
5779,제주도,제주시(시내동),0.5
5780,전라북도,군산시,0.3333333333333333
5780,전라북도,완주군,0.3333333333333333
5780,전라북도,전주시,0.3333333333333333
5782,경상남도,창원시,1.0
5783,경기도,화성시,1.0
5784,전라남도,보성군,1.0
5785,충청남도,태안군,1.0
5786,경상남도,거제시,1.0
5787,전라남도,여수시,1.0
5788,충청남도,당진시,1.0
5789,경상남도,통영시,1.0
5790,충청북도,괴산군,1.0
5791,강원도,영월군,1.0
5793,경상북도,울진군,1.0
5794,경상남도,거제시,1.0
5795,경상북도,경주시,1.0
5796,충청북도,괴산군,0.5
5796,충청북도,청주시,0.5
5797,전라남도,광양시,1.0
5799,충청남도,태안군,1.0
5801,제주도,제주시(시내동),0.5
5801,제주도,한경면,0.5
5802,경기도,김포시,1.0
5803,강원도,속초시,1.0
5804,강원도,속초시,0.5
5804,강원도,인제군,0.5
5806,경기도,가평군,1.0
5807,충청남도,태안군,1.0
5809,전라남도,여수시,1.0
5810,충청남도,당진시,0.5
5810,충청남도,서산시,0.5
5814,강원도,동해시,1.0
5815,강원도,고성군,1.0
5816,강원도,강릉시,1.0
5817,전라남도,담양군,0.5
5817,전라남도,목포시,0.5
5818,전라남도,무안군,1.0
5819,강원도,동해시,1.0
5821,강원도,횡성군,1.0
5822,강원도,강릉시,0.5
5822,강원도,속초시,0.5
5823,강원도,고성군,1.0
5825,경상북도,울진군,1.0
5827,강원도,양양군,1.0
5830,전라남도,여수시,1.0
5831,강원도,태백시,1.0
5832,강원도,양구군,1.0
5833,경상북도,경주시,1.0
5834,강원도,강릉시,0.3333333333333333
5834,강원도,동해시,0.3333333333333333
5834,강원도,정선군,0.3333333333333333
5835,경기도,양평군,1.0
5836,충청북도,청주시,1.0
5837,경상북도,포항시,1.0
5838,강원도,강릉시,1.0
5839,전라남도,강진군,1.0
5840,제주도,한림읍,1.0
5841,강원도,동해시,1.0
5842,경기도,가평군,1.0
5845,전라남도,여수시,1.0
5846,전라남도,담양군,1.0
5847,강원도,강릉시,0.3333333333333333
5847,강원도,동해시,0.3333333333333333
5847,강원도,속초시,0.3333333333333333
5848,경상북도,포항시,1.0
5849,강원도,정선군,1.0
5851,충청남도,서산시,0.3333333333333333
5851,충청남도,서천군,0.3333333333333333
5851,충청남도,천안시,0.3333333333333333
5852,전라북도,군산시,1.0
5854,강원도,평창군,1.0
5855,제주도,서귀포시(시내동),0.5
5855,제주도,제주시(시내동),0.5
5857,강원도,강릉시,0.5
5857,강원도,양양군,0.5
5858,경상북도,경주시,1.0
5859,경상북도,경주시,1.0
5861,전라북도,군산시,1.0
5862,강원도,삼척시,1.0
5864,경상북도,경주시,1.0
5865,충청북도,괴산군,0.2
5865,충청북도,보은군,0.2
5865,충청북도,옥천군,0.2
5865,충청북도,제천시,0.2
5865,충청북도,충주시(구 청원군 포함),0.2
5866,경상북도,문경시,1.0
5869,강원도,태백시,1.0
5870,제주도,구좌읍,0.3333333333333333
5870,제주도,조천읍,0.3333333333333333
5870,제주도,표선면,0.3333333333333333
5871,경상남도,거제시,1.0
5872,충청북도,보은군,1.0
5873,경기도,양평군,1.0
5874,경상북도,안동시,1.0
5875,경상남도,통영시,1.0
5877,강원도,고성군,0.5
5877,강원도,속초시,0.5
5878,충청북도,단양군,1.0
5879,강원도,강릉시,1.0
5881,경기도,포천시,1.0
5882,제주도,조천읍,0.5
5882,제주도,한경면,0.5
5883,강원도,강릉시,1.0
5885,경기도,여주시,1.0
5887,강원도,원주시,1.0
5888,강원도,속초시,1.0
5889,제주도,애월읍,0.5
5889,제주도,제주시(시내동),0.5
5890,경기도,광주시,1.0
5891,경상남도,남해군,1.0
5892,경상북도,경주시,1.0
5894,강원도,고성군,1.0
5895,전라남도,신안군,0.5
5895,전라남도,진도군,0.5
5896,충청남도,태안군,1.0
5897,경상북도,의성군,1.0
5899,충청남도,논산시,1.0
5900,강원도,속초시,1.0
5901,전라남도,함평군,1.0
5904,충청남도,태안군,1.0
5906,전라남도,보성군,0.5
5906,전라남도,여수시,0.5
5907,충청남도,태안군,1.0
5908,경기도,용인시,0.5
5908,경기도,하남시,0.5
5909,전라남도,해남군,1.0
5910,전라북도,완주군,0.3333333333333333
5910,전라북도,임실군,0.3333333333333333
5910,전라북도,전주시,0.3333333333333333
5911,강원도,고성군,1.0
5912,전라남도,여수시,1.0
5914,강원도,원주시,0.5
5914,강원도,횡성군,0.5
5916,경기도,포천시,1.0
5917,충청북도,보은군,1.0
5918,경상북도,포항시,1.0
5919,충청북도,음성군,1.0
5920,경상북도,포항시,1.0
5921,경상북도,구미시,0.5
5921,경상북도,김천시,0.5
5922,강원도,속초시,1.0
5923,강원도,영월군,1.0
5924,강원도,철원군,1.0
5925,경기도,김포시,1.0
5926,강원도,홍천군,1.0
5927,충청북도,단양군,0.5
5927,충청북도,충주시(구 청원군 포함),0.5
5929,경기도,김포시,1.0
5930,강원도,강릉시,1.0
5931,전라북도,고창군,0.5
5931,전라북도,부안군,0.5
5933,강원도,속초시,1.0
5934,전라남도,여수시,1.0
5935,제주도,서귀포시(시내동),0.25
5935,제주도,애월읍,0.25
5935,제주도,우도면,0.25
5935,제주도,한림읍,0.25
5938,충청남도,당진시,1.0
5939,강원도,속초시,1.0
5940,강원도,평창군,1.0
5941,경기도,포천시,1.0
5942,경상남도,거창군,1.0
5943,경상북도,울진군,1.0
5944,전라남도,여수시,1.0
5946,전라북도,전주시,1.0
5947,제주도,우도면,1.0
5950,강원도,홍천군,1.0
5951,전라남도,구례군,1.0
5952,전라남도,순천시,1.0
5953,전라북도,임실군,1.0
5954,경상북도,영주시,1.0
5955,경기도,화성시,1.0
5956,충청남도,태안군,1.0
5957,전라남도,목포시,1.0
5958,경상북도,청도군,1.0
5959,전라남도,구례군,1.0
5960,제주도,제주시(시내동),1.0
5961,경상북도,성주군,1.0
5962,충청남도,당진시,1.0
5963,경기도,화성시,1.0
5964,경기도,양평군,1.0
5966,경상북도,경주시,1.0
5968,강원도,속초시,1.0
5969,경기도,포천시,1.0
5971,전라남도,여수시,1.0
5972,전라북도,무주군,0.3333333333333333
5972,전라북도,완주군,0.3333333333333333
5972,전라북도,정읍시,0.3333333333333333
5974,강원도,속초시,0.5
5974,강원도,인제군,0.5
5976,충청북도,제천시,1.0
5977,제주도,서귀포시(시내동),0.25
5977,제주도,우도면,0.25
5977,제주도,제주시(시내동),0.25
5977,제주도,한림읍,0.25
5978,경상남도,거창군,0.5
5978,경상남도,함양군,0.5
5981,경기도,용인시,1.0
5982,강원도,속초시,0.5
5982,강원도,원주시,0.5
5983,강원도,평창군,1.0
5984,제주도,구좌읍,0.2
5984,제주도,성산읍,0.2
5984,제주도,애월읍,0.2
5984,제주도,우도면,0.2
5984,제주도,조천읍,0.2
5986,충청북도,청주시,1.0
5987,경상북도,경주시,1.0
5988,강원도,속초시,1.0
5989,경상북도,울진군,1.0
5994,경기도,고양시,1.0
5995,경기도,가평군,1.0
5996,강원도,속초시,1.0
5997,전라남도,담양군,1.0
5998,경상남도,남해군,1.0
6001,강원도,강릉시,1.0
6002,제주도,제주시(시내동),1.0
6003,강원도,영월군,1.0
6004,경기도,수원시,1.0
6005,강원도,강릉시,1.0
6006,경상북도,울진군,1.0
6007,제주도,애월읍,0.5
6007,제주도,한림읍,0.5
6008,전라북도,군산시,1.0
6009,경상남도,창원시,1.0
6010,강원도,동해시,1.0
6012,전라남도,강진군,0.25
6012,전라남도,나주시,0.25
6012,전라남도,보성군,0.25
6012,전라남도,여수시,0.25
6014,경기도,용인시,0.5
6014,경기도,파주시,0.5
6016,제주도,제주시(시내동),1.0
6017,충청북도,제천시,0.5
6017,충청북도,청주시,0.5
6018,전라남도,담양군,1.0
6020,강원도,속초시,1.0
6026,강원도,삼척시,1.0
6027,충청북도,단양군,1.0
6028,강원도,영월군,1.0
6030,충청남도,태안군,1.0
6031,충청남도,태안군,1.0
6032,전라북도,군산시,1.0
6033,충청북도,제천시,1.0
6036,강원도,철원군,1.0
6037,강원도,정선군,1.0
6039,제주도,대정읍,0.2
6039,제주도,애월읍,0.2
6039,제주도,제주시(시내동),0.2
6039,제주도,한경면,0.2
6039,제주도,한림읍,0.2
6043,경기도,광주시,1.0
6044,전라남도,진도군,1.0
6045,충청남도,천안시,1.0
6046,강원도,동해시,1.0
6047,강원도,동해시,0.5
6047,강원도,인제군,0.5
6048,전라북도,전주시,1.0
6049,경기도,의정부시,1.0
6050,강원도,속초시,1.0
6051,충청남도,천안시,1.0
6052,경상북도,안동시,1.0
6053,전라남도,해남군,1.0
6055,경기도,여주시,1.0
6056,충청북도,충주시(구 청원군 포함),1.0
6057,강원도,화천군,1.0
6059,경상남도,남해군,1.0
6060,경기도,평택시,1.0
6061,경상북도,경주시,1.0
6063,경상북도,안동시,1.0
6064,전라북도,군산시,0.5
6064,전라북도,임실군,0.5
6065,경상북도,의성군,1.0
6067,전라남도,담양군,1.0
6069,강원도,고성군,0.5
6069,강원도,속초시,0.5
6070,전라남도,해남군,0.5
6070,전라남도,화순군,0.5
6071,강원도,속초시,1.0
6072,충청남도,천안시,1.0
6073,경상북도,영주시,1.0
6074,경상북도,포항시,1.0
6075,충청남도,태안군,1.0
6077,강원도,양양군,1.0
6078,충청남도,논산시,1.0
6079,전라남도,화순군,1.0
6080,경상남도,하동군,1.0
6081,경상남도,통영시,1.0
6082,경기도,오산시,1.0
6085,강원도,양양군,1.0
6086,충청북도,단양군,0.5
6086,충청북도,충주시(구 청원군 포함),0.5
6087,경상북도,경주시,1.0
6088,경상남도,거창군,1.0
6089,충청북도,증평군,1.0
6090,전라남도,무안군,1.0
6091,경기도,가평군,0.5
6091,경기도,용인시,0.5
6092,충청남도,공주시,0.5
6092,충청남도,부여군,0.5
6093,강원도,정선군,0.3333333333333333
6093,강원도,평창군,0.3333333333333333
6093,강원도,홍천군,0.3333333333333333
6094,경상남도,거제시,1.0
6096,제주도,제주시(시내동),1.0
6097,강원도,강릉시,1.0
6099,제주도,서귀포시(시내동),0.25
6099,제주도,애월읍,0.25
6099,제주도,제주시(시내동),0.25
6099,제주도,한림읍,0.25
6100,경상북도,포항시,1.0
6103,충청남도,부여군,1.0
6104,전라남도,구례군,1.0
6105,강원도,강릉시,1.0
6106,전라남도,신안군,1.0
6107,충청남도,태안군,1.0
6109,강원도,고성군,0.5
6109,강원도,속초시,0.5
6111,강원도,횡성군,1.0
6112,경기도,이천시,1.0
6113,경기도,가평군,1.0
6115,충청남도,세종특별자치시,1.0
6116,경상북도,경주시,1.0
6117,경상북도,청도군,1.0
6118,전라북도,군산시,1.0
6119,제주도,서귀포시(시내동),0.3333333333333333
6119,제주도,안덕면,0.3333333333333333
6119,제주도,애월읍,0.3333333333333333
6120,충청북도,청주시,1.0
6121,충청남도,세종특별자치시,1.0
6123,경상남도,양산시,1.0
6126,충청남도,보령시,1.0
6127,전라북도,군산시,1.0
6129,경기도,양평군,1.0
6130,전라북도,임실군,1.0
6132,충청남도,공주시,1.0
6133,전라남도,여수시,1.0
6134,경기도,파주시,1.0
6135,충청남도,공주시,1.0
6138,전라북도,군산시,1.0
6143,강원도,속초시,1.0
6144,강원도,강릉시,0.5
6144,강원도,원주시,0.5
6145,충청남도,천안시,1.0
6146,경상북도,경주시,1.0
6147,강원도,영월군,1.0
6148,경상북도,문경시,1.0
6149,강원도,강릉시,1.0
6151,전라남도,순천시,1.0
6153,전라남도,고흥군,1.0
6154,경상북도,경주시,1.0
6155,제주도,제주시(시내동),1.0
6156,경기도,수원시,1.0
6157,제주도,조천읍,1.0
6160,경기도,용인시,1.0
6161,제주도,제주시(시내동),1.0
6162,전라남도,순천시,0.5
6162,전라남도,여수시,0.5
6165,전라남도,여수시,1.0
6166,충청북도,증평군,1.0
6167,제주도,서귀포시(시내동),1.0
6168,강원도,속초시,1.0
6170,강원도,강릉시,1.0
6171,강원도,동해시,1.0
6172,제주도,서귀포시(시내동),0.25
6172,제주도,안덕면,0.25
6172,제주도,애월읍,0.25
6172,제주도,제주시(시내동),0.25
6174,경상북도,경주시,1.0
6175,강원도,속초시,1.0
6176,전라북도,군산시,1.0
6178,제주도,조천읍,1.0
6179,경상북도,경주시,1.0
6180,제주도,서귀포시(시내동),0.5
6180,제주도,성산읍,0.5
6182,강원도,양구군,1.0
6184,전라남도,진도군,1.0
6185,제주도,조천읍,1.0
6186,강원도,강릉시,0.3333333333333333
6186,강원도,동해시,0.3333333333333333
6186,강원도,속초시,0.3333333333333333
6187,강원도,양양군,0.3333333333333333
6187,강원도,인제군,0.3333333333333333
6187,강원도,홍천군,0.3333333333333333
6188,경상남도,창원시,1.0
6189,강원도,동해시,1.0
6190,경상북도,안동시,1.0
6191,경상북도,포항시,1.0
6192,경상남도,합천군,1.0
6194,강원도,영월군,1.0
6195,강원도,횡성군,1.0
6197,전라남도,여수시,1.0
6198,강원도,춘천시,1.0
6199,제주도,구좌읍,1.0
6200,경상남도,함양군,1.0
6201,경상남도,남해군,1.0
6202,강원도,인제군,1.0
6203,경상북도,경주시,1.0
6204,경기도,수원시,1.0
6207,강원도,홍천군,1.0
6210,충청북도,청주시,1.0
6211,전라북도,장수군,1.0
6212,경상남도,거제시,1.0
6213,강원도,속초시,0.3333333333333333
6213,강원도,춘천시,0.3333333333333333
6213,강원도,화천군,0.3333333333333333
6214,경상북도,포항시,1.0
6215,제주도,서귀포시(시내동),1.0
6216,경상남도,산청군,1.0
6217,제주도,표선면,1.0
6220,경기도,과천시,1.0
6221,제주도,조천읍,0.5
6221,제주도,한림읍,0.5
6222,경상남도,양산시,1.0
6226,경상북도,경주시,0.5
6226,경상북도,포항시,0.5
6228,제주도,성산읍,0.25
6228,제주도,애월읍,0.25
6228,제주도,우도면,0.25
6228,제주도,표선면,0.25
6229,경상북도,경주시,0.5
6229,경상북도,영덕군,0.5
6230,강원도,강릉시,1.0
6231,충청북도,단양군,0.25
6231,충청북도,영동군,0.25
6231,충청북도,옥천군,0.25
6231,충청북도,충주시(구 청원군 포함),0.25
6232,경상남도,거제시,0.5
6232,경상남도,남해군,0.5
6233,강원도,태백시,1.0
6234,충청남도,세종특별자치시,1.0
6236,강원도,강릉시,1.0
6237,강원도,홍천군,1.0
6238,강원도,속초시,0.5
6238,강원도,홍천군,0.5
6240,경상남도,남해군,1.0
6241,강원도,강릉시,1.0
6243,전라북도,전주시,1.0
6245,강원도,강릉시,1.0
6246,전라북도,순창군,1.0
6247,강원도,인제군,1.0
6248,경기도,광주시,1.0
6249,충청남도,태안군,1.0
6250,강원도,횡성군,1.0
6251,전라남도,순천시,1.0
6252,전라북도,군산시,1.0
6254,전라남도,순천시,1.0
6255,경기도,포천시,1.0
6256,전라북도,진안군,1.0
6258,경상남도,거제시,1.0
6259,강원도,평창군,1.0
6260,충청남도,보령시,1.0
6262,강원도,강릉시,0.5
6262,강원도,속초시,0.5
6263,강원도,평창군,1.0
6264,경기도,고양시,0.5
6264,경기도,이천시,0.5
6266,경상북도,경주시,1.0
6268,경상북도,경주시,1.0
6270,강원도,삼척시,1.0
6271,경상북도,경주시,1.0
6272,강원도,속초시,1.0
6273,제주도,한림읍,1.0
6274,경상북도,문경시,0.5
6274,경상북도,청송군,0.5
6276,경기도,가평군,0.5
6276,경기도,포천시,0.5
6277,경상남도,거제시,1.0
6278,전라북도,전주시,1.0
6279,전라남도,여수시,1.0
6280,경상남도,창원시,1.0
6281,제주도,한림읍,1.0
6282,충청남도,태안군,1.0
6283,강원도,정선군,1.0
6286,강원도,홍천군,1.0
6287,강원도,강릉시,0.3333333333333333
6287,강원도,속초시,0.3333333333333333
6287,강원도,양양군,0.3333333333333333
6288,경상북도,포항시,1.0
6290,제주도,구좌읍,0.2
6290,제주도,성산읍,0.2
6290,제주도,우도면,0.2
6290,제주도,제주시(시내동),0.2
6290,제주도,조천읍,0.2
6291,경상북도,경주시,1.0
6292,강원도,태백시,1.0
6293,전라북도,순창군,1.0
6294,제주도,제주시(시내동),0.5
6294,제주도,한경면,0.5
6295,전라북도,전주시,1.0
6297,전라남도,여수시,1.0
6298,강원도,삼척시,1.0
6299,강원도,강릉시,1.0
6301,경상북도,경주시,1.0
6302,강원도,속초시,1.0
6303,경상남도,남해군,0.5
6303,경상남도,하동군,0.5
6305,경상북도,울진군,1.0
6306,경상남도,남해군,1.0
6307,경기도,화성시,1.0
6308,강원도,속초시,1.0
6309,전라북도,남원시,0.5
6309,전라북도,순창군,0.5
6310,전라남도,여수시,1.0
6311,충청남도,당진시,1.0
6312,충청북도,괴산군,1.0
6314,경상북도,청도군,1.0
6315,경상북도,경주시,0.5
6315,경상북도,포항시,0.5
6316,강원도,강릉시,1.0
6317,경상북도,울릉군,1.0
6318,강원도,강릉시,0.5
6318,강원도,고성군,0.5
6319,전라남도,순천시,1.0
6321,경기도,가평군,1.0
6322,강원도,강릉시,0.14285714285714285
6322,강원도,동해시,0.14285714285714285
6322,강원도,속초시,0.14285714285714285
6322,강원도,양양군,0.14285714285714285
6322,강원도,철원군,0.14285714285714285
6322,강원도,춘천시,0.14285714285714285
6322,강원도,태백시,0.14285714285714285
6323,경상남도,거제시,1.0
6325,강원도,속초시,0.3333333333333333
6325,강원도,양양군,0.3333333333333333
6325,강원도,인제군,0.3333333333333333
6326,경상북도,경주시,1.0
6327,전라북도,부안군,0.5
6327,전라북도,전주시,0.5
6330,경상남도,창원시,1.0
6331,제주도,서귀포시(시내동),1.0
6332,강원도,고성군,1.0
6333,강원도,영월군,0.16666666666666666
6333,강원도,원주시,0.16666666666666666
6333,강원도,정선군,0.16666666666666666
6333,강원도,평창군,0.16666666666666666
6333,강원도,홍천군,0.16666666666666666
6333,강원도,횡성군,0.16666666666666666
6334,전라북도,전주시,1.0
6336,제주도,서귀포시(시내동),0.25
6336,제주도,성산읍,0.25
6336,제주도,애월읍,0.25
6336,제주도,제주시(시내동),0.25
6337,제주도,서귀포시(시내동),0.3333333333333333
6337,제주도,애월읍,0.3333333333333333
6337,제주도,제주시(시내동),0.3333333333333333
6339,강원도,홍천군,1.0
6340,전라북도,장수군,1.0
6341,강원도,강릉시,1.0
6344,경상남도,거제시,1.0
6345,경상남도,통영시,1.0
6346,강원도,동해시,1.0
6347,제주도,서귀포시(시내동),1.0
6349,충청북도,충주시(구 청원군 포함),1.0
6350,강원도,강릉시,1.0
6351,충청북도,단양군,0.3333333333333333
6351,충청북도,음성군,0.3333333333333333
6351,충청북도,진천군,0.3333333333333333
6352,전라남도,해남군,1.0
6353,제주도,서귀포시(시내동),0.5
6353,제주도,애월읍,0.5
6354,경상남도,남해군,1.0
6355,경기도,수원시,1.0
6356,강원도,강릉시,1.0
6357,강원도,동해시,0.3333333333333333
6357,강원도,속초시,0.3333333333333333
6357,강원도,양양군,0.3333333333333333
6358,충청북도,영동군,1.0
6359,충청북도,제천시,0.5
6359,충청북도,충주시(구 청원군 포함),0.5
6360,경상남도,거제시,1.0
6361,강원도,속초시,0.5
6361,강원도,양양군,0.5
6363,전라남도,여수시,1.0
6364,전라남도,구례군,1.0
6366,강원도,강릉시,0.5
6366,강원도,속초시,0.5
6367,전라남도,강진군,1.0
6369,강원도,고성군,1.0
6370,충청북도,청주시,1.0
6371,경상북도,울릉군,1.0
6372,전라남도,여수시,1.0
6373,경기도,여주시,0.5
6373,경기도,이천시,0.5
6374,강원도,동해시,0.25
6374,강원도,속초시,0.25
6374,강원도,원주시,0.25
6374,강원도,춘천시,0.25
6375,충청남도,세종특별자치시,1.0
6376,전라북도,군산시,0.5
6376,전라북도,전주시,0.5
6377,제주도,구좌읍,1.0
6378,강원도,동해시,0.5
6378,강원도,평창군,0.5
6379,경기도,연천군,1.0
6380,전라남도,순천시,1.0
6382,강원도,속초시,1.0
6383,경상남도,거제시,1.0
6384,강원도,원주시,1.0
6385,제주도,서귀포시(시내동),0.5
6385,제주도,제주시(시내동),0.5
6386,전라남도,해남군,1.0
6387,전라북도,전주시,1.0
6389,경상북도,안동시,0.3333333333333333
6389,경상북도,의성군,0.3333333333333333
6389,경상북도,청송군,0.3333333333333333
6390,강원도,강릉시,0.5
6390,강원도,속초시,0.5
6392,경상남도,남해군,1.0
6393,경기도,용인시,1.0
6394,강원도,정선군,1.0
6397,경상북도,청도군,1.0
6398,경기도,화성시,1.0
6399,강원도,속초시,1.0
6400,충청북도,청주시,1.0
6401,전라북도,군산시,1.0
6403,전라북도,전주시,1.0
6404,경상남도,산청군,1.0
6405,제주도,서귀포시(시내동),0.25
6405,제주도,애월읍,0.25
6405,제주도,우도면,0.25
6405,제주도,제주시(시내동),0.25
6406,강원도,고성군,1.0
6408,제주도,안덕면,0.5
6408,제주도,애월읍,0.5
6410,강원도,속초시,1.0
6411,강원도,강릉시,1.0
6412,충청남도,세종특별자치시,1.0
6413,경상북도,포항시,1.0
6414,강원도,동해시,1.0
6415,경상남도,남해군,1.0
6416,강원도,춘천시,1.0
6417,강원도,평창군,1.0
6418,강원도,횡성군,1.0
6419,경상남도,거제시,1.0
6420,경상남도,통영시,1.0
6421,강원도,속초시,1.0
6422,경기도,광주시,1.0
6423,경상북도,경주시,1.0
6424,강원도,속초시,1.0
6425,강원도,속초시,1.0
6426,강원도,평창군,1.0
6427,경상북도,경주시,1.0
6428,경상북도,영덕군,0.3333333333333333
6428,경상북도,울진군,0.3333333333333333
6428,경상북도,포항시,0.3333333333333333
6429,제주도,남원읍,0.5
6429,제주도,제주시(시내동),0.5
6431,경상남도,창원시,1.0
6432,제주도,애월읍,1.0
6435,전라북도,남원시,0.5
6435,전라북도,전주시,0.5
6436,제주도,서귀포시(시내동),1.0
6437,경상남도,남해군,1.0
6439,충청남도,태안군,1.0
6440,경상남도,거제시,0.5
6440,경상남도,밀양시,0.5
6442,경기도,부천시,1.0
6443,경상북도,경주시,1.0
6444,제주도,서귀포시(시내동),0.5
6444,제주도,표선면,0.5
6445,제주도,애월읍,1.0
6446,전라남도,영광군,1.0
6447,강원도,양양군,1.0
6448,경상남도,통영시,1.0
6449,충청남도,당진시,1.0
6451,충청북도,괴산군,1.0
6452,경기도,파주시,1.0
6453,전라남도,순천시,0.5
6453,전라남도,여수시,0.5
6455,전라북도,무주군,1.0
6456,경상남도,창녕군,1.0
6457,경상남도,고성군,1.0
6459,강원도,평창군,1.0
6460,제주도,서귀포시(시내동),0.16666666666666666
6460,제주도,성산읍,0.16666666666666666
6460,제주도,애월읍,0.16666666666666666
6460,제주도,우도면,0.16666666666666666
6460,제주도,제주시(시내동),0.16666666666666666
6460,제주도,표선면,0.16666666666666666
6461,경상북도,경주시,1.0
6462,충청남도,태안군,1.0
6463,강원도,강릉시,1.0
6464,전라남도,목포시,0.3333333333333333
6464,전라남도,신안군,0.3333333333333333
6464,전라남도,영광군,0.3333333333333333
6465,강원도,홍천군,0.5
6465,강원도,횡성군,0.5
6467,제주도,애월읍,0.5
6467,제주도,제주시(시내동),0.5
6468,제주도,구좌읍,0.3333333333333333
6468,제주도,성산읍,0.3333333333333333
6468,제주도,조천읍,0.3333333333333333
6469,강원도,고성군,0.3333333333333333
6469,강원도,삼척시,0.3333333333333333
6469,강원도,속초시,0.3333333333333333
6471,강원도,영월군,1.0
6472,경상북도,성주군,0.5
6472,경상북도,청송군,0.5
6473,강원도,양양군,1.0
6474,강원도,속초시,1.0
6475,제주도,대정읍,0.25
6475,제주도,서귀포시(시내동),0.25
6475,제주도,애월읍,0.25
6475,제주도,제주시(시내동),0.25
6476,강원도,원주시,1.0
6477,전라남도,화순군,1.0
6478,충청북도,단양군,1.0
6479,제주도,성산읍,1.0
6480,경상북도,경주시,1.0
6481,강원도,인제군,1.0
6482,경기도,동두천시,1.0
6483,제주도,조천읍,1.0
6484,충청남도,태안군,1.0
6485,강원도,정선군,1.0
6486,경기도,의정부시,1.0
6487,제주도,구좌읍,0.25
6487,제주도,성산읍,0.25
6487,제주도,애월읍,0.25
6487,제주도,제주시(시내동),0.25
6488,강원도,속초시,1.0
6489,강원도,고성군,1.0
6490,경기도,수원시,1.0
6491,경상남도,거제시,0.5
6491,경상남도,거창군,0.5
6492,경기도,수원시,1.0
6493,강원도,철원군,1.0
6494,경상북도,봉화군,1.0
6495,강원도,강릉시,1.0
6496,강원도,원주시,0.5
6496,강원도,홍천군,0.5
6497,전라남도,나주시,0.5
6497,전라남도,목포시,0.5
6499,강원도,고성군,1.0
6500,강원도,동해시,0.5
6500,강원도,화천군,0.5
6501,충청남도,태안군,1.0
6502,강원도,철원군,1.0
6503,충청북도,청주시,1.0
6504,경기도,여주시,1.0
6505,제주도,서귀포시(시내동),0.14285714285714285
6505,제주도,성산읍,0.14285714285714285
6505,제주도,애월읍,0.14285714285714285
6505,제주도,우도면,0.14285714285714285
6505,제주도,제주시(시내동),0.14285714285714285
6505,제주도,한경면,0.14285714285714285
6505,제주도,한림읍,0.14285714285714285
6506,강원도,강릉시,1.0
6507,전라남도,순천시,1.0
6508,전라남도,해남군,1.0
6509,경기도,오산시,1.0
6510,충청북도,청주시,1.0
6511,경상남도,밀양시,1.0
6512,강원도,강릉시,1.0
6513,충청북도,영동군,1.0
6514,전라남도,고흥군,0.25
6514,전라남도,보성군,0.25
6514,전라남도,순천시,0.25
6514,전라남도,여수시,0.25
6515,제주도,서귀포시(시내동),0.25
6515,제주도,안덕면,0.25
6515,제주도,애월읍,0.25
6515,제주도,한림읍,0.25
6516,충청남도,세종특별자치시,1.0
6518,경상북도,영주시,1.0
6519,제주도,서귀포시(시내동),0.25
6519,제주도,성산읍,0.25
6519,제주도,제주시(시내동),0.25
6519,제주도,한경면,0.25
6520,강원도,강릉시,1.0
6522,제주도,서귀포시(시내동),1.0
6523,강원도,속초시,1.0
6526,강원도,강릉시,1.0
6528,강원도,강릉시,1.0
6529,전라북도,완주군,1.0
6530,경상남도,거창군,1.0
6532,경상남도,산청군,1.0
6534,경상남도,함양군,1.0
6535,강원도,홍천군,1.0
6536,경상남도,거제시,1.0
6538,충청북도,단양군,1.0
6539,충청북도,괴산군,1.0
6541,강원도,철원군,1.0
6545,전라남도,여수시,1.0
6546,강원도,강릉시,1.0
6547,경상북도,경주시,1.0
6548,제주도,남원읍,0.125
6548,제주도,서귀포시(시내동),0.125
6548,제주도,성산읍,0.125
6548,제주도,애월읍,0.125
6548,제주도,제주시(시내동),0.125
6548,제주도,조천읍,0.125
6548,제주도,표선면,0.125
6548,제주도,한림읍,0.125
6549,강원도,양양군,1.0
6550,경상북도,상주시,1.0
6551,경기도,포천시,1.0
6552,강원도,강릉시,0.5
6552,강원도,속초시,0.5
6553,충청북도,단양군,1.0
6554,경상북도,경주시,1.0
6555,경기도,용인시,1.0
6558,충청남도,금산군,1.0
6559,강원도,속초시,1.0
6560,제주도,서귀포시(시내동),1.0
6561,충청남도,보령시,1.0
6562,제주도,성산읍,1.0
6563,강원도,강릉시,0.5
6563,강원도,고성군,0.5
6564,강원도,동해시,1.0
6565,경상북도,포항시,1.0
6566,강원도,삼척시,1.0
6567,충청남도,태안군,1.0
6568,강원도,속초시,1.0
6570,강원도,강릉시,1.0
6571,강원도,강릉시,1.0
6572,경상북도,영덕군,1.0
6573,경상북도,경주시,0.5
6573,경상북도,포항시,0.5
6574,경기도,양평군,0.5
6574,경기도,용인시,0.5
6575,경상남도,거제시,1.0
6576,충청북도,증평군,1.0
6577,제주도,구좌읍,0.25
6577,제주도,성산읍,0.25
6577,제주도,우도면,0.25
6577,제주도,제주시(시내동),0.25
6578,경기도,화성시,1.0
6579,충청남도,보령시,0.5
6579,충청남도,태안군,0.5
6580,충청북도,단양군,1.0
6583,충청남도,공주시,0.3333333333333333
6583,충청남도,부여군,0.3333333333333333
6583,충청남도,태안군,0.3333333333333333
6584,경상남도,거창군,1.0
6588,충청남도,서산시,1.0
6589,강원도,홍천군,1.0
6592,전라북도,군산시,1.0
6593,경상남도,거제시,1.0
6594,강원도,삼척시,0.5
6594,강원도,속초시,0.5
6595,충청북도,청주시,1.0
6596,충청남도,태안군,1.0
6597,경기도,고양시,0.5
6597,경기도,하남시,0.5
6599,경기도,안산시,1.0
6600,전라남도,나주시,0.3333333333333333
6600,전라남도,담양군,0.3333333333333333
6600,전라남도,화순군,0.3333333333333333
6601,충청남도,보령시,1.0
6602,강원도,영월군,1.0
6603,전라남도,순천시,0.5
6603,전라남도,완도군,0.5
6604,제주도,서귀포시(시내동),0.3333333333333333
6604,제주도,표선면,0.3333333333333333
6604,제주도,한림읍,0.3333333333333333
6605,경기도,가평군,1.0
6606,전라남도,여수시,1.0
6608,충청남도,태안군,1.0
6609,제주도,서귀포시(시내동),0.5
6609,제주도,제주시(시내동),0.5
6610,강원도,인제군,1.0
6611,제주도,성산읍,1.0
6613,경상남도,거제시,1.0
6614,강원도,속초시,1.0
6615,전라북도,군산시,1.0
6616,경기도,수원시,1.0
6617,경상북도,영덕군,0.5
6617,경상북도,청송군,0.5
6618,경상남도,남해군,1.0
6619,강원도,강릉시,0.5
6619,강원도,고성군,0.5
6620,전라남도,해남군,1.0
6621,강원도,삼척시,1.0
6622,강원도,홍천군,1.0
6624,전라남도,여수시,1.0
6625,경기도,용인시,1.0
6626,강원도,동해시,0.5
6626,강원도,삼척시,0.5
6628,강원도,춘천시,1.0
6630,전라남도,담양군,1.0
6631,전라북도,전주시,1.0
6632,전라남도,여수시,1.0
6633,경기도,시흥시,0.5
6633,경기도,화성시,0.5
6635,경상남도,통영시,1.0
6636,강원도,평창군,1.0
6638,충청북도,제천시,1.0
6639,경상북도,경주시,1.0
6640,경상남도,사천시,1.0
6641,전라남도,광양시,1.0
6642,충청북도,영동군,1.0
6643,충청남도,부여군,0.3333333333333333
6643,충청남도,아산시,0.3333333333333333
6643,충청남도,천안시,0.3333333333333333
6644,전라남도,고흥군,1.0
6645,강원도,동해시,0.3333333333333333
6645,강원도,속초시,0.3333333333333333
6645,강원도,춘천시,0.3333333333333333
6646,충청남도,보령시,0.3333333333333333
6646,충청남도,서산시,0.3333333333333333
6646,충청남도,태안군,0.3333333333333333
6647,전라북도,순창군,1.0
6648,전라북도,임실군,1.0
6649,제주도,제주시(시내동),0.5
6649,제주도,조천읍,0.5
6650,충청북도,제천시,1.0
6653,강원도,양양군,1.0
6654,강원도,삼척시,1.0
6655,전라북도,무주군,1.0
6658,강원도,강릉시,0.5
6658,강원도,속초시,0.5
6659,경상남도,거제시,1.0
6660,경상북도,경주시,1.0
6661,충청남도,부여군,1.0
6663,전라북도,남원시,1.0
6664,제주도,서귀포시(시내동),1.0
6666,강원도,강릉시,0.3333333333333333
6666,강원도,속초시,0.3333333333333333
6666,강원도,영월군,0.3333333333333333
6668,전라북도,무주군,1.0
6669,전라북도,군산시,1.0
6670,경상남도,하동군,1.0
6671,경상남도,거창군,0.3333333333333333
6671,경상남도,밀양시,0.3333333333333333
6671,경상남도,합천군,0.3333333333333333
6672,충청남도,태안군,1.0
6673,경상북도,영양군,1.0
6674,강원도,속초시,1.0
6675,경기도,연천군,1.0
6678,강원도,인제군,1.0
6679,전라남도,해남군,1.0
6680,경상남도,진주시,1.0
6681,경상북도,칠곡군,1.0
6682,충청남도,태안군,1.0
6684,제주도,성산읍,1.0
6685,전라북도,전주시,1.0
6686,제주도,성산읍,0.25
6686,제주도,조천읍,0.25
6686,제주도,한경면,0.25
6686,제주도,한림읍,0.25
6688,제주도,성산읍,1.0
6689,전라남도,신안군,1.0
6690,강원도,홍천군,1.0
6691,강원도,철원군,1.0
6692,경기도,안산시,1.0
6693,강원도,양양군,1.0
6694,충청북도,단양군,0.5
6694,충청북도,제천시,0.5
6695,강원도,속초시,1.0
6696,경상남도,거제시,1.0
6697,경상남도,거제시,1.0
6698,강원도,평창군,1.0
6699,강원도,속초시,1.0
6700,경기도,파주시,1.0
6702,강원도,속초시,1.0
6703,경기도,포천시,1.0
6704,강원도,평창군,1.0
6705,강원도,동해시,1.0
6706,전라남도,목포시,1.0
6707,충청북도,영동군,0.5
6707,충청북도,제천시,0.5
6708,경기도,안산시,1.0
6709,경상남도,통영시,1.0
6710,경상남도,밀양시,1.0
6711,제주도,남원읍,0.2
6711,제주도,서귀포시(시내동),0.2
6711,제주도,성산읍,0.2
6711,제주도,우도면,0.2
6711,제주도,제주시(시내동),0.2
6713,경기도,김포시,1.0
6714,경기도,양평군,1.0
6715,경상남도,거제시,1.0
6716,강원도,속초시,1.0
6718,경상북도,포항시,1.0
6719,경기도,여주시,1.0
6720,충청남도,태안군,1.0
6721,경상남도,거제시,0.3333333333333333
6721,경상남도,통영시,0.3333333333333333
6721,경상남도,하동군,0.3333333333333333
6722,강원도,평창군,1.0
6723,전라남도,진도군,1.0
6724,충청남도,보령시,1.0
6725,경상북도,경주시,0.5
6725,경상북도,포항시,0.5
6726,충청남도,보령시,1.0
6727,경기도,가평군,1.0
6728,강원도,삼척시,1.0
6729,제주도,서귀포시(시내동),0.2
6729,제주도,애월읍,0.2
6729,제주도,제주시(시내동),0.2
6729,제주도,조천읍,0.2
6729,제주도,한림읍,0.2
6731,강원도,정선군,0.5
6731,강원도,태백시,0.5
6732,경상남도,산청군,1.0
6734,충청남도,당진시,0.5
6734,충청남도,서천군,0.5
6736,강원도,양양군,1.0
6737,경기도,광주시,1.0
6738,경상북도,포항시,1.0
6739,전라남도,여수시,1.0
6740,강원도,강릉시,0.2
6740,강원도,고성군,0.2
6740,강원도,속초시,0.2
6740,강원도,양구군,0.2
6740,강원도,춘천시,0.2
6741,충청남도,서산시,1.0
6742,전라남도,여수시,1.0
6744,전라남도,광양시,1.0
6745,경기도,화성시,1.0
6746,경기도,광명시,1.0
6747,제주도,서귀포시(시내동),0.25
6747,제주도,제주시(시내동),0.25
6747,제주도,한경면,0.25
6747,제주도,한림읍,0.25
6749,충청북도,음성군,1.0
6750,강원도,속초시,0.5
6750,강원도,평창군,0.5
6751,경기도,안산시,1.0
6752,제주도,구좌읍,1.0
6753,강원도,정선군,1.0
6754,경상남도,거제시,1.0
6755,경기도,가평군,1.0
6756,경상북도,경주시,0.5
6756,경상북도,상주시,0.5
6757,제주도,서귀포시(시내동),0.3333333333333333
6757,제주도,안덕면,0.3333333333333333
6757,제주도,애월읍,0.3333333333333333
6758,경상남도,통영시,1.0
6759,경상남도,함양군,1.0
6762,강원도,동해시,0.5
6762,강원도,정선군,0.5
6763,강원도,삼척시,1.0
6764,경상남도,거제시,1.0
6766,경기도,양평군,1.0
6767,강원도,삼척시,1.0
6768,전라남도,순천시,1.0
6770,충청북도,단양군,1.0
6771,전라북도,군산시,1.0
6773,강원도,강릉시,1.0
6774,전라남도,담양군,1.0
6775,제주도,애월읍,1.0
6776,경상북도,안동시,1.0
6777,충청남도,공주시,1.0
6779,강원도,평창군,1.0
6780,강원도,속초시,1.0
6781,강원도,강릉시,0.3333333333333333
6781,강원도,속초시,0.3333333333333333
6781,강원도,평창군,0.3333333333333333
6782,경상남도,함양군,1.0
6785,강원도,속초시,1.0
6786,강원도,속초시,1.0
6787,경상북도,문경시,1.0
6789,충청남도,금산군,1.0
6790,경상북도,경주시,1.0
6792,강원도,강릉시,1.0
6793,경상북도,경주시,0.5
6793,경상북도,포항시,0.5
6794,충청남도,천안시,1.0
6796,전라남도,목포시,1.0
6798,제주도,남원읍,0.5
6798,제주도,서귀포시(시내동),0.5
6799,경기도,양평군,1.0
6803,전라남도,담양군,1.0
6804,전라북도,전주시,1.0
6805,강원도,고성군,1.0
6806,경상남도,함안군,1.0
6807,제주도,제주시(시내동),1.0
6808,충청남도,공주시,1.0
6810,경상남도,통영시,1.0
6812,충청남도,천안시,1.0
6813,경기도,화성시,1.0
6814,경상북도,칠곡군,1.0
6815,제주도,제주시(시내동),1.0
6816,강원도,속초시,0.5
6816,강원도,양양군,0.5
6819,강원도,속초시,1.0
6820,경상남도,창원시,1.0
6821,제주도,서귀포시(시내동),0.125
6821,제주도,성산읍,0.125
6821,제주도,안덕면,0.125
6821,제주도,애월읍,0.125
6821,제주도,제주시(시내동),0.125
6821,제주도,조천읍,0.125
6821,제주도,표선면,0.125
6821,제주도,한림읍,0.125
6824,강원도,속초시,1.0
6825,강원도,횡성군,1.0
6826,전라남도,해남군,1.0
6827,경기도,수원시,1.0
6828,제주도,서귀포시(시내동),1.0
6830,전라북도,전주시,1.0
6831,경기도,포천시,1.0
6832,경기도,가평군,1.0
6833,강원도,속초시,1.0
6834,제주도,애월읍,0.5
6834,제주도,제주시(시내동),0.5
6835,충청남도,보령시,1.0
6836,강원도,고성군,0.5
6836,강원도,속초시,0.5
6838,제주도,서귀포시(시내동),1.0
6839,강원도,속초시,1.0
6840,강원도,횡성군,1.0
6843,충청북도,단양군,1.0
6844,제주도,애월읍,1.0
6845,충청북도,제천시,1.0
6846,경상북도,포항시,1.0
6847,강원도,강릉시,1.0
6851,충청남도,천안시,1.0
6852,제주도,구좌읍,0.25
6852,제주도,성산읍,0.25
6852,제주도,조천읍,0.25
6852,제주도,표선면,0.25
6853,경상북도,성주군,1.0
6854,전라남도,여수시,1.0
6857,충청남도,홍성군,0.5
6857,충청남도,세종특별자치시,0.5
6859,경상북도,김천시,1.0
6860,전라남도,여수시,1.0
6861,전라북도,무주군,1.0
6863,경상북도,경주시,1.0
6865,강원도,태백시,1.0
6868,제주도,구좌읍,0.3333333333333333
6868,제주도,애월읍,0.3333333333333333
6868,제주도,한림읍,0.3333333333333333
6870,충청남도,서천군,0.3333333333333333
6870,충청남도,예산군,0.3333333333333333
6870,충청남도,태안군,0.3333333333333333
6871,제주도,서귀포시(시내동),0.25
6871,제주도,성산읍,0.25
6871,제주도,애월읍,0.25
6871,제주도,제주시(시내동),0.25
6872,강원도,동해시,1.0
6873,경상북도,경주시,0.5
6873,경상북도,청도군,0.5
6874,전라남도,순천시,1.0
6877,충청북도,제천시,1.0
6880,경기도,포천시,1.0
6881,제주도,서귀포시(시내동),0.5
6881,제주도,제주시(시내동),0.5
6882,제주도,구좌읍,0.2
6882,제주도,성산읍,0.2
6882,제주도,애월읍,0.2
6882,제주도,조천읍,0.2
6882,제주도,표선면,0.2
6885,충청북도,제천시,1.0
6888,강원도,강릉시,1.0
6889,강원도,강릉시,0.2
6889,강원도,고성군,0.2
6889,강원도,속초시,0.2
6889,강원도,양양군,0.2
6889,강원도,춘천시,0.2
6890,전라남도,순천시,1.0
6891,경상남도,거제시,1.0
6892,충청북도,충주시(구 청원군 포함),1.0
6893,제주도,서귀포시(시내동),0.3333333333333333
6893,제주도,애월읍,0.3333333333333333
6893,제주도,한림읍,0.3333333333333333
6894,경상남도,창원시,1.0
6896,경기도,평택시,1.0
6897,충청북도,음성군,1.0
6898,전라북도,군산시,1.0
6900,전라북도,전주시,1.0
6901,강원도,강릉시,0.5
6901,강원도,양양군,0.5
6903,강원도,양양군,1.0
6905,경상북도,칠곡군,0.5
6905,경상북도,포항시,0.5
6907,충청북도,충주시(구 청원군 포함),1.0
6908,강원도,강릉시,1.0
6911,경상남도,통영시,1.0
6912,제주도,서귀포시(시내동),1.0
6914,충청남도,태안군,1.0
6916,경상남도,남해군,0.3333333333333333
6916,경상남도,진주시,0.3333333333333333
6916,경상남도,통영시,0.3333333333333333
6917,충청북도,제천시,1.0
6918,전라남도,담양군,1.0
6919,경기도,용인시,1.0
6923,충청북도,충주시(구 청원군 포함),1.0
6924,경상남도,남해군,1.0
6925,경상남도,통영시,1.0
6926,전라북도,군산시,0.3333333333333333
6926,전라북도,부안군,0.3333333333333333
6926,전라북도,전주시,0.3333333333333333
6928,제주도,서귀포시(시내동),0.5
6928,제주도,제주시(시내동),0.5
6929,전라북도,완주군,1.0
6930,전라북도,부안군,1.0
6932,전라남도,담양군,1.0
6933,전라남도,광양시,1.0
6934,제주도,한경면,1.0
6935,전라남도,진도군,1.0
6936,제주도,한경면,1.0
6937,경상북도,경주시,0.5
6937,경상북도,포항시,0.5
6938,경상북도,경주시,1.0
6939,경기도,고양시,1.0
6941,경기도,양평군,1.0
6942,경기도,포천시,1.0
6944,강원도,홍천군,1.0
6946,전라북도,고창군,0.5
6946,전라북도,전주시,0.5
6947,제주도,서귀포시(시내동),0.5
6947,제주도,제주시(시내동),0.5
6948,경상남도,거제시,1.0
6949,경기도,광주시,1.0
6950,경상남도,양산시,1.0
6951,경상북도,청송군,1.0
6952,경상남도,남해군,1.0
6953,경상남도,남해군,1.0
6954,경기도,안산시,1.0
6955,충청북도,제천시,0.5
6955,충청북도,진천군,0.5
6956,충청북도,괴산군,0.5
6956,충청북도,단양군,0.5
6957,전라남도,순천시,0.5
6957,전라남도,여수시,0.5
6959,전라남도,고흥군,1.0
6960,충청북도,청주시,1.0
6962,경상북도,경주시,1.0
6963,강원도,속초시,1.0
6964,충청북도,청주시,1.0
6965,강원도,강릉시,0.3333333333333333
6965,강원도,삼척시,0.3333333333333333
6965,강원도,태백시,0.3333333333333333
6966,제주도,서귀포시(시내동),0.3333333333333333
6966,제주도,제주시(시내동),0.3333333333333333
6966,제주도,한림읍,0.3333333333333333
6968,제주도,서귀포시(시내동),0.3333333333333333
6968,제주도,성산읍,0.3333333333333333
6968,제주도,제주시(시내동),0.3333333333333333
6969,전라북도,남원시,1.0
6970,충청북도,충주시(구 청원군 포함),1.0
6971,경기도,수원시,1.0
6972,강원도,양양군,1.0
6976,경기도,군포시,0.5
6976,경기도,김포시,0.5
6977,강원도,철원군,1.0
6978,강원도,속초시,1.0
6979,경상남도,의령군,1.0
6981,강원도,속초시,1.0
6982,제주도,서귀포시(시내동),0.25
6982,제주도,성산읍,0.25
6982,제주도,애월읍,0.25
6982,제주도,제주시(시내동),0.25
6984,경기도,안산시,1.0
6985,충청남도,보령시,1.0
6986,제주도,서귀포시(시내동),0.5
6986,제주도,제주시(시내동),0.5
6987,전라북도,전주시,1.0
6989,강원도,양양군,1.0
6990,강원도,삼척시,1.0
6991,경기도,평택시,1.0
6992,강원도,원주시,1.0
6993,제주도,대정읍,0.14285714285714285
6993,제주도,서귀포시(시내동),0.14285714285714285
6993,제주도,성산읍,0.14285714285714285
6993,제주도,애월읍,0.14285714285714285
6993,제주도,제주시(시내동),0.14285714285714285
6993,제주도,조천읍,0.14285714285714285
6993,제주도,한림읍,0.14285714285714285
6994,전라남도,강진군,0.5
6994,전라남도,장흥군,0.5
6995,전라남도,여수시,1.0
6997,강원도,속초시,1.0
6998,경상북도,칠곡군,1.0
6999,전라북도,전주시,1.0
7000,강원도,정선군,1.0
7001,전라남도,여수시,1.0
7002,전라남도,여수시,1.0
7003,제주도,남원읍,0.3333333333333333
7003,제주도,제주시(시내동),0.3333333333333333
7003,제주도,표선면,0.3333333333333333
7004,충청북도,제천시,1.0
7006,강원도,속초시,1.0
7008,제주도,서귀포시(시내동),1.0
7010,충청남도,세종특별자치시,1.0
7011,경기도,가평군,0.5
7011,경기도,파주시,0.5
7012,충청북도,단양군,1.0
7013,강원도,정선군,1.0
7014,경상북도,울릉군,1.0
7016,경상남도,진주시,1.0
7018,충청북도,충주시(구 청원군 포함),1.0
7020,제주도,서귀포시(시내동),0.2
7020,제주도,애월읍,0.2
7020,제주도,제주시(시내동),0.2
7020,제주도,표선면,0.2
7020,제주도,한림읍,0.2
7021,충청남도,세종특별자치시,1.0
7022,강원도,속초시,1.0
7025,경기도,용인시,1.0
7027,전라남도,여수시,1.0
7028,경기도,수원시,1.0
7029,충청남도,당진시,1.0
7030,경기도,수원시,1.0
7032,충청북도,괴산군,0.3333333333333333
7032,충청북도,증평군,0.3333333333333333
7032,충청북도,청주시,0.3333333333333333
7034,경기도,가평군,1.0
7035,제주도,대정읍,0.2
7035,제주도,서귀포시(시내동),0.2
7035,제주도,성산읍,0.2
7035,제주도,애월읍,0.2
7035,제주도,제주시(시내동),0.2
7036,충청남도,공주시,0.5
7036,충청남도,청양군,0.5
7037,강원도,철원군,1.0
7038,경상북도,영천시,1.0
7039,강원도,태백시,1.0
7041,강원도,철원군,1.0
7043,경기도,화성시,1.0
7044,강원도,홍천군,1.0
7045,충청남도,논산시,1.0
7047,제주도,서귀포시(시내동),0.5
7047,제주도,제주시(시내동),0.5
7048,경상북도,예천군,1.0
7050,경상북도,경주시,0.5
7050,경상북도,포항시,0.5
7051,강원도,강릉시,0.3333333333333333
7051,강원도,고성군,0.3333333333333333
7051,강원도,동해시,0.3333333333333333
7052,전라남도,순천시,1.0
7054,제주도,대정읍,0.5
7054,제주도,서귀포시(시내동),0.5
7055,경상북도,경주시,1.0
7056,전라남도,여수시,1.0
7059,전라북도,부안군,1.0
7060,강원도,강릉시,0.5
7060,강원도,동해시,0.5
7063,경기도,화성시,1.0
7065,강원도,강릉시,1.0
7066,경상남도,사천시,1.0
7068,경기도,포천시,1.0
7069,강원도,속초시,1.0
7070,강원도,삼척시,1.0
7072,경기도,고양시,1.0
7073,충청남도,아산시,1.0
7074,충청북도,청주시,1.0
7075,강원도,강릉시,1.0
7077,전라북도,익산시,1.0
7078,경기도,시흥시,1.0
7079,전라북도,진안군,1.0
7080,제주도,서귀포시(시내동),1.0
7082,경기도,고양시,1.0
7084,제주도,서귀포시(시내동),0.3333333333333333
7084,제주도,성산읍,0.3333333333333333
7084,제주도,제주시(시내동),0.3333333333333333
7085,강원도,속초시,1.0
7086,강원도,양양군,0.3333333333333333
7086,강원도,정선군,0.3333333333333333
7086,강원도,평창군,0.3333333333333333
7087,강원도,강릉시,1.0
7088,충청남도,공주시,1.0
7090,강원도,속초시,1.0
7091,충청남도,예산군,1.0
7092,경상남도,하동군,0.5
7092,경상남도,함양군,0.5
7094,강원도,원주시,0.5
7094,강원도,평창군,0.5
7095,강원도,속초시,1.0
7097,제주도,구좌읍,0.25
7097,제주도,애월읍,0.25
7097,제주도,한경면,0.25
7097,제주도,한림읍,0.25
7098,경기도,수원시,1.0
7101,강원도,강릉시,0.25
7101,강원도,속초시,0.25
7101,강원도,양양군,0.25
7101,강원도,원주시,0.25
7109,강원도,속초시,1.0
7110,강원도,양양군,1.0
7111,경기도,수원시,1.0
7112,충청남도,서산시,1.0
7113,강원도,강릉시,1.0
7114,강원도,강릉시,1.0
7115,충청북도,제천시,1.0
7118,경상북도,영덕군,1.0
7120,전라북도,익산시,1.0
7121,전라남도,나주시,1.0
7122,충청북도,괴산군,1.0
7124,경기도,성남시,1.0
7126,강원도,강릉시,0.3333333333333333
7126,강원도,동해시,0.3333333333333333
7126,강원도,속초시,0.3333333333333333
7128,제주도,서귀포시(시내동),1.0
7129,경상남도,고성군,1.0
7130,충청북도,음성군,1.0
7131,경상남도,진주시,1.0
7132,경기도,양평군,1.0
7133,전라북도,부안군,1.0
7134,강원도,춘천시,0.5
7134,강원도,평창군,0.5
7135,경상북도,영덕군,1.0
7136,충청남도,서천군,1.0
7138,강원도,춘천시,1.0
7139,경기도,남양주시,1.0
7142,제주도,대정읍,0.16666666666666666
7142,제주도,서귀포시(시내동),0.16666666666666666
7142,제주도,성산읍,0.16666666666666666
7142,제주도,애월읍,0.16666666666666666
7142,제주도,한경면,0.16666666666666666
7142,제주도,한림읍,0.16666666666666666
7143,제주도,남원읍,0.16666666666666666
7143,제주도,서귀포시(시내동),0.16666666666666666
7143,제주도,안덕면,0.16666666666666666
7143,제주도,애월읍,0.16666666666666666
7143,제주도,제주시(시내동),0.16666666666666666
7143,제주도,한림읍,0.16666666666666666
7144,제주도,구좌읍,0.25
7144,제주도,서귀포시(시내동),0.25
7144,제주도,성산읍,0.25
7144,제주도,표선면,0.25
7145,경기도,양평군,1.0
7146,경상남도,남해군,1.0
7147,강원도,동해시,1.0
7148,충청북도,충주시(구 청원군 포함),1.0
7149,경상남도,거제시,0.2
7149,경상남도,김해시,0.2
7149,경상남도,밀양시,0.2
7149,경상남도,양산시,0.2
7149,경상남도,창원시,0.2
7150,충청북도,단양군,1.0
7151,제주도,서귀포시(시내동),0.3333333333333333
7151,제주도,성산읍,0.3333333333333333
7151,제주도,애월읍,0.3333333333333333
7152,경기도,포천시,1.0
7153,강원도,양구군,1.0
7156,제주도,성산읍,1.0
7159,경기도,오산시,1.0
7161,전라남도,여수시,1.0
7162,강원도,정선군,1.0
7163,경기도,김포시,1.0
7164,강원도,정선군,1.0
7167,경상남도,고성군,0.3333333333333333
7167,경상남도,창원시,0.3333333333333333
7167,경상남도,합천군,0.3333333333333333
7168,강원도,동해시,1.0
7169,경상북도,구미시,1.0
7170,강원도,속초시,1.0
7171,경기도,동두천시,1.0
7172,강원도,강릉시,1.0
7175,충청남도,당진시,1.0
7177,강원도,강릉시,1.0
7178,경상북도,구미시,1.0
7180,강원도,속초시,1.0
7181,경상북도,문경시,1.0
7183,경상남도,통영시,1.0
7184,전라남도,고흥군,0.3333333333333333
7184,전라남도,진도군,0.3333333333333333
7184,전라남도,해남군,0.3333333333333333
7186,제주도,제주시(시내동),1.0
7187,충청남도,서천군,1.0
7188,경상남도,창원시,1.0
7189,경상북도,봉화군,1.0
7191,제주도,대정읍,0.2
7191,제주도,안덕면,0.2
7191,제주도,애월읍,0.2
7191,제주도,한경면,0.2
7191,제주도,한림읍,0.2
7192,전라남도,여수시,1.0
7195,충청남도,공주시,1.0
7197,경상북도,경주시,0.5
7197,경상북도,포항시,0.5
7199,제주도,애월읍,1.0
7200,경기도,양평군,1.0
7202,제주도,서귀포시(시내동),0.3333333333333333
7202,제주도,애월읍,0.3333333333333333
7202,제주도,제주시(시내동),0.3333333333333333
7203,충청북도,단양군,1.0
7205,전라북도,부안군,1.0
7207,경기도,가평군,1.0
7208,경기도,수원시,1.0
7210,강원도,태백시,1.0
7211,제주도,구좌읍,0.5
7211,제주도,애월읍,0.5
7212,전라남도,영광군,1.0
7214,전라남도,진도군,1.0
7216,강원도,정선군,1.0
7217,강원도,속초시,1.0
7218,강원도,강릉시,0.25
7218,강원도,원주시,0.25
7218,강원도,평창군,0.25
7218,강원도,횡성군,0.25
7219,전라남도,나주시,1.0
7220,전라남도,신안군,1.0
7221,전라북도,군산시,1.0
7222,제주도,표선면,0.5
7222,제주도,한림읍,0.5
7224,경기도,고양시,1.0
7228,강원도,속초시,1.0
7230,경기도,고양시,1.0
7232,경기도,포천시,1.0
7233,전라남도,여수시,1.0
7235,전라남도,순천시,0.5
7235,전라남도,여수시,0.5
7237,경상북도,안동시,1.0
7238,충청남도,예산군,1.0
7240,제주도,서귀포시(시내동),1.0
7241,전라북도,군산시,1.0
7242,전라남도,순천시,1.0
7244,강원도,강릉시,1.0
7246,경기도,안성시,0.5
7246,경기도,양평군,0.5
7248,전라남도,목포시,0.5
7248,전라남도,신안군,0.5
7249,강원도,강릉시,1.0
7250,강원도,홍천군,1.0
7251,강원도,강릉시,0.5
7251,강원도,동해시,0.5
7252,강원도,속초시,1.0
7253,전라남도,구례군,0.5
7253,전라남도,보성군,0.5
7254,경기도,광주시,1.0
7255,제주도,제주시(시내동),1.0
7257,충청남도,세종특별자치시,1.0
7259,강원도,횡성군,1.0
7261,강원도,강릉시,0.5
7261,강원도,횡성군,0.5
7262,전라북도,전주시,1.0
7263,전라남도,여수시,1.0
7264,전라남도,여수시,0.5
7264,전라남도,함평군,0.5
7267,전라북도,무주군,1.0
7269,경상남도,거제시,0.5
7269,경상남도,통영시,0.5
7270,전라북도,익산시,0.3333333333333333
7270,전라북도,임실군,0.3333333333333333
7270,전라북도,전주시,0.3333333333333333
7271,강원도,속초시,1.0
7272,전라북도,군산시,1.0
7273,강원도,동해시,0.5
7273,강원도,인제군,0.5
7274,경기도,광명시,1.0
7275,강원도,속초시,1.0
7276,강원도,속초시,1.0
7277,강원도,태백시,1.0
7278,경상남도,진주시,1.0
7279,강원도,강릉시,1.0
7283,경상북도,구미시,1.0
7284,전라남도,목포시,1.0
7285,강원도,양양군,1.0
7286,경상북도,포항시,1.0
7287,강원도,강릉시,1.0
7289,강원도,강릉시,1.0
7290,경기도,하남시,1.0
7291,전라남도,보성군,1.0
7292,강원도,강릉시,0.25
7292,강원도,동해시,0.25
7292,강원도,속초시,0.25
7292,강원도,춘천시,0.25
7295,경상남도,거제시,1.0
7296,강원도,속초시,1.0
7297,충청북도,제천시,1.0
7298,전라남도,보성군,1.0
7301,강원도,춘천시,1.0
7302,경기도,포천시,1.0
7304,전라남도,강진군,0.5
7304,전라남도,영암군,0.5
7305,전라남도,목포시,1.0
7306,경상남도,거제시,1.0
7307,경상북도,경산시,1.0
7308,경기도,양주시,1.0
7309,경상북도,경주시,1.0
7310,강원도,강릉시,1.0
7311,경상남도,창원시,1.0
7312,충청남도,태안군,1.0
7314,전라남도,영광군,1.0
7315,전라남도,보성군,0.5
7315,전라남도,장흥군,0.5
7316,전라북도,군산시,1.0
7317,전라남도,담양군,0.3333333333333333
7317,전라남도,무안군,0.3333333333333333
7317,전라남도,진도군,0.3333333333333333
7318,경기도,시흥시,1.0
7319,경상북도,영천시,1.0
7320,강원도,속초시,1.0
7321,경상남도,진주시,1.0
7322,강원도,홍천군,1.0
7324,강원도,고성군,1.0
7325,전라남도,목포시,0.5
7325,전라남도,해남군,0.5
7326,경기도,오산시,1.0
7327,강원도,속초시,1.0
7329,강원도,속초시,1.0
7330,강원도,속초시,1.0
7332,충청북도,보은군,1.0
7334,강원도,삼척시,1.0
7335,강원도,강릉시,1.0
7338,강원도,강릉시,1.0
7340,경기도,화성시,1.0
7341,전라남도,담양군,0.25
7341,전라남도,목포시,0.25
7341,전라남도,무안군,0.25
7341,전라남도,함평군,0.25
7343,충청남도,보령시,1.0
7344,전라남도,순천시,0.5
7344,전라남도,여수시,0.5
7345,제주도,제주시(시내동),1.0
7346,경상북도,봉화군,0.3333333333333333
7346,경상북도,영주시,0.3333333333333333
7346,경상북도,울진군,0.3333333333333333
7347,제주도,제주시(시내동),0.5
7347,제주도,한림읍,0.5
7348,전라북도,군산시,1.0
7349,제주도,구좌읍,0.14285714285714285
7349,제주도,서귀포시(시내동),0.14285714285714285
7349,제주도,성산읍,0.14285714285714285
7349,제주도,애월읍,0.14285714285714285
7349,제주도,제주시(시내동),0.14285714285714285
7349,제주도,조천읍,0.14285714285714285
7349,제주도,한림읍,0.14285714285714285
7350,전라남도,진도군,1.0
7352,경상남도,거제시,1.0
7353,전라북도,무주군,1.0
7355,전라남도,여수시,1.0
7356,경상남도,사천시,1.0
7359,경상남도,김해시,0.5
7359,경상남도,창원시,0.5
7360,강원도,평창군,1.0
7361,전라남도,강진군,1.0
7362,전라북도,전주시,1.0
7364,전라남도,광양시,1.0
7365,경상북도,포항시,1.0
7366,충청남도,서천군,1.0
7367,전라남도,화순군,1.0
7368,경상남도,진주시,1.0
7370,전라북도,군산시,1.0
7371,경상북도,경주시,1.0
7372,경기도,양평군,1.0
7373,경기도,고양시,1.0
7375,전라남도,장성군,1.0
7377,충청남도,청양군,1.0
7379,강원도,삼척시,1.0
7380,경기도,양평군,1.0
7381,전라남도,순천시,1.0
7382,강원도,강릉시,0.3333333333333333
7382,강원도,속초시,0.3333333333333333
7382,강원도,양양군,0.3333333333333333
7383,강원도,춘천시,1.0
7385,충청북도,청주시,0.5
7385,충청북도,충주시(구 청원군 포함),0.5
7386,충청남도,예산군,1.0
7387,강원도,속초시,1.0
7388,경상남도,고성군,0.25
7388,경상남도,김해시,0.25
7388,경상남도,밀양시,0.25
7388,경상남도,통영시,0.25
7389,경기도,여주시,1.0
7391,전라남도,목포시,1.0
7392,경기도,구리시,1.0
7393,경상남도,남해군,1.0
7394,강원도,양양군,1.0
7395,경상남도,거제시,1.0
7397,강원도,속초시,1.0
7398,강원도,속초시,1.0
7399,제주도,서귀포시(시내동),0.25
7399,제주도,애월읍,0.25
7399,제주도,우도면,0.25
7399,제주도,제주시(시내동),0.25
7400,경상북도,문경시,1.0
7401,강원도,고성군,1.0
7402,경기도,용인시,1.0
7403,경상북도,영천시,1.0
7404,전라북도,익산시,1.0
7405,경상북도,상주시,1.0
7406,경기도,남양주시,1.0
7407,강원도,평창군,1.0
7409,경기도,가평군,0.25
7409,경기도,양평군,0.25
7409,경기도,연천군,0.25
7409,경기도,포천시,0.25
7410,경상북도,포항시,1.0
7412,강원도,강릉시,0.5
7412,강원도,속초시,0.5
7413,경상남도,밀양시,1.0
7414,경상북도,안동시,1.0
7415,경상남도,통영시,1.0
7416,경기도,부천시,1.0
7417,충청북도,충주시(구 청원군 포함),1.0
7420,강원도,원주시,1.0
7421,충청남도,홍성군,1.0
7422,경상북도,안동시,1.0
7425,강원도,삼척시,1.0
7426,강원도,동해시,1.0
7427,강원도,고성군,0.3333333333333333
7427,강원도,속초시,0.3333333333333333
7427,강원도,인제군,0.3333333333333333
7428,전라북도,전주시,1.0
7430,전라남도,광양시,0.5
7430,전라남도,여수시,0.5
7431,충청남도,태안군,1.0
7432,제주도,대정읍,0.3333333333333333
7432,제주도,안덕면,0.3333333333333333
7432,제주도,제주시(시내동),0.3333333333333333
7433,경상북도,경주시,1.0
7434,강원도,강릉시,1.0
7435,충청북도,옥천군,1.0
7437,강원도,양양군,1.0
7438,경상남도,남해군,0.5
7438,경상남도,통영시,0.5
7441,강원도,태백시,1.0
7442,강원도,강릉시,1.0
7447,제주도,서귀포시(시내동),0.3333333333333333
7447,제주도,우도면,0.3333333333333333
7447,제주도,제주시(시내동),0.3333333333333333
7449,강원도,삼척시,1.0
7450,강원도,동해시,0.25
7450,강원도,속초시,0.25
7450,강원도,양양군,0.25
7450,강원도,홍천군,0.25
7451,제주도,애월읍,0.25
7451,제주도,제주시(시내동),0.25
7451,제주도,조천읍,0.25
7451,제주도,한림읍,0.25
7452,경상북도,포항시,1.0
7453,경상북도,문경시,1.0
7455,경상남도,거제시,0.5
7455,경상남도,통영시,0.5
7458,경기도,용인시,1.0
7459,강원도,양양군,1.0
7461,경상남도,밀양시,1.0
7466,경기도,화성시,1.0
7467,전라남도,곡성군,0.5
7467,전라남도,구례군,0.5
7468,제주도,서귀포시(시내동),0.5
7468,제주도,애월읍,0.5
7469,경상북도,경주시,0.3333333333333333
7469,경상북도,영덕군,0.3333333333333333
7469,경상북도,포항시,0.3333333333333333
7470,경상남도,밀양시,1.0
7471,충청남도,보령시,1.0
7473,강원도,철원군,1.0
7474,강원도,원주시,1.0
7475,전라북도,진안군,1.0
7476,강원도,속초시,0.5
7476,강원도,홍천군,0.5
7477,전라남도,나주시,1.0
7478,전라남도,목포시,1.0
7479,경상북도,구미시,1.0
7481,경상북도,경주시,0.5
7481,경상북도,포항시,0.5
7482,강원도,영월군,0.5
7482,강원도,태백시,0.5
7483,경기도,고양시,1.0
7484,강원도,속초시,1.0
7485,경기도,용인시,0.5
7485,경기도,이천시,0.5
7486,강원도,강릉시,0.3333333333333333
7486,강원도,속초시,0.3333333333333333
7486,강원도,양양군,0.3333333333333333
7487,전라북도,익산시,1.0
7488,강원도,속초시,0.5
7488,강원도,양양군,0.5
7489,경기도,오산시,0.5
7489,경기도,평택시,0.5
7490,경기도,용인시,1.0
7491,강원도,강릉시,0.25
7491,강원도,고성군,0.25
7491,강원도,삼척시,0.25
7491,강원도,속초시,0.25
7492,경기도,남양주시,1.0
7496,제주도,애월읍,1.0
7497,경상북도,김천시,1.0
7498,전라남도,여수시,1.0
7500,경상남도,거창군,1.0
7501,강원도,강릉시,0.3333333333333333
7501,강원도,속초시,0.3333333333333333
7501,강원도,춘천시,0.3333333333333333
7502,충청남도,보령시,1.0
7503,경상북도,경주시,1.0
7504,충청남도,태안군,1.0
7505,경상남도,창원시,1.0
7508,경상북도,고령군,1.0
7509,강원도,강릉시,0.5
7509,강원도,속초시,0.5
7510,강원도,홍천군,1.0
7512,전라북도,진안군,1.0
7513,경기도,과천시,1.0
7514,제주도,제주시(시내동),1.0
7516,강원도,태백시,1.0
7517,경상남도,거제시,1.0
7518,경기도,여주시,1.0
7519,강원도,속초시,1.0
7520,경기도,고양시,1.0
7521,강원도,양양군,1.0
7522,강원도,동해시,1.0
7524,경기도,가평군,1.0
7525,충청북도,진천군,1.0
7526,전라남도,순천시,1.0
7528,경상남도,거제시,1.0
7529,강원도,강릉시,1.0
7530,강원도,춘천시,1.0
7532,전라남도,여수시,1.0
7533,전라북도,군산시,0.5
7533,전라북도,부안군,0.5
7539,충청북도,충주시(구 청원군 포함),1.0
7542,제주도,서귀포시(시내동),0.5
7542,제주도,애월읍,0.5
7543,경기도,포천시,1.0
7546,전라북도,전주시,1.0
7547,강원도,삼척시,1.0
7548,강원도,평창군,1.0
7549,경기도,양평군,1.0
7550,경기도,파주시,1.0
7552,경상북도,포항시,1.0
7553,충청남도,태안군,0.5
7553,충청남도,홍성군,0.5
7554,제주도,구좌읍,0.25
7554,제주도,애월읍,0.25
7554,제주도,제주시(시내동),0.25
7554,제주도,조천읍,0.25
7555,강원도,고성군,1.0
7556,강원도,평창군,1.0
7557,전라남도,무안군,1.0
7558,경기도,가평군,1.0
7559,경상북도,경주시,1.0
7560,경상남도,거제시,0.25
7560,경상남도,고성군,0.25
7560,경상남도,사천시,0.25
7560,경상남도,통영시,0.25
7562,경상북도,울진군,1.0
7563,충청남도,태안군,1.0
7564,경상남도,하동군,1.0
7565,전라북도,전주시,1.0
7566,제주도,우도면,1.0
7567,전라남도,목포시,0.5
7567,전라남도,신안군,0.5
7568,전라남도,구례군,1.0
7569,제주도,서귀포시(시내동),1.0
7570,강원도,정선군,1.0
7572,강원도,강릉시,1.0
7575,전라북도,진안군,1.0
7576,강원도,강릉시,1.0
7577,강원도,고성군,0.5
7577,강원도,속초시,0.5
7578,강원도,강릉시,1.0
7579,경상남도,양산시,1.0
7582,경상북도,영덕군,1.0
7584,강원도,강릉시,1.0
7585,충청남도,보령시,0.3333333333333333
7585,충청남도,부여군,0.3333333333333333
7585,충청남도,예산군,0.3333333333333333
7586,경기도,고양시,1.0
7587,경상북도,성주군,1.0
7588,충청남도,태안군,1.0
7589,경상북도,영덕군,1.0
7590,전라남도,나주시,0.25
7590,전라남도,담양군,0.25
7590,전라남도,목포시,0.25
7590,전라남도,순천시,0.25
7591,경기도,용인시,1.0
7592,충청북도,충주시(구 청원군 포함),1.0
7593,강원도,화천군,1.0
7594,경기도,파주시,1.0
7595,강원도,동해시,1.0
7597,강원도,강릉시,1.0
7598,경기도,용인시,1.0
7599,경상북도,경주시,1.0
7602,경상북도,경주시,0.3333333333333333
7602,경상북도,문경시,0.3333333333333333
7602,경상북도,포항시,0.3333333333333333
7603,제주도,서귀포시(시내동),0.5
7603,제주도,제주시(시내동),0.5
7605,경상북도,문경시,1.0
7606,경기도,양평군,1.0
7607,경기도,수원시,1.0
7608,경상북도,구미시,0.5
7608,경상북도,김천시,0.5
7610,전라남도,고흥군,1.0
7612,강원도,정선군,1.0
7613,경상남도,거창군,1.0
7615,경상북도,경주시,1.0
7616,강원도,고성군,1.0
7617,전라남도,무안군,1.0
7618,강원도,강릉시,1.0
7619,전라북도,완주군,1.0
7620,경상남도,하동군,1.0
7621,충청남도,태안군,1.0
7623,강원도,강릉시,0.16666666666666666
7623,강원도,고성군,0.16666666666666666
7623,강원도,삼척시,0.16666666666666666
7623,강원도,춘천시,0.16666666666666666
7623,강원도,태백시,0.16666666666666666
7623,강원도,평창군,0.16666666666666666
7624,경기도,가평군,1.0
7625,강원도,평창군,1.0
7627,강원도,평창군,1.0
7628,충청북도,제천시,1.0
7629,경상북도,포항시,1.0
7630,전라북도,남원시,1.0
7631,제주도,서귀포시(시내동),1.0
7633,경상북도,영천시,1.0
7634,경상남도,김해시,1.0
7635,강원도,동해시,0.5
7635,강원도,삼척시,0.5
7636,충청남도,천안시,1.0
7637,경기도,고양시,1.0
7638,경기도,안산시,1.0
7639,충청남도,보령시,1.0
7640,강원도,강릉시,0.5
7640,강원도,삼척시,0.5
7641,강원도,태백시,1.0
7642,충청남도,서천군,1.0
7643,강원도,강릉시,0.5
7643,강원도,속초시,0.5
7644,충청남도,홍성군,1.0
7645,충청북도,괴산군,1.0
7646,충청남도,예산군,1.0
7647,충청남도,보령시,1.0
7648,제주도,애월읍,1.0
7649,경상남도,남해군,1.0
7650,경상남도,하동군,1.0
7654,충청남도,부여군,1.0
7655,경기도,광명시,1.0
7657,경상남도,하동군,1.0
7658,전라북도,고창군,0.5
7658,전라북도,군산시,0.5
7659,전라남도,보성군,0.5
7659,전라남도,완도군,0.5
7660,제주도,구좌읍,0.2
7660,제주도,성산읍,0.2
7660,제주도,애월읍,0.2
7660,제주도,제주시(시내동),0.2
7660,제주도,표선면,0.2
7661,경상북도,경주시,0.5
7661,경상북도,상주시,0.5
7663,충청남도,태안군,1.0
7664,강원도,강릉시,1.0
7666,경상남도,거제시,1.0
7668,경상북도,경주시,1.0
7669,경상북도,영덕군,0.3333333333333333
7669,경상북도,울진군,0.3333333333333333
7669,경상북도,청송군,0.3333333333333333
7670,경상남도,산청군,1.0
7672,경상남도,거제시,1.0
7673,제주도,제주시(시내동),1.0
7674,충청북도,제천시,1.0
7675,충청남도,보령시,0.5
7675,충청남도,태안군,0.5
7676,강원도,강릉시,1.0
7677,경기도,가평군,1.0
7678,전라남도,순천시,0.5
7678,전라남도,영암군,0.5
7679,강원도,동해시,1.0
7680,경기도,광명시,1.0
7683,경상남도,거제시,1.0
7685,충청남도,보령시,1.0
7686,충청남도,태안군,1.0
7688,경상남도,함안군,1.0
7689,충청남도,홍성군,1.0
7690,강원도,강릉시,1.0
7691,강원도,동해시,1.0
7692,경상북도,경주시,1.0
7693,충청북도,제천시,1.0
7694,전라남도,목포시,1.0
7695,경상남도,통영시,1.0
7696,강원도,속초시,1.0
7699,강원도,평창군,1.0
7700,경상북도,경주시,1.0
7702,제주도,대정읍,0.16666666666666666
7702,제주도,서귀포시(시내동),0.16666666666666666
7702,제주도,성산읍,0.16666666666666666
7702,제주도,제주시(시내동),0.16666666666666666
7702,제주도,한경면,0.16666666666666666
7702,제주도,한림읍,0.16666666666666666
7703,강원도,강릉시,1.0
7704,강원도,강릉시,1.0
7705,경상북도,포항시,1.0
7707,전라남도,진도군,1.0
7708,경상북도,경주시,0.5
7708,경상북도,칠곡군,0.5
7709,경기도,평택시,1.0
7711,강원도,양양군,1.0
7712,강원도,화천군,1.0
7715,강원도,삼척시,1.0
7716,제주도,대정읍,0.2
7716,제주도,서귀포시(시내동),0.2
7716,제주도,애월읍,0.2
7716,제주도,제주시(시내동),0.2
7716,제주도,조천읍,0.2
7717,경상북도,울진군,1.0
7718,강원도,강릉시,1.0
7719,경기도,가평군,0.5
7719,경기도,포천시,0.5
7721,전라남도,목포시,0.3333333333333333
7721,전라남도,신안군,0.3333333333333333
7721,전라남도,여수시,0.3333333333333333
7722,제주도,한림읍,1.0
7723,경기도,용인시,1.0
7725,전라북도,진안군,1.0
7726,충청남도,공주시,0.3333333333333333
7726,충청남도,서산시,0.3333333333333333
7726,충청남도,아산시,0.3333333333333333
7727,경기도,안산시,1.0
7728,강원도,속초시,1.0
7730,전라북도,무주군,1.0
7731,전라북도,남원시,0.25
7731,전라북도,완주군,0.25
7731,전라북도,익산시,0.25
7731,전라북도,전주시,0.25
7732,제주도,서귀포시(시내동),0.3333333333333333
7732,제주도,애월읍,0.3333333333333333
7732,제주도,제주시(시내동),0.3333333333333333
7733,경상남도,창원시,1.0
7734,경상북도,문경시,1.0
7736,전라남도,화순군,1.0
7737,경기도,양평군,1.0
7738,경상북도,경주시,1.0
7739,경상북도,경주시,1.0
7741,강원도,속초시,1.0
7743,강원도,정선군,1.0
7744,경상북도,포항시,1.0
7745,충청남도,보령시,1.0
7746,강원도,춘천시,1.0
7748,경기도,여주시,1.0
7749,경상북도,영천시,1.0
7750,전라북도,전주시,1.0
7751,전라남도,여수시,1.0
7752,경기도,파주시,0.5
7752,경기도,포천시,0.5
7754,강원도,강릉시,1.0
7755,경상남도,김해시,1.0
7756,전라남도,구례군,1.0
7759,경상북도,포항시,1.0
7760,강원도,평창군,1.0
7761,강원도,강릉시,0.5
7761,강원도,속초시,0.5
7762,전라남도,보성군,1.0
7763,전라남도,여수시,1.0
7764,강원도,강릉시,1.0
7767,강원도,강릉시,1.0
7768,충청남도,서산시,1.0
7769,경상남도,하동군,1.0
7770,경기도,평택시,1.0
7771,강원도,고성군,1.0
7772,경기도,가평군,1.0
7773,강원도,속초시,1.0
7774,경기도,여주시,1.0
7777,강원도,홍천군,0.5
7777,강원도,횡성군,0.5
7778,충청남도,태안군,1.0
7780,전라북도,남원시,1.0
7781,충청북도,단양군,1.0
7782,경상북도,경주시,0.5
7782,경상북도,포항시,0.5
7783,제주도,서귀포시(시내동),1.0
7784,제주도,구좌읍,0.5
7784,제주도,애월읍,0.5
7785,강원도,강릉시,1.0
7788,경상남도,의령군,0.25
7788,경상남도,진주시,0.25
7788,경상남도,하동군,0.25
7788,경상남도,함안군,0.25
7790,경상북도,경주시,1.0
7793,전라북도,전주시,1.0
7794,경기도,가평군,1.0
7795,전라북도,고창군,1.0
7796,제주도,애월읍,1.0
7797,제주도,애월읍,0.5
7797,제주도,제주시(시내동),0.5
7798,충청남도,세종특별자치시,1.0
7800,강원도,강릉시,1.0
7801,경기도,포천시,1.0
7803,강원도,원주시,1.0
7806,전라남도,담양군,1.0
7807,강원도,강릉시,0.5
7807,강원도,속초시,0.5
7808,강원도,강릉시,0.5
7808,강원도,동해시,0.5
7809,강원도,속초시,1.0
7810,충청남도,천안시,1.0
7812,전라남도,해남군,1.0
7813,강원도,동해시,1.0
7815,경기도,양주시,0.5
7815,경기도,여주시,0.5
7816,강원도,고성군,1.0
7817,충청남도,세종특별자치시,1.0
7819,경기도,김포시,1.0
7820,제주도,서귀포시(시내동),1.0
7822,제주도,서귀포시(시내동),0.5
7822,제주도,제주시(시내동),0.5
7823,강원도,영월군,1.0
7824,경상남도,거창군,1.0
7825,전라남도,순천시,1.0
7826,경기도,과천시,0.5
7826,경기도,수원시,0.5
7828,전라남도,여수시,1.0
7831,강원도,고성군,0.5
7831,강원도,속초시,0.5
7833,강원도,양양군,1.0
7834,경기도,성남시,0.5
7834,경기도,하남시,0.5
7835,전라북도,군산시,1.0
7841,충청북도,단양군,1.0
7842,충청북도,청주시,1.0
7843,경상남도,함안군,1.0
7844,경기도,파주시,1.0
7845,경상북도,경주시,1.0
7846,경상남도,산청군,1.0
7848,경상남도,창녕군,1.0
7849,강원도,동해시,1.0
7850,충청남도,보령시,1.0
7852,충청북도,괴산군,1.0
7853,전라남도,여수시,1.0
7854,충청북도,영동군,1.0
7855,전라북도,남원시,1.0
7856,충청남도,서산시,1.0
7857,제주도,성산읍,1.0
7858,전라남도,고흥군,0.2
7858,전라남도,구례군,0.2
7858,전라남도,순천시,0.2
7858,전라남도,진도군,0.2
7858,전라남도,해남군,0.2
7860,충청남도,보령시,1.0
7863,경기도,연천군,0.3333333333333333
7863,경기도,파주시,0.3333333333333333
7863,경기도,포천시,0.3333333333333333
7867,경상남도,통영시,1.0
7869,강원도,춘천시,1.0
7870,경상북도,경주시,1.0
7871,경상남도,거제시,1.0
7872,전라남도,여수시,1.0
7873,강원도,화천군,1.0
7874,강원도,원주시,1.0
7875,전라남도,구례군,1.0
7876,경기도,가평군,1.0
7877,전라남도,여수시,1.0
7878,전라남도,보성군,1.0
7880,강원도,철원군,1.0
7881,강원도,동해시,1.0
7882,충청북도,청주시,1.0
7884,전라남도,여수시,1.0
7886,경상북도,성주군,1.0
7887,경상북도,경주시,1.0
7888,경상북도,경주시,1.0
7890,경상남도,남해군,1.0
7891,강원도,동해시,1.0
7893,강원도,원주시,1.0
7894,전라북도,전주시,1.0
7895,충청남도,당진시,0.5
7895,충청남도,천안시,0.5
7896,경기도,가평군,0.5
7896,경기도,고양시,0.5
7899,경기도,가평군,1.0
7900,제주도,표선면,1.0
7901,전라북도,장수군,1.0
7904,제주도,제주시(시내동),0.5
7904,제주도,조천읍,0.5
7906,충청남도,서산시,0.5
7906,충청남도,태안군,0.5
7908,강원도,강릉시,1.0
7909,강원도,양양군,1.0
7910,경상남도,거제시,1.0
7911,강원도,동해시,1.0
7912,전라북도,무주군,1.0
7913,강원도,강릉시,1.0
7914,강원도,강릉시,1.0
7916,강원도,속초시,0.3333333333333333
7916,강원도,영월군,0.3333333333333333
7916,강원도,춘천시,0.3333333333333333
7918,강원도,속초시,1.0
7919,강원도,속초시,1.0
7920,충청남도,공주시,1.0
7921,경상북도,울진군,1.0
7922,전라북도,군산시,1.0
7923,강원도,평창군,1.0
7924,강원도,홍천군,1.0
7925,경상북도,문경시,1.0
7927,경기도,안성시,1.0
7928,경기도,이천시,0.5
7928,경기도,하남시,0.5
7929,강원도,동해시,1.0
7930,강원도,정선군,1.0
7931,경기도,고양시,0.5
7931,경기도,연천군,0.5
7932,충청남도,당진시,1.0
7933,경상북도,경주시,1.0
7934,전라남도,나주시,1.0
7935,전라남도,광양시,0.5
7935,전라남도,여수시,0.5
7936,강원도,원주시,1.0
7939,충청북도,단양군,1.0
7940,강원도,삼척시,1.0
7942,강원도,강릉시,0.3333333333333333
7942,강원도,고성군,0.3333333333333333
7942,강원도,속초시,0.3333333333333333
7943,강원도,양양군,1.0
7944,경기도,성남시,1.0
7945,경상북도,청도군,1.0
7946,강원도,양양군,1.0
7948,강원도,춘천시,1.0
7949,제주도,구좌읍,0.2
7949,제주도,애월읍,0.2
7949,제주도,제주시(시내동),0.2
7949,제주도,조천읍,0.2
7949,제주도,한림읍,0.2
7950,경기도,고양시,1.0
7951,경기도,수원시,1.0
7953,충청남도,천안시,1.0
7954,강원도,양양군,1.0
7955,강원도,강릉시,1.0
7957,제주도,안덕면,0.25
7957,제주도,제주시(시내동),0.25
7957,제주도,표선면,0.25
7957,제주도,한림읍,0.25
7958,강원도,정선군,1.0
7960,충청북도,단양군,1.0
7961,제주도,한림읍,1.0
7962,전라북도,정읍시,1.0
7963,제주도,구좌읍,0.2
7963,제주도,남원읍,0.2
7963,제주도,성산읍,0.2
7963,제주도,제주시(시내동),0.2
7963,제주도,조천읍,0.2
7964,경상남도,통영시,1.0
7966,충청남도,태안군,1.0
7967,경기도,남양주시,1.0
7968,경상남도,산청군,1.0
7969,경기도,고양시,1.0
7970,경상남도,밀양시,1.0
7971,충청북도,청주시,1.0
7972,전라남도,구례군,0.125
7972,전라남도,무안군,0.125
7972,전라남도,신안군,0.125
7972,전라남도,영광군,0.125
7972,전라남도,영암군,0.125
7972,전라남도,진도군,0.125
7972,전라남도,해남군,0.125
7972,전라남도,화순군,0.125
7973,경상북도,칠곡군,1.0
7974,전라남도,여수시,1.0
7975,전라북도,무주군,1.0
7976,강원도,강릉시,0.5
7976,강원도,고성군,0.5
7977,경기도,수원시,1.0
7979,강원도,강릉시,1.0
7980,충청남도,계룡시,0.3333333333333333
7980,충청남도,아산시,0.3333333333333333
7980,충청남도,세종특별자치시,0.3333333333333333
7981,전라북도,전주시,1.0
7983,전라북도,군산시,1.0
7984,경상남도,밀양시,1.0
7985,강원도,강릉시,1.0
7986,전라북도,전주시,1.0
7987,충청북도,충주시(구 청원군 포함),1.0
7988,전라남도,여수시,1.0
7989,강원도,강릉시,0.5
7989,강원도,고성군,0.5
7990,전라남도,광양시,1.0
7991,제주도,구좌읍,0.2
7991,제주도,대정읍,0.2
7991,제주도,성산읍,0.2
7991,제주도,애월읍,0.2
7991,제주도,한경면,0.2
7992,충청북도,청주시,1.0
7993,충청북도,단양군,1.0
7995,강원도,홍천군,1.0
7996,강원도,강릉시,0.3333333333333333
7996,강원도,동해시,0.3333333333333333
7996,강원도,속초시,0.3333333333333333
7998,경상북도,김천시,1.0
7999,강원도,화천군,1.0
8000,경상북도,포항시,1.0
8001,충청남도,보령시,1.0
8002,강원도,동해시,1.0
8003,경상북도,포항시,1.0
8004,전라북도,전주시,1.0
8006,경상남도,고성군,1.0
8007,전라남도,광양시,1.0
8008,충청북도,옥천군,0.5
8008,충청북도,진천군,0.5
8009,경상남도,김해시,1.0
8010,전라북도,익산시,0.25
8010,전라북도,임실군,0.25
8010,전라북도,장수군,0.25
8010,전라북도,진안군,0.25
8011,경상북도,포항시,1.0
8012,경기도,구리시,0.5
8012,경기도,남양주시,0.5
8013,전라남도,여수시,1.0
8014,전라남도,보성군,0.5
8014,전라남도,순천시,0.5
8016,전라북도,완주군,1.0
8017,충청남도,태안군,1.0
8018,경상북도,성주군,1.0
8021,전라남도,강진군,0.5
8021,전라남도,보성군,0.5
8022,경상북도,울진군,1.0
8024,경상북도,경주시,1.0
8025,강원도,속초시,1.0
8027,경기도,동두천시,0.5
8027,경기도,파주시,0.5
8028,전라북도,군산시,1.0
8029,강원도,정선군,1.0
8030,전라북도,전주시,1.0
8031,경상남도,통영시,1.0
8033,제주도,제주시(시내동),1.0
8034,전라북도,고창군,1.0
8035,강원도,동해시,1.0
8036,경상북도,경주시,1.0
8038,강원도,평창군,1.0
8039,강원도,태백시,1.0
8040,경상북도,울릉군,1.0
8041,강원도,강릉시,0.3333333333333333
8041,강원도,속초시,0.3333333333333333
8041,강원도,평창군,0.3333333333333333
8043,강원도,고성군,1.0
8044,경상북도,포항시,1.0
8045,강원도,강릉시,1.0
8046,강원도,평창군,1.0
8048,충청남도,공주시,1.0
8049,경상북도,경주시,1.0
8050,전라북도,군산시,1.0
8051,경상북도,울진군,1.0
8053,전라남도,완도군,1.0
8054,강원도,태백시,1.0
8055,제주도,서귀포시(시내동),1.0
8056,충청남도,금산군,1.0
8057,전라북도,완주군,1.0
8058,경상남도,밀양시,1.0
8059,강원도,양양군,1.0
8061,경상북도,울진군,1.0
8062,충청북도,단양군,1.0
8063,경상북도,포항시,1.0
8064,제주도,성산읍,0.25
8064,제주도,안덕면,0.25
8064,제주도,애월읍,0.25
8064,제주도,한경면,0.25
8065,강원도,영월군,1.0
8066,강원도,강릉시,1.0
8067,경상북도,칠곡군,1.0
8068,강원도,강릉시,0.5
8068,강원도,속초시,0.5
8069,경기도,평택시,1.0
8070,강원도,횡성군,1.0
8071,강원도,속초시,0.5
8071,강원도,양양군,0.5
8072,충청북도,단양군,1.0
8073,경기도,가평군,1.0
8074,경상남도,거제시,1.0
8076,강원도,홍천군,1.0
8077,강원도,삼척시,1.0
8078,제주도,제주시(시내동),1.0
8079,강원도,강릉시,0.5
8079,강원도,속초시,0.5
8080,전라남도,영암군,1.0
8083,제주도,애월읍,0.3333333333333333
8083,제주도,조천읍,0.3333333333333333
8083,제주도,한림읍,0.3333333333333333
8084,강원도,동해시,1.0
8085,충청북도,충주시(구 청원군 포함),1.0
8086,충청북도,괴산군,1.0
8087,강원도,강릉시,1.0
8088,경상북도,문경시,1.0
8089,충청남도,서천군,1.0
8090,경상남도,남해군,1.0
8091,경기도,수원시,1.0
8092,제주도,서귀포시(시내동),1.0
8093,충청북도,괴산군,1.0
8094,강원도,속초시,1.0
8097,제주도,구좌읍,1.0
8099,제주도,서귀포시(시내동),1.0
8100,전라북도,남원시,1.0
8101,경기도,가평군,1.0
8103,충청북도,괴산군,1.0
8104,경상북도,경주시,1.0
8105,경상북도,경주시,1.0
8107,경기도,양평군,1.0
8109,경상남도,진주시,0.5
8109,경상남도,창원시,0.5
8110,강원도,양양군,1.0
8111,전라남도,함평군,1.0
8114,전라북도,군산시,1.0
8115,강원도,정선군,1.0
8118,강원도,양양군,1.0
8119,전라북도,전주시,1.0
8120,충청남도,서산시,1.0
8121,전라북도,전주시,1.0
8122,제주도,애월읍,1.0
8123,제주도,서귀포시(시내동),0.25
8123,제주도,성산읍,0.25
8123,제주도,애월읍,0.25
8123,제주도,제주시(시내동),0.25
8127,충청남도,천안시,1.0
8128,제주도,서귀포시(시내동),0.2
8128,제주도,성산읍,0.2
8128,제주도,제주시(시내동),0.2
8128,제주도,조천읍,0.2
8128,제주도,표선면,0.2
8129,전라남도,담양군,1.0
8131,제주도,서귀포시(시내동),0.5
8131,제주도,성산읍,0.5
8132,강원도,속초시,1.0
8134,강원도,속초시,1.0
8138,충청남도,서천군,1.0
8139,경상북도,경주시,1.0
8140,강원도,속초시,1.0
8142,경기도,가평군,1.0
8145,충청남도,공주시,1.0
8146,전라남도,여수시,1.0
8147,충청북도,증평군,1.0
8148,경상남도,고성군,1.0
8149,강원도,홍천군,1.0
8150,경상남도,진주시,1.0
8151,전라북도,군산시,1.0
8152,경상남도,고성군,1.0
8153,강원도,속초시,0.5
8153,강원도,인제군,0.5
8154,강원도,강릉시,1.0
8155,전라북도,남원시,1.0
8156,전라남도,여수시,1.0
8157,전라남도,여수시,1.0
8158,강원도,고성군,1.0
8159,강원도,양양군,1.0
8160,경상북도,봉화군,1.0
8161,충청남도,태안군,1.0
8163,강원도,홍천군,1.0
8164,경상남도,합천군,1.0
8165,경상남도,창원시,1.0
8166,경상북도,울진군,1.0
8167,강원도,속초시,1.0
8168,경상남도,창원시,1.0
8169,충청남도,보령시,1.0
8170,강원도,원주시,0.5
8170,강원도,횡성군,0.5
8172,강원도,속초시,1.0
8173,전라북도,정읍시,1.0
8174,경상북도,봉화군,1.0
8175,경기도,화성시,1.0
8176,강원도,삼척시,1.0
8177,전라남도,신안군,1.0
8178,전라남도,순천시,1.0
8181,제주도,서귀포시(시내동),0.5
8181,제주도,표선면,0.5
8184,충청남도,예산군,0.5
8184,충청남도,태안군,0.5
8186,제주도,애월읍,1.0
8188,경기도,용인시,1.0
8189,전라남도,나주시,0.5
8189,전라남도,화순군,0.5
8190,경상북도,영덕군,1.0
8191,경기도,파주시,1.0
8192,제주도,서귀포시(시내동),1.0
8194,강원도,강릉시,0.3333333333333333
8194,강원도,동해시,0.3333333333333333
8194,강원도,속초시,0.3333333333333333
8195,전라북도,전주시,1.0
8199,강원도,영월군,1.0
8200,경기도,화성시,1.0
8201,제주도,서귀포시(시내동),1.0
8202,경상북도,영덕군,0.5
8202,경상북도,포항시,0.5
8205,전라북도,군산시,1.0
8206,강원도,강릉시,1.0
8207,전라북도,완주군,1.0
8208,경상남도,창원시,1.0
8209,강원도,속초시,1.0
8210,강원도,양양군,0.5
8210,강원도,정선군,0.5
8211,경상북도,안동시,1.0
8212,강원도,속초시,1.0
8214,경상남도,거제시,1.0
8215,경상남도,통영시,1.0
8218,전라남도,고흥군,0.3333333333333333
8218,전라남도,순천시,0.3333333333333333
8218,전라남도,여수시,0.3333333333333333
8219,강원도,속초시,1.0
8220,전라남도,여수시,1.0
8221,제주도,서귀포시(시내동),0.25
8221,제주도,우도면,0.25
8221,제주도,제주시(시내동),0.25
8221,제주도,한림읍,0.25
8223,경상북도,문경시,0.5
8223,경상북도,안동시,0.5
8224,강원도,속초시,1.0
8225,경상북도,문경시,1.0
8226,충청남도,세종특별자치시,1.0
8227,전라남도,여수시,1.0
8228,경기도,안성시,1.0
8229,경상북도,포항시,1.0
8232,경상북도,구미시,1.0
8233,전라남도,여수시,1.0
8236,강원도,원주시,1.0
8237,충청남도,천안시,1.0
8238,강원도,인제군,1.0
8239,경기도,이천시,1.0
8241,경상남도,통영시,1.0
8243,경상북도,경주시,1.0
8244,경상북도,포항시,1.0
8245,전라남도,고흥군,1.0
8247,제주도,애월읍,1.0
8248,충청남도,천안시,1.0
8249,경상북도,안동시,1.0
8250,강원도,홍천군,1.0
8251,강원도,강릉시,0.5
8251,강원도,평창군,0.5
8252,경상남도,양산시,1.0
8253,강원도,강릉시,0.5
8253,강원도,양양군,0.5
8254,경상북도,문경시,0.5
8254,경상북도,예천군,0.5
8255,강원도,속초시,1.0
8256,경상북도,경주시,0.5
8256,경상북도,포항시,0.5
8257,경상남도,거창군,0.5
8257,경상남도,통영시,0.5
8258,경상북도,영주시,1.0
8259,충청북도,진천군,0.5
8259,충청북도,청주시,0.5
8260,충청남도,보령시,1.0
8261,강원도,강릉시,1.0
8262,제주도,서귀포시(시내동),0.5
8262,제주도,제주시(시내동),0.5
8263,강원도,강릉시,1.0
8264,경상북도,경주시,1.0
8265,전라북도,고창군,0.5
8265,전라북도,정읍시,0.5
8266,경상북도,영덕군,1.0
8267,강원도,삼척시,0.5
8267,강원도,양양군,0.5
8268,제주도,대정읍,0.25
8268,제주도,서귀포시(시내동),0.25
8268,제주도,한경면,0.25
8268,제주도,한림읍,0.25
8269,충청북도,충주시(구 청원군 포함),1.0
8272,강원도,고성군,1.0
8273,전라북도,진안군,1.0
8275,제주도,구좌읍,0.25
8275,제주도,남원읍,0.25
8275,제주도,제주시(시내동),0.25
8275,제주도,조천읍,0.25
8276,제주도,애월읍,1.0
8277,경상북도,영주시,1.0
8278,경기도,파주시,1.0
8281,전라북도,군산시,1.0
8282,경기도,가평군,1.0
8284,전라남도,목포시,0.3333333333333333
8284,전라남도,신안군,0.3333333333333333
8284,전라남도,영광군,0.3333333333333333
8285,경상남도,거제시,1.0
8286,강원도,강릉시,1.0
8287,제주도,서귀포시(시내동),1.0
8288,강원도,삼척시,0.5
8288,강원도,속초시,0.5
8289,제주도,서귀포시(시내동),0.5
8289,제주도,애월읍,0.5
8291,경기도,가평군,1.0
8293,강원도,강릉시,0.3333333333333333
8293,강원도,동해시,0.3333333333333333
8293,강원도,속초시,0.3333333333333333
8296,충청남도,태안군,1.0
8297,경기도,가평군,1.0
8298,충청북도,충주시(구 청원군 포함),1.0
8301,충청남도,홍성군,1.0
8302,경상남도,거제시,1.0
8303,강원도,강릉시,0.5
8303,강원도,속초시,0.5
8304,강원도,철원군,1.0
8306,전라남도,목포시,1.0
8308,경기도,양평군,1.0
8309,전라북도,전주시,1.0
8310,강원도,양양군,1.0
8311,충청남도,보령시,1.0
8312,강원도,속초시,1.0
8313,전라남도,보성군,1.0
8314,충청남도,태안군,1.0
8315,강원도,홍천군,1.0
8318,강원도,횡성군,1.0
8320,경기도,시흥시,0.25
8320,경기도,안산시,0.25
8320,경기도,양주시,0.25
8320,경기도,연천군,0.25
8323,강원도,속초시,1.0
8327,전라북도,고창군,1.0
8328,경상북도,경주시,1.0
8329,경상북도,경주시,1.0
8330,경기도,포천시,1.0
8331,전라남도,나주시,0.3333333333333333
8331,전라남도,목포시,0.3333333333333333
8331,전라남도,여수시,0.3333333333333333
8332,전라남도,나주시,0.3333333333333333
8332,전라남도,담양군,0.3333333333333333
8332,전라남도,보성군,0.3333333333333333
8333,경상남도,사천시,0.5
8333,경상남도,진주시,0.5
8334,전라남도,완도군,1.0
8335,경상남도,통영시,1.0
8337,제주도,애월읍,0.5
8337,제주도,제주시(시내동),0.5
8338,강원도,속초시,0.5
8338,강원도,양양군,0.5
8339,전라남도,순천시,1.0
8340,강원도,평창군,1.0
8342,충청북도,충주시(구 청원군 포함),1.0
8343,제주도,애월읍,1.0
8344,강원도,원주시,1.0
8347,전라남도,목포시,1.0
8348,강원도,강릉시,0.5
8348,강원도,속초시,0.5
8349,경기도,수원시,1.0
8350,전라북도,고창군,0.5
8350,전라북도,부안군,0.5
8351,경기도,고양시,0.2
8351,경기도,김포시,0.2
8351,경기도,시흥시,0.2
8351,경기도,안산시,0.2
8351,경기도,오산시,0.2
8354,강원도,정선군,1.0
8355,경상북도,청도군,1.0
8357,전라북도,남원시,1.0
8358,강원도,속초시,0.5
8358,강원도,양양군,0.5
8359,경상남도,창원시,1.0
8360,경기도,평택시,1.0
8362,전라남도,여수시,1.0
8363,강원도,양양군,1.0
8364,강원도,속초시,1.0
8366,제주도,서귀포시(시내동),1.0
8367,강원도,강릉시,1.0
8368,제주도,성산읍,0.5
8368,제주도,애월읍,0.5
8370,강원도,평창군,1.0
8371,전라남도,담양군,0.3333333333333333
8371,전라남도,영암군,0.3333333333333333
8371,전라남도,장성군,0.3333333333333333
8372,전라남도,완도군,1.0
8374,강원도,속초시,1.0
8375,전라북도,익산시,1.0
8376,경상남도,거제시,1.0
8378,강원도,속초시,1.0
8379,경상북도,안동시,0.5
8379,경상북도,울릉군,0.5
8380,제주도,서귀포시(시내동),0.5
8380,제주도,제주시(시내동),0.5
8381,제주도,애월읍,0.5
8381,제주도,제주시(시내동),0.5
8382,강원도,양구군,1.0
8384,전라남도,목포시,1.0
8385,경상북도,상주시,1.0
8386,경상남도,창원시,1.0
8387,경상남도,창원시,1.0
8388,경상북도,경주시,1.0
8390,강원도,속초시,1.0
8391,강원도,양양군,1.0
8392,전라북도,군산시,1.0
8393,강원도,삼척시,1.0
8394,강원도,양양군,1.0
8395,경상북도,경주시,1.0
8397,경상남도,하동군,1.0
8398,경상북도,영덕군,1.0
8399,강원도,강릉시,0.25
8399,강원도,속초시,0.25
8399,강원도,원주시,0.25
8399,강원도,평창군,0.25
8400,경기도,화성시,1.0
8402,경기도,가평군,1.0
8404,제주도,서귀포시(시내동),1.0
8405,강원도,속초시,1.0
8406,강원도,속초시,1.0
8408,강원도,속초시,1.0
8409,전라남도,무안군,0.3333333333333333
8409,전라남도,장성군,0.3333333333333333
8409,전라남도,함평군,0.3333333333333333
8410,제주도,구좌읍,0.2
8410,제주도,서귀포시(시내동),0.2
8410,제주도,성산읍,0.2
8410,제주도,애월읍,0.2
8410,제주도,제주시(시내동),0.2
8411,전라북도,군산시,1.0
8412,충청남도,서천군,1.0
8414,강원도,강릉시,1.0
8417,강원도,춘천시,1.0
8418,강원도,강릉시,1.0
8420,강원도,강릉시,1.0
8421,충청남도,금산군,1.0
8422,전라남도,진도군,1.0
8423,강원도,강릉시,1.0
8425,충청남도,태안군,1.0
8427,충청남도,공주시,1.0
8430,경상북도,경주시,1.0
8431,경기도,평택시,1.0
8433,경기도,포천시,1.0
8435,경상남도,진주시,0.5
8435,경상남도,통영시,0.5
8436,강원도,원주시,1.0
8437,전라남도,해남군,1.0
8439,충청남도,금산군,1.0
8440,강원도,고성군,1.0
8441,경상남도,남해군,1.0
8442,강원도,평창군,1.0
8443,강원도,원주시,1.0
8446,전라북도,전주시,1.0
8447,충청남도,보령시,1.0
8448,충청남도,천안시,1.0
8449,경상북도,구미시,1.0
8450,전라북도,부안군,1.0
8451,경상남도,밀양시,1.0
8453,강원도,양구군,1.0
8455,경기도,시흥시,1.0
8456,전라남도,목포시,1.0
8457,전라남도,순천시,1.0
8458,강원도,속초시,1.0
8460,제주도,제주시(시내동),1.0
8461,제주도,구좌읍,0.3333333333333333
8461,제주도,제주시(시내동),0.3333333333333333
8461,제주도,조천읍,0.3333333333333333
8462,경상북도,영덕군,0.5
8462,경상북도,포항시,0.5
8463,경기도,용인시,1.0
8464,경기도,평택시,0.5
8464,경기도,화성시,0.5
8465,충청남도,부여군,1.0
8466,전라북도,전주시,1.0
8467,강원도,강릉시,1.0
8469,충청남도,보령시,1.0
8470,충청북도,보은군,1.0
8472,강원도,태백시,1.0
8473,경상남도,거제시,1.0
8474,경기도,김포시,0.5
8474,경기도,부천시,0.5
8475,경상북도,김천시,0.5
8475,경상북도,상주시,0.5
8476,강원도,강릉시,0.25
8476,강원도,속초시,0.25
8476,강원도,양양군,0.25
8476,강원도,횡성군,0.25
8477,경기도,화성시,1.0
8478,전라북도,전주시,1.0
8479,제주도,대정읍,0.3333333333333333
8479,제주도,서귀포시(시내동),0.3333333333333333
8479,제주도,제주시(시내동),0.3333333333333333
8480,강원도,강릉시,1.0
8481,경상남도,김해시,1.0
8482,제주도,제주시(시내동),0.5
8482,제주도,조천읍,0.5
8483,경기도,수원시,1.0
8484,충청북도,증평군,1.0
8486,경상남도,창원시,1.0
8488,강원도,춘천시,1.0
8489,경상남도,진주시,0.5
8489,경상남도,창원시,0.5
8490,강원도,화천군,1.0
8491,경상남도,거제시,1.0
8493,제주도,구좌읍,0.25
8493,제주도,우도면,0.25
8493,제주도,제주시(시내동),0.25
8493,제주도,조천읍,0.25
8495,전라북도,군산시,0.3333333333333333
8495,전라북도,김제시,0.3333333333333333
8495,전라북도,전주시,0.3333333333333333
8497,경상북도,울릉군,1.0
8498,경상북도,포항시,1.0
8499,경상남도,사천시,1.0
8500,전라남도,광양시,1.0
8501,전라남도,목포시,1.0
8502,경상북도,영덕군,1.0
8503,강원도,속초시,1.0
8504,경상북도,영주시,1.0
8505,경상남도,거제시,1.0
8507,제주도,남원읍,0.2
8507,제주도,서귀포시(시내동),0.2
8507,제주도,애월읍,0.2
8507,제주도,제주시(시내동),0.2
8507,제주도,한림읍,0.2
8508,강원도,평창군,0.5
8508,강원도,횡성군,0.5
8509,강원도,정선군,1.0
8510,제주도,서귀포시(시내동),0.2
8510,제주도,성산읍,0.2
8510,제주도,애월읍,0.2
8510,제주도,제주시(시내동),0.2
8510,제주도,한림읍,0.2
8511,전라남도,고흥군,1.0
8512,경기도,수원시,0.2
8512,경기도,안산시,0.2
8512,경기도,오산시,0.2
8512,경기도,용인시,0.2
8512,경기도,의왕시,0.2
8513,전라남도,해남군,1.0
8515,제주도,서귀포시(시내동),1.0
8521,강원도,강릉시,0.5
8521,강원도,동해시,0.5
8522,경기도,동두천시,1.0
8523,경상북도,경주시,1.0
8526,경기도,고양시,0.5
8526,경기도,파주시,0.5
8528,강원도,강릉시,0.3333333333333333
8528,강원도,동해시,0.3333333333333333
8528,강원도,속초시,0.3333333333333333
8529,전라남도,목포시,0.25
8529,전라남도,완도군,0.25
8529,전라남도,진도군,0.25
8529,전라남도,해남군,0.25
8530,경기도,평택시,1.0
8531,강원도,강릉시,0.5
8531,강원도,삼척시,0.5
8533,강원도,철원군,1.0
8534,강원도,강릉시,1.0
8535,제주도,서귀포시(시내동),1.0
8536,경기도,안산시,1.0
8538,제주도,서귀포시(시내동),0.25
8538,제주도,안덕면,0.25
8538,제주도,애월읍,0.25
8538,제주도,제주시(시내동),0.25
8539,강원도,춘천시,1.0
8541,강원도,원주시,1.0
8543,제주도,서귀포시(시내동),0.3333333333333333
8543,제주도,안덕면,0.3333333333333333
8543,제주도,애월읍,0.3333333333333333
8544,전라남도,담양군,1.0
8545,강원도,강릉시,1.0
8549,경상남도,김해시,1.0
8551,전라북도,남원시,1.0
8552,전라북도,전주시,1.0
8553,제주도,성산읍,0.3333333333333333
8553,제주도,애월읍,0.3333333333333333
8553,제주도,제주시(시내동),0.3333333333333333
8554,강원도,동해시,0.25
8554,강원도,삼척시,0.25
8554,강원도,속초시,0.25
8554,강원도,춘천시,0.25
8555,강원도,철원군,1.0
8556,경기도,가평군,1.0
8557,전라남도,진도군,1.0
8559,경기도,여주시,0.5
8559,경기도,이천시,0.5
8560,강원도,평창군,1.0
8561,경상남도,거제시,1.0
8562,강원도,화천군,1.0
8563,강원도,속초시,1.0
8564,전라남도,목포시,0.3333333333333333
8564,전라남도,무안군,0.3333333333333333
8564,전라남도,신안군,0.3333333333333333
8565,전라북도,군산시,1.0
8566,전라북도,부안군,1.0
8567,제주도,애월읍,1.0
8568,제주도,서귀포시(시내동),1.0
8571,충청남도,보령시,0.5
8571,충청남도,서천군,0.5
8573,경상북도,포항시,1.0
8575,전라북도,군산시,1.0
8576,전라남도,여수시,1.0
8577,경기도,평택시,1.0
8578,경기도,평택시,1.0
8579,경기도,여주시,1.0
8580,강원도,양양군,1.0
8581,강원도,화천군,1.0
8584,전라북도,전주시,1.0
8585,전라북도,정읍시,1.0
8587,경상북도,상주시,1.0
8589,경상북도,고령군,1.0
8590,전라남도,영암군,1.0
8591,충청북도,보은군,1.0
8594,경상남도,진주시,1.0
8595,제주도,구좌읍,0.25
8595,제주도,남원읍,0.25
8595,제주도,성산읍,0.25
8595,제주도,조천읍,0.25
8596,강원도,정선군,1.0
8598,경상북도,경주시,1.0
8600,전라북도,전주시,1.0
8601,충청남도,서천군,1.0
8602,강원도,강릉시,0.3333333333333333
8602,강원도,원주시,0.3333333333333333
8602,강원도,춘천시,0.3333333333333333
8603,전라남도,순천시,1.0
8607,전라남도,광양시,0.3333333333333333
8607,전라남도,순천시,0.3333333333333333
8607,전라남도,여수시,0.3333333333333333
8611,제주도,애월읍,0.25
8611,제주도,제주시(시내동),0.25
8611,제주도,한경면,0.25
8611,제주도,한림읍,0.25
8612,전라남도,나주시,1.0
8615,강원도,고성군,1.0
8616,제주도,대정읍,0.2
8616,제주도,서귀포시(시내동),0.2
8616,제주도,애월읍,0.2
8616,제주도,제주시(시내동),0.2
8616,제주도,한경면,0.2
8617,경상남도,거제시,0.5
8617,경상남도,통영시,0.5
8618,강원도,강릉시,1.0
8619,강원도,강릉시,0.5
8619,강원도,태백시,0.5
8621,경상북도,영덕군,1.0
8622,강원도,삼척시,1.0
8624,경상북도,포항시,1.0
8628,전라북도,부안군,1.0
8629,강원도,속초시,1.0
8630,충청남도,당진시,1.0
8631,강원도,강릉시,1.0
8632,충청북도,충주시(구 청원군 포함),1.0
8633,경기도,성남시,1.0
8635,전라북도,군산시,1.0
8637,전라남도,장흥군,1.0
8639,경기도,고양시,1.0
8640,전라남도,광양시,0.3333333333333333
8640,전라남도,순천시,0.3333333333333333
8640,전라남도,여수시,0.3333333333333333
8641,전라북도,군산시,1.0
8642,전라남도,나주시,0.5
8642,전라남도,목포시,0.5
8643,경상남도,거제시,1.0
8645,경기도,가평군,1.0
8647,경상북도,포항시,1.0
8648,경상남도,거제시,0.5
8648,경상남도,통영시,0.5
8649,경기도,시흥시,1.0
8650,충청북도,제천시,0.5
8650,충청북도,충주시(구 청원군 포함),0.5
8651,경기도,시흥시,1.0
8652,강원도,강릉시,1.0
8653,전라남도,해남군,1.0
8654,제주도,구좌읍,0.1111111111111111
8654,제주도,대정읍,0.1111111111111111
8654,제주도,서귀포시(시내동),0.1111111111111111
8654,제주도,성산읍,0.1111111111111111
8654,제주도,안덕면,0.1111111111111111
8654,제주도,애월읍,0.1111111111111111
8654,제주도,조천읍,0.1111111111111111
8654,제주도,표선면,0.1111111111111111
8654,제주도,한림읍,0.1111111111111111
8655,제주도,구좌읍,0.16666666666666666
8655,제주도,서귀포시(시내동),0.16666666666666666
8655,제주도,성산읍,0.16666666666666666
8655,제주도,애월읍,0.16666666666666666
8655,제주도,우도면,0.16666666666666666
8655,제주도,제주시(시내동),0.16666666666666666
8656,경기도,광주시,0.5
8656,경기도,용인시,0.5
8658,경기도,남양주시,1.0
8659,제주도,성산읍,1.0
8661,전라남도,신안군,1.0
8662,강원도,강릉시,1.0
8664,전라북도,정읍시,1.0
8665,경기도,파주시,1.0
8666,강원도,홍천군,1.0
8667,충청남도,당진시,0.5
8667,충청남도,태안군,0.5
8669,충청남도,천안시,1.0
8670,강원도,강릉시,0.5
8670,강원도,춘천시,0.5
8671,전라남도,목포시,1.0
8672,충청북도,충주시(구 청원군 포함),1.0
8673,경기도,포천시,1.0
8674,강원도,강릉시,1.0
8675,제주도,서귀포시(시내동),1.0
8676,제주도,구좌읍,0.1
8676,제주도,대정읍,0.1
8676,제주도,서귀포시(시내동),0.1
8676,제주도,성산읍,0.1
8676,제주도,안덕면,0.1
8676,제주도,애월읍,0.1
8676,제주도,제주시(시내동),0.1
8676,제주도,조천읍,0.1
8676,제주도,한경면,0.1
8676,제주도,한림읍,0.1
8678,경상남도,의령군,1.0
8680,경기도,평택시,1.0
8681,경기도,수원시,1.0
8682,경상북도,경주시,1.0
8683,경기도,의정부시,1.0
8684,강원도,양구군,1.0
8686,강원도,원주시,1.0
8687,강원도,강릉시,0.3333333333333333
8687,강원도,동해시,0.3333333333333333
8687,강원도,속초시,0.3333333333333333
8688,전라북도,부안군,1.0
8689,경기도,여주시,1.0
8690,제주도,조천읍,1.0
8692,경상남도,거제시,0.3333333333333333
8692,경상남도,사천시,0.3333333333333333
8692,경상남도,통영시,0.3333333333333333
8693,강원도,강릉시,1.0
8694,경기도,화성시,1.0
8696,경상남도,창원시,1.0
8697,경기도,시흥시,1.0
8698,경상남도,진주시,0.5
8698,경상남도,함양군,0.5
8699,강원도,강릉시,1.0
8700,전라남도,목포시,1.0
8701,강원도,속초시,1.0
8703,전라북도,전주시,1.0
8704,강원도,평창군,1.0
8706,충청북도,단양군,1.0
8707,경기도,용인시,1.0
8708,경상북도,경주시,1.0
8709,강원도,속초시,1.0
8712,경상북도,경주시,1.0
8713,강원도,고성군,1.0
8715,강원도,고성군,0.5
8715,강원도,속초시,0.5
8716,경상남도,거제시,1.0
8718,강원도,강릉시,0.3333333333333333
8718,강원도,삼척시,0.3333333333333333
8718,강원도,인제군,0.3333333333333333
8720,제주도,애월읍,0.3333333333333333
8720,제주도,제주시(시내동),0.3333333333333333
8720,제주도,조천읍,0.3333333333333333
8722,강원도,속초시,1.0
8723,경상남도,남해군,1.0
8724,전라남도,목포시,1.0
8725,충청남도,세종특별자치시,1.0
8726,경상북도,경주시,1.0
8727,충청남도,태안군,1.0
8728,강원도,동해시,0.3333333333333333
8728,강원도,속초시,0.3333333333333333
8728,강원도,정선군,0.3333333333333333
8729,충청북도,충주시(구 청원군 포함),1.0
8730,충청북도,괴산군,1.0
8734,전라북도,군산시,1.0
8735,경상남도,거제시,0.3333333333333333
8735,경상남도,산청군,0.3333333333333333
8735,경상남도,통영시,0.3333333333333333
8736,경상남도,거제시,1.0
8737,경상북도,구미시,0.5
8737,경상북도,상주시,0.5
8738,강원도,속초시,1.0
8739,전라북도,무주군,0.5
8739,전라북도,전주시,0.5
8740,강원도,강릉시,0.25
8740,강원도,동해시,0.25
8740,강원도,삼척시,0.25
8740,강원도,속초시,0.25
8741,제주도,서귀포시(시내동),0.5
8741,제주도,애월읍,0.5
8742,경상남도,사천시,1.0
8743,제주도,서귀포시(시내동),1.0
8744,전라남도,목포시,1.0
8745,제주도,성산읍,1.0
8747,경기도,가평군,1.0
8748,경기도,수원시,1.0
8751,제주도,남원읍,0.16666666666666666
8751,제주도,서귀포시(시내동),0.16666666666666666
8751,제주도,성산읍,0.16666666666666666
8751,제주도,애월읍,0.16666666666666666
8751,제주도,제주시(시내동),0.16666666666666666
8751,제주도,표선면,0.16666666666666666
8752,강원도,속초시,1.0
8753,경기도,시흥시,1.0
8755,전라북도,김제시,1.0
8756,경기도,화성시,1.0
8760,경상북도,문경시,1.0
8763,강원도,횡성군,1.0
8764,경기도,가평군,1.0
8765,강원도,횡성군,1.0
8766,강원도,강릉시,1.0
8770,강원도,춘천시,1.0
8771,경상북도,영덕군,1.0
8772,전라북도,익산시,1.0
8773,충청남도,부여군,1.0
8775,제주도,서귀포시(시내동),0.3333333333333333
8775,제주도,제주시(시내동),0.3333333333333333
8775,제주도,한림읍,0.3333333333333333
8777,경기도,평택시,1.0
8780,강원도,홍천군,1.0
8781,강원도,삼척시,1.0
8783,전라북도,익산시,1.0
8784,경기도,광명시,1.0
8785,충청북도,청주시,1.0
8786,제주도,서귀포시(시내동),0.5
8786,제주도,안덕면,0.5
8787,전라남도,화순군,1.0
8788,경기도,여주시,1.0
8789,충청남도,보령시,1.0
8791,경상북도,경주시,1.0
8792,경기도,하남시,1.0
8793,경기도,양평군,1.0
8795,강원도,평창군,1.0
8797,강원도,강릉시,0.5
8797,강원도,속초시,0.5
8798,충청남도,홍성군,1.0
8799,강원도,강릉시,1.0
8800,경상북도,청송군,1.0
8802,제주도,구좌읍,0.2
8802,제주도,남원읍,0.2
8802,제주도,대정읍,0.2
8802,제주도,서귀포시(시내동),0.2
8802,제주도,제주시(시내동),0.2
8803,경상남도,통영시,1.0
8804,제주도,애월읍,1.0
8806,강원도,강릉시,1.0
8809,제주도,표선면,1.0
8810,강원도,춘천시,1.0
8811,전라남도,여수시,1.0
8812,강원도,속초시,1.0
8813,경상남도,고성군,1.0
8814,경기도,오산시,1.0
8815,전라남도,장성군,1.0
8816,경상남도,고성군,1.0
8818,경기도,파주시,1.0
8819,충청남도,보령시,1.0
8822,제주도,구좌읍,0.5
8822,제주도,제주시(시내동),0.5
8823,강원도,속초시,1.0
8825,경기도,양평군,1.0
8826,강원도,강릉시,1.0
8828,경상남도,거창군,1.0
8829,강원도,강릉시,1.0
8830,경상남도,통영시,1.0
8831,경상북도,영주시,0.5
8831,경상북도,예천군,0.5
8832,경상북도,울릉군,0.3333333333333333
8832,경상북도,울진군,0.3333333333333333
8832,경상북도,포항시,0.3333333333333333
8834,강원도,인제군,1.0
8836,전라남도,목포시,1.0
8838,전라북도,완주군,0.5
8838,전라북도,전주시,0.5
8840,경기도,안산시,1.0
8842,경상북도,영덕군,1.0
8843,전라남도,장흥군,1.0
8844,경상남도,통영시,1.0
8845,강원도,삼척시,1.0
8846,전라남도,순천시,0.5
8846,전라남도,여수시,0.5
8850,전라남도,고흥군,0.3333333333333333
8850,전라남도,보성군,0.3333333333333333
8850,전라남도,순천시,0.3333333333333333
8851,충청남도,세종특별자치시,1.0
8852,경상북도,포항시,1.0
8856,충청북도,충주시(구 청원군 포함),1.0
8857,충청남도,공주시,1.0
8858,강원도,강릉시,1.0
8859,전라북도,군산시,1.0
8861,전라남도,여수시,1.0
8862,제주도,남원읍,1.0
8863,경상북도,구미시,1.0
8864,강원도,강릉시,1.0
8867,전라남도,곡성군,1.0
8869,강원도,강릉시,0.25
8869,강원도,삼척시,0.25
8869,강원도,인제군,0.25
8869,강원도,정선군,0.25
8870,강원도,강릉시,1.0
8872,제주도,서귀포시(시내동),1.0
8873,충청남도,태안군,1.0
8874,제주도,제주시(시내동),1.0
8875,경상남도,거제시,1.0
8876,강원도,강릉시,1.0
8877,경상남도,하동군,1.0
8878,전라북도,순창군,1.0
8879,경기도,고양시,1.0
8880,제주도,애월읍,1.0
8881,강원도,강릉시,1.0
8882,전라북도,군산시,0.2
8882,전라북도,김제시,0.2
8882,전라북도,순창군,0.2
8882,전라북도,전주시,0.2
8882,전라북도,정읍시,0.2
8883,충청북도,충주시(구 청원군 포함),1.0
8886,경상북도,포항시,1.0
8887,경상남도,창원시,1.0
8890,경기도,평택시,1.0
8891,전라북도,전주시,1.0
8892,경상북도,포항시,1.0
8893,경기도,양평군,1.0
8896,제주도,조천읍,1.0
8897,강원도,홍천군,1.0
8898,경기도,수원시,1.0
8899,충청북도,단양군,1.0
8900,전라남도,보성군,1.0
8903,전라남도,목포시,0.25
8903,전라남도,보성군,0.25
8903,전라남도,순천시,0.25
8903,전라남도,화순군,0.25
8904,경기도,양주시,1.0
8906,강원도,고성군,1.0
8909,강원도,속초시,1.0
8911,전라남도,무안군,1.0
8913,강원도,인제군,0.5
8913,강원도,평창군,0.5
8915,강원도,삼척시,1.0
8916,경상남도,창원시,1.0
8917,강원도,정선군,1.0
8920,경기도,가평군,1.0
8923,경상남도,사천시,1.0
8925,경기도,시흥시,1.0
8926,경기도,양주시,1.0
8927,전라남도,진도군,1.0
8928,경상남도,김해시,0.3333333333333333
8928,경상남도,남해군,0.3333333333333333
8928,경상남도,의령군,0.3333333333333333
8930,전라남도,순천시,0.5
8930,전라남도,여수시,0.5
8931,강원도,양구군,0.5
8931,강원도,인제군,0.5
8933,전라남도,여수시,1.0
8934,강원도,평창군,1.0
8936,전라북도,군산시,1.0
8938,제주도,애월읍,1.0
8940,경기도,가평군,0.5
8940,경기도,포천시,0.5
8941,경상북도,포항시,1.0
8942,제주도,대정읍,0.5
8942,제주도,성산읍,0.5
8943,강원도,고성군,1.0
8944,경기도,부천시,1.0
8945,강원도,강릉시,0.5
8945,강원도,삼척시,0.5
8946,전라남도,구례군,1.0
8947,충청남도,공주시,0.5
8947,충청남도,부여군,0.5
8948,강원도,강릉시,1.0
8949,충청남도,홍성군,1.0
8950,강원도,강릉시,1.0
8951,강원도,횡성군,1.0
8952,강원도,삼척시,1.0
8954,강원도,정선군,1.0
8955,제주도,구좌읍,0.07692307692307693
8955,제주도,남원읍,0.07692307692307693
8955,제주도,대정읍,0.07692307692307693
8955,제주도,서귀포시(시내동),0.07692307692307693
8955,제주도,성산읍,0.07692307692307693
8955,제주도,안덕면,0.07692307692307693
8955,제주도,애월읍,0.07692307692307693
8955,제주도,우도면,0.07692307692307693
8955,제주도,제주시(시내동),0.07692307692307693
8955,제주도,조천읍,0.07692307692307693
8955,제주도,추자면,0.07692307692307693
8955,제주도,표선면,0.07692307692307693
8955,제주도,한경면,0.07692307692307693
8956,충청남도,논산시,1.0
8958,충청남도,서산시,1.0
8960,제주도,서귀포시(시내동),1.0
8961,경상북도,울릉군,1.0
8962,경기도,용인시,1.0
8966,강원도,고성군,1.0
8969,강원도,강릉시,1.0
8970,충청남도,보령시,1.0
8971,경상남도,거제시,1.0
8972,강원도,동해시,0.5
8972,강원도,삼척시,0.5
8974,강원도,속초시,1.0
8976,전라남도,여수시,1.0
8977,강원도,강릉시,1.0
8978,강원도,속초시,1.0
8979,제주도,애월읍,0.5
8979,제주도,제주시(시내동),0.5
8980,경기도,안산시,1.0
8981,전라북도,완주군,0.5
8981,전라북도,전주시,0.5
8982,충청남도,태안군,1.0
8983,강원도,동해시,1.0
8984,강원도,정선군,1.0
8986,전라북도,군산시,1.0
8987,강원도,속초시,1.0
8988,경상북도,경주시,1.0
8989,강원도,태백시,1.0
8990,전라북도,군산시,0.5
8990,전라북도,순창군,0.5
8993,충청남도,태안군,1.0
8995,충청남도,세종특별자치시,1.0
8998,전라남도,목포시,0.5
8998,전라남도,신안군,0.5
8999,충청남도,태안군,1.0
9000,전라남도,함평군,1.0
9001,전라북도,전주시,1.0
9002,충청북도,제천시,1.0
9003,경기도,광주시,1.0
9004,강원도,강릉시,1.0
9005,제주도,우도면,1.0
9006,경상남도,산청군,1.0
9007,전라남도,여수시,1.0
9009,충청남도,아산시,1.0
9010,제주도,서귀포시(시내동),1.0
9011,경상북도,경주시,1.0
9012,충청북도,옥천군,1.0
9015,강원도,인제군,1.0
9016,전라남도,영암군,1.0
9017,경상남도,창원시,1.0
9018,경기도,여주시,1.0
9019,강원도,인제군,1.0
9020,경기도,수원시,1.0
9021,경기도,가평군,1.0
9022,경상남도,의령군,1.0
9023,경상북도,봉화군,1.0
9025,강원도,강릉시,1.0
9026,강원도,원주시,1.0
9029,경기도,포천시,1.0
9030,경상북도,영덕군,1.0
9031,강원도,고성군,1.0
9032,경상북도,포항시,1.0
9034,강원도,강릉시,0.5
9034,강원도,삼척시,0.5
9035,경기도,광명시,0.3333333333333333
9035,경기도,의왕시,0.3333333333333333
9035,경기도,하남시,0.3333333333333333
9036,강원도,홍천군,1.0
9037,강원도,강릉시,0.5
9037,강원도,동해시,0.5
9038,전라북도,무주군,1.0
9039,충청북도,단양군,1.0
9041,강원도,정선군,1.0
9042,경기도,고양시,1.0
9043,강원도,속초시,1.0
9044,경상남도,김해시,1.0
9045,강원도,정선군,1.0
9046,전라북도,무주군,1.0
9047,강원도,원주시,1.0
9049,경상남도,사천시,0.3333333333333333
9049,경상남도,진주시,0.3333333333333333
9049,경상남도,통영시,0.3333333333333333
9050,경상북도,포항시,1.0
9051,전라남도,장성군,1.0
9052,충청남도,태안군,1.0
9053,제주도,서귀포시(시내동),0.3333333333333333
9053,제주도,성산읍,0.3333333333333333
9053,제주도,제주시(시내동),0.3333333333333333
9054,제주도,서귀포시(시내동),1.0
9056,경상북도,김천시,1.0
9057,충청남도,천안시,1.0
9058,강원도,속초시,1.0
9060,경기도,용인시,1.0
9061,전라남도,장성군,1.0
9062,경기도,과천시,1.0
9063,전라남도,여수시,1.0
9064,경상남도,거제시,1.0
9065,충청남도,예산군,1.0
9066,충청북도,괴산군,1.0
9067,충청남도,보령시,1.0
9068,제주도,서귀포시(시내동),0.3333333333333333
9068,제주도,성산읍,0.3333333333333333
9068,제주도,애월읍,0.3333333333333333
9071,충청남도,서산시,1.0
9072,경상남도,통영시,1.0
9073,경상북도,영덕군,1.0
9074,경상북도,문경시,0.5
9074,경상북도,상주시,0.5
9075,경상북도,포항시,1.0
9076,강원도,횡성군,1.0
9077,경상남도,진주시,1.0
9078,경상남도,함양군,1.0
9080,경기도,가평군,1.0
9082,전라남도,목포시,1.0
9084,전라남도,여수시,1.0
9086,전라북도,군산시,1.0
9087,경상북도,포항시,1.0
9088,제주도,애월읍,1.0
9091,경기도,파주시,1.0
9092,강원도,양양군,1.0
9093,제주도,서귀포시(시내동),0.5
9093,제주도,제주시(시내동),0.5
9095,전라북도,고창군,0.2
9095,전라북도,군산시,0.2
9095,전라북도,부안군,0.2
9095,전라북도,임실군,0.2
9095,전라북도,전주시,0.2
9096,강원도,양양군,1.0
9097,전라북도,순창군,1.0
9099,강원도,정선군,1.0
9100,강원도,동해시,0.5
9100,강원도,삼척시,0.5
9102,전라남도,여수시,1.0
9103,강원도,홍천군,1.0
9104,충청남도,태안군,1.0
9105,강원도,속초시,1.0
9106,전라북도,남원시,1.0
9107,충청남도,서산시,1.0
9110,충청남도,서천군,1.0
9111,충청북도,제천시,1.0
9112,경상북도,안동시,1.0
9113,충청북도,제천시,1.0
9114,전라남도,강진군,1.0
9116,경상북도,문경시,0.2
9116,경상북도,안동시,0.2
9116,경상북도,영양군,0.2
9116,경상북도,의성군,0.2
9116,경상북도,청송군,0.2
9120,경상북도,경주시,1.0
9125,강원도,철원군,1.0
9126,제주도,서귀포시(시내동),0.5
9126,제주도,애월읍,0.5
9127,충청북도,청주시,1.0
9128,제주도,서귀포시(시내동),0.3333333333333333
9128,제주도,애월읍,0.3333333333333333
9128,제주도,제주시(시내동),0.3333333333333333
9130,전라남도,강진군,1.0
9132,전라남도,목포시,1.0
9133,경상남도,창원시,1.0
9134,경상북도,포항시,1.0
9136,경상남도,거제시,1.0
9137,충청북도,단양군,0.3333333333333333
9137,충청북도,제천시,0.3333333333333333
9137,충청북도,충주시(구 청원군 포함),0.3333333333333333
9138,강원도,양양군,1.0
9139,전라남도,강진군,1.0
9140,충청남도,세종특별자치시,1.0
9141,경상북도,영덕군,1.0
9142,전라남도,진도군,0.5
9142,전라남도,해남군,0.5
9145,전라남도,담양군,1.0
9146,경상북도,경주시,1.0
9148,경상북도,경주시,1.0
9149,강원도,속초시,0.5
9149,강원도,태백시,0.5
9150,충청남도,아산시,0.5
9150,충청남도,천안시,0.5
9151,강원도,홍천군,1.0
9152,경기도,화성시,1.0
9153,경상북도,경주시,1.0
9155,전라남도,순천시,1.0
9156,경상남도,거창군,0.5
9156,경상남도,합천군,0.5
9157,전라남도,해남군,1.0
9158,강원도,영월군,1.0
9159,경기도,고양시,1.0
9160,경상북도,영주시,1.0
9164,경상남도,통영시,1.0
9165,제주도,제주시(시내동),1.0
9166,경상북도,경주시,1.0
9168,강원도,속초시,1.0
9170,충청남도,보령시,1.0
9171,경상북도,경산시,1.0
9172,제주도,제주시(시내동),1.0
9173,경기도,성남시,1.0
9174,제주도,애월읍,1.0
9175,충청남도,천안시,1.0
9176,경상북도,경산시,0.5
9176,경상북도,경주시,0.5
9178,전라북도,전주시,1.0
9181,충청북도,괴산군,1.0
9184,제주도,제주시(시내동),0.5
9184,제주도,조천읍,0.5
9185,전라북도,군산시,1.0
9187,제주도,조천읍,1.0
9188,경상북도,포항시,1.0
9189,강원도,삼척시,1.0
9190,강원도,강릉시,1.0
9193,제주도,애월읍,0.3333333333333333
9193,제주도,제주시(시내동),0.3333333333333333
9193,제주도,조천읍,0.3333333333333333
9194,충청북도,괴산군,1.0
9195,경기도,동두천시,1.0
9196,충청남도,태안군,1.0
9198,경기도,김포시,1.0
9199,전라남도,무안군,1.0
9200,제주도,서귀포시(시내동),0.3333333333333333
9200,제주도,애월읍,0.3333333333333333
9200,제주도,우도면,0.3333333333333333
9201,강원도,고성군,0.25
9201,강원도,삼척시,0.25
9201,강원도,속초시,0.25
9201,강원도,양양군,0.25
9203,경상북도,경주시,1.0
9204,전라남도,고흥군,0.5
9204,전라남도,여수시,0.5
9205,제주도,제주시(시내동),0.3333333333333333
9205,제주도,조천읍,0.3333333333333333
9205,제주도,표선면,0.3333333333333333
9207,경상북도,안동시,1.0
9209,경기도,남양주시,1.0
9210,충청북도,제천시,1.0
9211,강원도,춘천시,1.0
9213,강원도,속초시,1.0
9215,강원도,삼척시,1.0
9216,경상북도,경주시,1.0
9217,강원도,속초시,1.0
9218,경기도,가평군,1.0
9219,경상북도,경주시,1.0
9221,경상북도,안동시,1.0
9222,제주도,제주시(시내동),1.0
9224,충청북도,청주시,1.0
9225,제주도,성산읍,1.0
9226,전라남도,순천시,0.5
9226,전라남도,여수시,0.5
9227,충청남도,세종특별자치시,1.0
9228,강원도,춘천시,1.0
9232,경상남도,산청군,1.0
9234,경상남도,함양군,1.0
9235,강원도,춘천시,1.0
9237,경상북도,성주군,1.0
9238,경상북도,경주시,0.3333333333333333
9238,경상북도,울진군,0.3333333333333333
9238,경상북도,포항시,0.3333333333333333
9239,충청남도,서천군,1.0
9240,강원도,강릉시,1.0
9241,전라남도,보성군,0.5
9241,전라남도,여수시,0.5
9243,강원도,속초시,1.0
9244,경상북도,경주시,1.0
9245,강원도,동해시,1.0
9247,전라남도,여수시,1.0
9249,경상북도,구미시,1.0
9251,강원도,영월군,0.5
9251,강원도,정선군,0.5
9252,충청남도,태안군,1.0
9254,제주도,애월읍,0.25
9254,제주도,제주시(시내동),0.25
9254,제주도,한경면,0.25
9254,제주도,한림읍,0.25
9255,전라남도,순천시,0.5
9255,전라남도,여수시,0.5
9256,충청남도,보령시,1.0
9257,전라남도,나주시,0.5
9257,전라남도,해남군,0.5
9258,경기도,용인시,1.0
9259,강원도,속초시,1.0
9261,충청북도,증평군,0.5
9261,충청북도,청주시,0.5
9262,경상북도,문경시,0.5
9262,경상북도,안동시,0.5
9263,강원도,강릉시,0.5
9263,강원도,속초시,0.5
9264,제주도,구좌읍,0.25
9264,제주도,애월읍,0.25
9264,제주도,제주시(시내동),0.25
9264,제주도,한경면,0.25
9265,충청남도,태안군,1.0
9267,강원도,강릉시,0.5
9267,강원도,속초시,0.5
9269,강원도,삼척시,0.5
9269,강원도,원주시,0.5
9270,강원도,춘천시,1.0
9271,경상북도,경주시,1.0
9272,경기도,양주시,1.0
9273,강원도,속초시,0.5
9273,강원도,양양군,0.5
9274,경기도,용인시,0.5
9274,경기도,의왕시,0.5
9275,경상남도,통영시,1.0
9276,전라남도,목포시,1.0
9277,강원도,홍천군,1.0
9278,강원도,강릉시,1.0
9280,강원도,화천군,1.0
9282,제주도,구좌읍,0.14285714285714285
9282,제주도,서귀포시(시내동),0.14285714285714285
9282,제주도,성산읍,0.14285714285714285
9282,제주도,제주시(시내동),0.14285714285714285
9282,제주도,조천읍,0.14285714285714285
9282,제주도,표선면,0.14285714285714285
9282,제주도,한경면,0.14285714285714285
9284,경상북도,영덕군,1.0
9285,경기도,구리시,0.5
9285,경기도,남양주시,0.5
9286,제주도,서귀포시(시내동),1.0
9287,경기도,용인시,1.0
9288,충청북도,제천시,1.0
9290,전라남도,여수시,1.0
9294,전라남도,담양군,1.0
9295,전라남도,여수시,1.0
9296,경상북도,포항시,1.0
9297,강원도,철원군,1.0
9298,제주도,제주시(시내동),1.0
9300,제주도,제주시(시내동),1.0
9301,강원도,강릉시,1.0
9303,충청남도,공주시,0.5
9303,충청남도,논산시,0.5
9304,전라남도,담양군,1.0
9305,전라남도,여수시,1.0
9307,충청남도,금산군,1.0
9308,충청남도,당진시,1.0
9309,강원도,속초시,1.0
9310,제주도,서귀포시(시내동),0.5
9310,제주도,애월읍,0.5
9312,경상남도,거창군,1.0
9313,충청남도,세종특별자치시,1.0
9314,경기도,포천시,1.0
9315,제주도,서귀포시(시내동),0.2
9315,제주도,성산읍,0.2
9315,제주도,안덕면,0.2
9315,제주도,제주시(시내동),0.2
9315,제주도,조천읍,0.2
9316,경상북도,경주시,1.0
9317,전라북도,고창군,1.0
9318,충청북도,단양군,0.3333333333333333
9318,충청북도,제천시,0.3333333333333333
9318,충청북도,충주시(구 청원군 포함),0.3333333333333333
9319,경상남도,거제시,1.0
9321,전라북도,전주시,1.0
9322,전라북도,부안군,1.0
9323,충청남도,서천군,1.0
9324,경기도,가평군,1.0
9325,충청남도,천안시,1.0
9326,강원도,태백시,1.0
9327,전라북도,군산시,1.0
9328,전라남도,보성군,1.0
9329,강원도,정선군,1.0
9330,경상남도,밀양시,0.25
9330,경상남도,진주시,0.25
9330,경상남도,창원시,0.25
9330,경상남도,함안군,0.25
9331,강원도,강릉시,1.0
9332,경상남도,사천시,1.0
9334,강원도,강릉시,1.0
9335,전라북도,전주시,1.0
9336,충청남도,아산시,1.0
9337,강원도,고성군,0.3333333333333333
9337,강원도,동해시,0.3333333333333333
9337,강원도,속초시,0.3333333333333333
9338,전라북도,김제시,1.0
9339,경기도,양평군,1.0
9340,충청남도,부여군,1.0
9341,전라북도,부안군,1.0
9343,전라북도,전주시,1.0
9345,강원도,동해시,0.5
9345,강원도,속초시,0.5
9347,전라남도,순천시,1.0
9348,전라남도,목포시,1.0
9349,경상북도,영덕군,1.0
9350,강원도,태백시,1.0
9351,제주도,구좌읍,0.1111111111111111
9351,제주도,남원읍,0.1111111111111111
9351,제주도,서귀포시(시내동),0.1111111111111111
9351,제주도,성산읍,0.1111111111111111
9351,제주도,애월읍,0.1111111111111111
9351,제주도,제주시(시내동),0.1111111111111111
9351,제주도,조천읍,0.1111111111111111
9351,제주도,표선면,0.1111111111111111
9351,제주도,한림읍,0.1111111111111111
9352,전라남도,담양군,1.0
9354,경상남도,고성군,0.3333333333333333
9354,경상남도,함안군,0.3333333333333333
9354,경상남도,합천군,0.3333333333333333
9355,강원도,춘천시,1.0
9356,충청남도,논산시,0.5
9356,충청남도,당진시,0.5
9358,전라북도,장수군,1.0
9361,전라북도,전주시,1.0
9362,경상남도,하동군,1.0
9363,전라남도,광양시,1.0
9364,경상남도,밀양시,1.0
9365,전라남도,무안군,1.0
9367,강원도,강릉시,0.5
9367,강원도,태백시,0.5
9368,전라남도,화순군,1.0
9371,강원도,삼척시,1.0
9375,경상북도,경주시,1.0
9376,충청남도,천안시,1.0
9377,충청남도,부여군,1.0
9378,강원도,강릉시,1.0
9379,강원도,평창군,1.0
9380,전라남도,신안군,1.0
9382,경상북도,경주시,1.0
9383,경상북도,영덕군,1.0
9384,충청북도,충주시(구 청원군 포함),1.0
9385,경기도,가평군,1.0
9386,충청남도,아산시,1.0
9387,전라남도,나주시,1.0
9388,전라남도,담양군,1.0
9389,경상북도,경주시,0.5
9389,경상북도,포항시,0.5
9390,경상남도,밀양시,1.0
9392,제주도,서귀포시(시내동),1.0
9395,전라남도,순천시,1.0
9396,경상남도,밀양시,1.0
9397,경상북도,영천시,1.0
9398,경상북도,경주시,1.0
9400,강원도,속초시,1.0
9401,경상남도,남해군,0.3333333333333333
9401,경상남도,사천시,0.3333333333333333
9401,경상남도,진주시,0.3333333333333333
9402,경기도,포천시,1.0
9403,경상남도,밀양시,1.0
9404,충청남도,공주시,0.5
9404,충청남도,보령시,0.5
9406,충청남도,태안군,1.0
9407,전라남도,순천시,1.0
9409,경상북도,경주시,1.0
9411,제주도,서귀포시(시내동),1.0
9413,충청북도,괴산군,0.3333333333333333
9413,충청북도,제천시,0.3333333333333333
9413,충청북도,충주시(구 청원군 포함),0.3333333333333333
9414,충청남도,천안시,1.0
9417,경기도,용인시,1.0
9418,경기도,수원시,1.0
9419,충청남도,보령시,1.0
9420,전라남도,여수시,1.0
9422,충청북도,제천시,1.0
9424,제주도,구좌읍,0.25
9424,제주도,제주시(시내동),0.25
9424,제주도,조천읍,0.25
9424,제주도,표선면,0.25
9425,강원도,속초시,1.0
9426,충청남도,예산군,1.0
9427,경상북도,경주시,1.0
9428,경상남도,창원시,1.0
9429,전라남도,목포시,1.0
9430,강원도,속초시,1.0
9431,강원도,홍천군,1.0
9432,강원도,평창군,1.0
9433,충청북도,괴산군,1.0
9435,강원도,속초시,1.0
9436,경상북도,경주시,1.0
9439,충청북도,제천시,1.0
9440,전라북도,남원시,1.0
9441,전라남도,영암군,1.0
9443,강원도,강릉시,1.0
9444,충청남도,서천군,1.0
9445,경기도,가평군,1.0
9446,경상북도,경주시,1.0
9447,강원도,홍천군,1.0
9448,충청남도,세종특별자치시,1.0
9449,경기도,파주시,1.0
9450,전라남도,신안군,1.0
9451,경기도,가평군,1.0
9452,전라남도,진도군,1.0
9453,전라북도,부안군,1.0
9454,전라남도,목포시,0.5
9454,전라남도,해남군,0.5
9455,강원도,강릉시,1.0
9456,강원도,춘천시,1.0
9457,경상북도,구미시,0.3333333333333333
9457,경상북도,영덕군,0.3333333333333333
9457,경상북도,포항시,0.3333333333333333
9459,경상북도,문경시,0.5
9459,경상북도,봉화군,0.5
9462,경상북도,포항시,1.0
9463,충청남도,보령시,1.0
9464,경상남도,거제시,1.0
9465,강원도,강릉시,1.0
9466,제주도,애월읍,1.0
9467,제주도,서귀포시(시내동),1.0
9468,강원도,평창군,1.0
9469,경상남도,거창군,1.0
9470,제주도,애월읍,0.5
9470,제주도,한림읍,0.5
9471,전라남도,광양시,1.0
9472,경기도,포천시,1.0
9473,경상북도,경주시,1.0
9474,경상북도,김천시,0.5
9474,경상북도,상주시,0.5
9475,강원도,속초시,1.0
9476,강원도,강릉시,0.3333333333333333
9476,강원도,원주시,0.3333333333333333
9476,강원도,평창군,0.3333333333333333
9477,경상남도,사천시,1.0
9479,강원도,강릉시,1.0
9482,강원도,태백시,1.0
9483,경상북도,포항시,1.0
9484,경상북도,문경시,1.0
9485,제주도,구좌읍,0.14285714285714285
9485,제주도,대정읍,0.14285714285714285
9485,제주도,서귀포시(시내동),0.14285714285714285
9485,제주도,안덕면,0.14285714285714285
9485,제주도,애월읍,0.14285714285714285
9485,제주도,제주시(시내동),0.14285714285714285
9485,제주도,조천읍,0.14285714285714285
9487,전라남도,광양시,1.0
9489,전라남도,담양군,1.0
9490,경상북도,영주시,1.0
9491,경기도,화성시,1.0
9492,강원도,강릉시,0.3333333333333333
9492,강원도,동해시,0.3333333333333333
9492,강원도,삼척시,0.3333333333333333
9493,강원도,속초시,1.0
9494,경기도,화성시,1.0
9495,전라남도,진도군,1.0
9496,경기도,남양주시,1.0
9497,충청남도,논산시,0.5
9497,충청남도,아산시,0.5
9498,경상북도,경주시,1.0
9500,강원도,속초시,1.0
9501,충청북도,제천시,1.0
9503,전라북도,전주시,1.0
9504,경기도,양평군,1.0
9505,경상북도,문경시,1.0
9506,강원도,강릉시,0.3333333333333333
9506,강원도,고성군,0.3333333333333333
9506,강원도,양양군,0.3333333333333333
9507,경기도,광주시,1.0
9508,경기도,가평군,1.0
9509,경기도,김포시,1.0
9511,제주도,구좌읍,0.5
9511,제주도,서귀포시(시내동),0.5
9512,전라남도,여수시,1.0
9513,제주도,서귀포시(시내동),0.3333333333333333
9513,제주도,성산읍,0.3333333333333333
9513,제주도,안덕면,0.3333333333333333
9514,강원도,고성군,0.5
9514,강원도,양구군,0.5
9516,경기도,김포시,1.0
9519,경기도,남양주시,0.5
9519,경기도,양주시,0.5
9521,제주도,한림읍,1.0
9522,전라남도,강진군,0.25
9522,전라남도,나주시,0.25
9522,전라남도,목포시,0.25
9522,전라남도,함평군,0.25
9523,강원도,속초시,1.0
9524,강원도,원주시,1.0
9525,경기도,가평군,1.0
9526,전라남도,순천시,1.0
9527,충청남도,태안군,1.0
9528,경상북도,포항시,1.0
9529,강원도,속초시,1.0
9532,강원도,속초시,1.0
9533,경기도,수원시,1.0
9534,강원도,강릉시,0.3333333333333333
9534,강원도,고성군,0.3333333333333333
9534,강원도,속초시,0.3333333333333333
9535,경기도,과천시,0.125
9535,경기도,군포시,0.125
9535,경기도,수원시,0.125
9535,경기도,안산시,0.125
9535,경기도,의정부시,0.125
9535,경기도,파주시,0.125
9535,경기도,평택시,0.125
9535,경기도,화성시,0.125
9537,제주도,서귀포시(시내동),1.0
9538,강원도,동해시,1.0
9539,충청남도,태안군,1.0
9540,충청북도,제천시,1.0
9541,전라남도,장흥군,0.5
9541,전라남도,진도군,0.5
9542,제주도,제주시(시내동),1.0
9543,경기도,고양시,1.0
9545,제주도,한림읍,1.0
9546,강원도,강릉시,1.0
9547,전라남도,목포시,0.5
9547,전라남도,신안군,0.5
9548,경상북도,경주시,1.0
9549,경기도,안산시,1.0
9550,경상남도,창녕군,1.0
9551,충청남도,서산시,1.0
9552,전라북도,전주시,1.0
9553,전라남도,신안군,1.0
9555,충청북도,청주시,1.0
9557,전라북도,고창군,1.0
9558,경상북도,영덕군,1.0
9559,경상남도,남해군,0.5
9559,경상남도,산청군,0.5
9562,전라북도,군산시,1.0
9563,전라북도,익산시,1.0
9564,경기도,포천시,1.0
9565,경상남도,남해군,1.0
9566,경기도,수원시,0.5
9566,경기도,용인시,0.5
9567,경상남도,함양군,1.0
9568,경기도,성남시,0.5
9568,경기도,포천시,0.5
9569,제주도,서귀포시(시내동),0.125
9569,제주도,성산읍,0.125
9569,제주도,안덕면,0.125
9569,제주도,애월읍,0.125
9569,제주도,제주시(시내동),0.125
9569,제주도,조천읍,0.125
9569,제주도,한경면,0.125
9569,제주도,한림읍,0.125
9570,경상북도,영덕군,1.0
9571,강원도,영월군,1.0
9572,충청북도,괴산군,1.0
9573,경기도,평택시,1.0
9574,강원도,고성군,1.0
9575,전라남도,여수시,1.0
9576,제주도,서귀포시(시내동),0.5
9576,제주도,애월읍,0.5
9578,충청남도,태안군,1.0
9579,강원도,속초시,1.0
9581,충청남도,당진시,1.0
9582,전라남도,담양군,1.0
9583,강원도,속초시,1.0
9585,충청남도,예산군,1.0
9587,전라남도,곡성군,1.0
9588,충청남도,보령시,0.5
9588,충청남도,아산시,0.5
9589,경상남도,남해군,1.0
9590,경상남도,통영시,1.0
9591,충청남도,태안군,1.0
9593,경상북도,청도군,1.0
9596,전라북도,남원시,1.0
9597,강원도,고성군,0.3333333333333333
9597,강원도,속초시,0.3333333333333333
9597,강원도,양양군,0.3333333333333333
9598,경기도,포천시,1.0
9599,전라남도,여수시,1.0
9601,경상북도,경산시,1.0
9602,충청남도,태안군,1.0
9603,경상남도,거제시,1.0
9605,제주도,서귀포시(시내동),1.0
9606,전라남도,여수시,1.0
9607,충청북도,충주시(구 청원군 포함),1.0
9608,전라북도,남원시,1.0
9610,전라북도,부안군,1.0
9612,강원도,동해시,1.0
9614,전라북도,무주군,1.0
9615,강원도,강릉시,0.5
9615,강원도,속초시,0.5
9616,전라북도,군산시,1.0
9617,전라북도,전주시,1.0
9618,제주도,서귀포시(시내동),0.3333333333333333
9618,제주도,성산읍,0.3333333333333333
9618,제주도,애월읍,0.3333333333333333
9619,전라남도,강진군,0.3333333333333333
9619,전라남도,완도군,0.3333333333333333
9619,전라남도,해남군,0.3333333333333333
9620,제주도,서귀포시(시내동),0.3333333333333333
9620,제주도,안덕면,0.3333333333333333
9620,제주도,표선면,0.3333333333333333
9621,전라북도,고창군,1.0
9623,제주도,서귀포시(시내동),0.3333333333333333
9623,제주도,애월읍,0.3333333333333333
9623,제주도,제주시(시내동),0.3333333333333333
9624,강원도,강릉시,1.0
9625,충청남도,서산시,1.0
9626,강원도,원주시,1.0
9627,경상남도,남해군,1.0
9628,충청남도,공주시,1.0
9630,경상남도,창원시,1.0
9632,전라남도,여수시,1.0
9633,전라남도,순천시,1.0
9634,전라남도,담양군,0.25
9634,전라남도,무안군,0.25
9634,전라남도,순천시,0.25
9634,전라남도,신안군,0.25
9635,전라남도,해남군,1.0
9639,경상북도,경주시,0.5
9639,경상북도,포항시,0.5
9640,경기도,수원시,0.5
9640,경기도,파주시,0.5
9641,경기도,남양주시,1.0
9642,경상남도,통영시,1.0
9644,경상북도,경주시,1.0
9645,전라북도,고창군,1.0
9646,충청북도,괴산군,0.5
9646,충청북도,충주시(구 청원군 포함),0.5
9647,전라남도,여수시,1.0
9648,경상북도,문경시,1.0
9649,강원도,속초시,1.0
9651,강원도,동해시,1.0
9652,경상북도,경주시,1.0
9653,경상남도,하동군,1.0
9655,강원도,속초시,1.0
9656,전라북도,정읍시,1.0
9657,충청남도,태안군,1.0
9658,전라남도,무안군,1.0
9659,경상북도,영주시,1.0
9661,충청북도,제천시,1.0
9662,경기도,파주시,1.0
9663,경기도,이천시,1.0
9664,강원도,강릉시,0.3333333333333333
9664,강원도,원주시,0.3333333333333333
9664,강원도,평창군,0.3333333333333333
9665,경상남도,거제시,1.0
9668,강원도,고성군,0.5
9668,강원도,속초시,0.5
9669,전라남도,목포시,1.0
9670,전라북도,군산시,0.5
9670,전라북도,전주시,0.5
9671,전라북도,군산시,1.0
9672,제주도,애월읍,1.0
9674,전라남도,구례군,1.0
9675,충청남도,보령시,1.0
9676,전라남도,목포시,1.0
9678,전라북도,김제시,1.0
9679,강원도,고성군,1.0
9681,제주도,서귀포시(시내동),0.25
9681,제주도,애월읍,0.25
9681,제주도,제주시(시내동),0.25
9681,제주도,표선면,0.25
9682,전라남도,해남군,1.0
9683,전라남도,강진군,0.5
9683,전라남도,해남군,0.5
9684,강원도,강릉시,0.5
9684,강원도,속초시,0.5
9686,제주도,구좌읍,0.14285714285714285
9686,제주도,서귀포시(시내동),0.14285714285714285
9686,제주도,성산읍,0.14285714285714285
9686,제주도,애월읍,0.14285714285714285
9686,제주도,조천읍,0.14285714285714285
9686,제주도,표선면,0.14285714285714285
9686,제주도,한경면,0.14285714285714285
9689,경상남도,밀양시,1.0
9690,경상남도,거제시,1.0
9691,강원도,속초시,1.0
9692,강원도,고성군,1.0
9693,충청남도,천안시,1.0
9694,전라남도,완도군,1.0
9695,전라남도,여수시,1.0
9696,경기도,김포시,1.0
9697,강원도,홍천군,1.0
9698,경기도,수원시,1.0
9699,경상북도,김천시,1.0
9700,전라남도,곡성군,1.0
9701,전라북도,고창군,1.0
9702,전라북도,군산시,1.0
9703,강원도,인제군,1.0
9704,경상북도,안동시,1.0
9705,경상남도,거제시,1.0
9706,강원도,춘천시,1.0
9707,충청남도,보령시,1.0
9708,충청남도,보령시,1.0
9709,강원도,고성군,1.0
9711,경상북도,경주시,1.0
9714,경상북도,포항시,1.0
9715,강원도,동해시,0.5
9715,강원도,양양군,0.5
9716,경상북도,경주시,1.0
9717,강원도,영월군,1.0
9718,경기도,수원시,1.0
9719,경기도,수원시,1.0
9720,충청남도,아산시,0.5
9720,충청남도,천안시,0.5
9721,전라북도,군산시,0.5
9721,전라북도,전주시,0.5
9722,강원도,속초시,1.0
9723,강원도,속초시,1.0
9724,전라북도,남원시,1.0
9725,경상남도,김해시,0.5
9725,경상남도,사천시,0.5
9727,경상북도,경산시,1.0
9728,충청남도,보령시,1.0
9729,충청북도,괴산군,0.5
9729,충청북도,청주시,0.5
9730,경상북도,경주시,1.0
9731,충청남도,천안시,1.0
9733,제주도,구좌읍,0.2
9733,제주도,남원읍,0.2
9733,제주도,애월읍,0.2
9733,제주도,표선면,0.2
9733,제주도,한림읍,0.2
9734,강원도,평창군,1.0
9735,충청남도,태안군,1.0
9736,전라남도,완도군,1.0
9737,전라남도,순천시,0.5
9737,전라남도,장흥군,0.5
9738,충청남도,보령시,1.0
9740,강원도,원주시,1.0
9742,전라남도,진도군,0.5
9742,전라남도,해남군,0.5
9743,강원도,평창군,1.0
9744,강원도,정선군,1.0
9745,충청남도,천안시,1.0
9746,강원도,강릉시,1.0
9747,경기도,화성시,1.0
9750,경상북도,포항시,1.0
9751,경상북도,예천군,1.0
9752,경기도,화성시,1.0
9754,경상남도,남해군,1.0
9755,충청남도,아산시,1.0
9756,강원도,속초시,1.0
9757,경상북도,경주시,1.0
9759,경상북도,구미시,0.5
9759,경상북도,상주시,0.5
9760,경상북도,경주시,1.0
9762,충청남도,보령시,1.0
9763,전라남도,화순군,1.0
9764,경상북도,경주시,1.0
9765,경기도,의왕시,1.0
9766,충청북도,단양군,1.0
9767,경상북도,포항시,1.0
9768,충청북도,옥천군,1.0
9769,강원도,양양군,0.25
9769,강원도,원주시,0.25
9769,강원도,태백시,0.25
9769,강원도,평창군,0.25
9770,강원도,정선군,1.0
9772,강원도,속초시,1.0
9773,제주도,서귀포시(시내동),0.2
9773,제주도,안덕면,0.2
9773,제주도,애월읍,0.2
9773,제주도,제주시(시내동),0.2
9773,제주도,표선면,0.2
9774,강원도,인제군,1.0
9775,전라남도,진도군,1.0
9776,제주도,서귀포시(시내동),1.0
9777,전라북도,군산시,1.0
9779,강원도,속초시,0.5
9779,강원도,양양군,0.5
9783,경기도,김포시,1.0
9784,강원도,정선군,1.0
9785,경상남도,거창군,1.0
9786,경상북도,경주시,0.5
9786,경상북도,포항시,0.5
9787,경상남도,거제시,1.0
9790,경상남도,남해군,1.0
9791,충청북도,충주시(구 청원군 포함),1.0
9792,전라남도,화순군,1.0
9794,강원도,춘천시,1.0
9796,강원도,강릉시,1.0
9798,제주도,서귀포시(시내동),0.5
9798,제주도,제주시(시내동),0.5
9799,강원도,고성군,1.0
9800,경상남도,남해군,1.0
9801,전라남도,목포시,0.16666666666666666
9801,전라남도,순천시,0.16666666666666666
9801,전라남도,신안군,0.16666666666666666
9801,전라남도,완도군,0.16666666666666666
9801,전라남도,진도군,0.16666666666666666
9801,전라남도,해남군,0.16666666666666666
9802,경기도,광주시,1.0
9803,충청남도,태안군,1.0
9804,경상북도,경주시,0.5
9804,경상북도,문경시,0.5
9805,경상북도,포항시,1.0
9806,충청북도,충주시(구 청원군 포함),1.0
9808,충청남도,태안군,1.0
9809,경상남도,통영시,1.0
9810,경상북도,김천시,1.0
9811,경기도,양평군,1.0
9813,경상북도,성주군,1.0
9814,강원도,속초시,1.0
9815,전라남도,담양군,0.5
9815,전라남도,화순군,0.5
9816,충청북도,청주시,1.0
9820,강원도,양양군,1.0
9821,강원도,고성군,0.5
9821,강원도,속초시,0.5
9823,충청남도,공주시,0.5
9823,충청남도,부여군,0.5
9824,전라남도,여수시,1.0
9826,강원도,속초시,1.0
9827,경기도,시흥시,1.0
9828,강원도,영월군,0.5
9828,강원도,평창군,0.5
9829,경상남도,남해군,1.0
9830,경기도,부천시,1.0
9831,경상남도,창원시,1.0
9832,강원도,고성군,1.0
9833,강원도,강릉시,0.2
9833,강원도,삼척시,0.2
9833,강원도,속초시,0.2
9833,강원도,양양군,0.2
9833,강원도,춘천시,0.2
9834,전라남도,목포시,0.5
9834,전라남도,완도군,0.5
9837,제주도,구좌읍,0.125
9837,제주도,남원읍,0.125
9837,제주도,서귀포시(시내동),0.125
9837,제주도,성산읍,0.125
9837,제주도,애월읍,0.125
9837,제주도,제주시(시내동),0.125
9837,제주도,조천읍,0.125
9837,제주도,한림읍,0.125
9838,강원도,강릉시,0.5
9838,강원도,동해시,0.5
9839,충청북도,단양군,0.5
9839,충청북도,제천시,0.5
9841,강원도,양양군,1.0
9844,강원도,영월군,1.0
9845,전라남도,강진군,1.0
9847,경기도,용인시,1.0
9849,강원도,강릉시,0.3333333333333333
9849,강원도,삼척시,0.3333333333333333
9849,강원도,속초시,0.3333333333333333
9851,전라북도,전주시,1.0
9852,경상북도,경주시,1.0
9853,제주도,구좌읍,0.125
9853,제주도,서귀포시(시내동),0.125
9853,제주도,성산읍,0.125
9853,제주도,안덕면,0.125
9853,제주도,애월읍,0.125
9853,제주도,제주시(시내동),0.125
9853,제주도,한경면,0.125
9853,제주도,한림읍,0.125
9854,경기도,파주시,1.0
9856,경상북도,경주시,1.0
9857,강원도,강릉시,0.5
9857,강원도,속초시,0.5
9858,경기도,과천시,1.0
9859,제주도,서귀포시(시내동),0.2
9859,제주도,안덕면,0.2
9859,제주도,애월읍,0.2
9859,제주도,제주시(시내동),0.2
9859,제주도,한림읍,0.2
9862,경상남도,김해시,1.0
9865,경기도,의정부시,1.0
9866,강원도,고성군,1.0
9867,강원도,속초시,1.0
9868,강원도,철원군,1.0
9869,전라북도,전주시,1.0
9870,강원도,양양군,1.0
9871,경기도,광명시,1.0
9872,경상북도,영주시,1.0
9873,경기도,화성시,1.0
9875,제주도,구좌읍,1.0
9876,강원도,속초시,1.0
9877,충청남도,태안군,1.0
9878,전라남도,순천시,1.0
9879,강원도,홍천군,1.0
9880,경상북도,경주시,1.0
9881,제주도,남원읍,0.5
9881,제주도,서귀포시(시내동),0.5
9883,경상북도,울진군,1.0
9884,강원도,강릉시,0.5
9884,강원도,속초시,0.5
9885,경상남도,고성군,1.0
9887,강원도,고성군,1.0
9888,강원도,강릉시,1.0
9889,경기도,양평군,1.0
9890,경기도,파주시,1.0
9891,강원도,강릉시,1.0
9893,경기도,안양시,1.0
9894,강원도,속초시,1.0
9895,전라남도,여수시,1.0
9896,강원도,속초시,0.5
9896,강원도,양양군,0.5
9897,강원도,강릉시,0.5
9897,강원도,홍천군,0.5
9899,강원도,동해시,0.5
9899,강원도,속초시,0.5
9900,제주도,구좌읍,0.3333333333333333
9900,제주도,제주시(시내동),0.3333333333333333
9900,제주도,조천읍,0.3333333333333333
9901,강원도,동해시,1.0
9902,전라남도,담양군,1.0
9904,경상남도,함양군,1.0
9906,경기도,김포시,1.0
9907,전라남도,나주시,1.0
9908,강원도,평창군,1.0
9910,전라남도,담양군,1.0
9912,충청남도,아산시,1.0
9913,제주도,대정읍,0.3333333333333333
9913,제주도,서귀포시(시내동),0.3333333333333333
9913,제주도,한경면,0.3333333333333333
9915,충청남도,서산시,1.0
9916,제주도,구좌읍,0.08333333333333333
9916,제주도,남원읍,0.08333333333333333
9916,제주도,대정읍,0.08333333333333333
9916,제주도,서귀포시(시내동),0.08333333333333333
9916,제주도,성산읍,0.08333333333333333
9916,제주도,안덕면,0.08333333333333333
9916,제주도,애월읍,0.08333333333333333
9916,제주도,제주시(시내동),0.08333333333333333
9916,제주도,조천읍,0.08333333333333333
9916,제주도,표선면,0.08333333333333333
9916,제주도,한경면,0.08333333333333333
9916,제주도,한림읍,0.08333333333333333
9917,강원도,속초시,1.0
9919,충청남도,공주시,1.0
9920,강원도,고성군,1.0
9921,충청북도,충주시(구 청원군 포함),1.0
9922,경기도,고양시,0.3333333333333333
9922,경기도,양주시,0.3333333333333333
9922,경기도,파주시,0.3333333333333333
9923,전라북도,전주시,1.0
9926,충청남도,논산시,1.0
9929,강원도,강릉시,1.0
9931,강원도,정선군,1.0
9933,강원도,양구군,0.5
9933,강원도,춘천시,0.5
9934,제주도,서귀포시(시내동),0.25
9934,제주도,안덕면,0.25
9934,제주도,애월읍,0.25
9934,제주도,한림읍,0.25
9938,경상남도,거제시,0.5
9938,경상남도,통영시,0.5
9939,강원도,평창군,1.0
9940,제주도,서귀포시(시내동),0.2
9940,제주도,성산읍,0.2
9940,제주도,안덕면,0.2
9940,제주도,애월읍,0.2
9940,제주도,조천읍,0.2
9941,경상남도,통영시,1.0
9942,경상북도,청도군,1.0
9944,충청남도,당진시,1.0
9948,경상북도,청송군,1.0
9949,경상남도,통영시,1.0
9950,경상북도,영덕군,1.0
9953,전라남도,무안군,1.0
9954,강원도,양양군,1.0
9955,경상남도,함양군,1.0
9956,충청북도,단양군,1.0
9957,전라북도,무주군,1.0
9959,강원도,강릉시,0.3333333333333333
9959,강원도,동해시,0.3333333333333333
9959,강원도,영월군,0.3333333333333333
9960,경상북도,경산시,1.0
9961,강원도,동해시,1.0
9962,전라남도,순천시,1.0
9963,경기도,의정부시,1.0
9964,전라남도,광양시,0.25
9964,전라남도,신안군,0.25
9964,전라남도,진도군,0.25
9964,전라남도,해남군,0.25
9965,강원도,강릉시,1.0
9966,경기도,파주시,1.0
9967,강원도,춘천시,1.0
9968,제주도,서귀포시(시내동),0.25
9968,제주도,성산읍,0.25
9968,제주도,제주시(시내동),0.25
9968,제주도,표선면,0.25
9969,경상북도,경주시,1.0
9970,강원도,홍천군,1.0
9973,충청북도,진천군,1.0
9976,충청남도,보령시,1.0
9977,충청남도,태안군,1.0
9978,전라북도,무주군,1.0
9979,강원도,삼척시,1.0
9980,강원도,인제군,1.0
9981,강원도,영월군,1.0
9983,제주도,구좌읍,0.5
9983,제주도,제주시(시내동),0.5
9984,경상남도,통영시,1.0
9986,충청북도,충주시(구 청원군 포함),1.0
9987,경상북도,영덕군,1.0
9989,충청남도,보령시,0.5
9989,충청남도,예산군,0.5
9990,전라남도,화순군,1.0
9991,제주도,서귀포시(시내동),0.5
9991,제주도,한경면,0.5
9992,전라남도,여수시,1.0
9993,강원도,속초시,1.0
9994,충청남도,태안군,1.0
9995,전라북도,김제시,0.5
9995,전라북도,순창군,0.5
9996,충청남도,예산군,1.0
9997,강원도,속초시,1.0
9998,제주도,구좌읍,0.16666666666666666
9998,제주도,서귀포시(시내동),0.16666666666666666
9998,제주도,애월읍,0.16666666666666666
9998,제주도,제주시(시내동),0.16666666666666666
9998,제주도,조천읍,0.16666666666666666
9998,제주도,한림읍,0.16666666666666666
9999,강원도,태백시,1.0
10000,제주도,애월읍,1.0
10003,경상남도,거제시,0.5
10003,경상남도,통영시,0.5
10004,강원도,강릉시,1.0
10005,전라남도,목포시,0.3333333333333333
10005,전라남도,신안군,0.3333333333333333
10005,전라남도,진도군,0.3333333333333333
10006,강원도,삼척시,1.0
10007,경기도,용인시,1.0
10008,충청남도,보령시,1.0
10009,충청남도,보령시,1.0
10010,경기도,군포시,1.0
10011,충청남도,보령시,1.0
10012,경상남도,밀양시,1.0
10013,경기도,양평군,1.0
10014,전라북도,고창군,1.0
10015,충청남도,보령시,1.0
10016,충청북도,제천시,1.0
10017,경상북도,울진군,1.0
10018,강원도,속초시,1.0
10019,경기도,가평군,1.0
10020,강원도,강릉시,1.0
10021,강원도,양양군,1.0
10022,경상남도,거제시,1.0
10025,강원도,속초시,0.5
10025,강원도,양구군,0.5
10026,제주도,애월읍,1.0
10029,강원도,평창군,1.0
10030,충청북도,충주시(구 청원군 포함),1.0
10031,강원도,강릉시,1.0
10032,전라북도,고창군,1.0
10033,경기도,수원시,1.0
10034,강원도,속초시,1.0
10035,경상남도,고성군,1.0
10036,경상북도,청도군,1.0
10038,강원도,고성군,1.0
10039,강원도,강릉시,1.0
10041,강원도,동해시,0.5
10041,강원도,평창군,0.5
10043,강원도,삼척시,1.0
10044,강원도,원주시,1.0
10045,강원도,평창군,1.0
10047,충청남도,공주시,1.0
10049,충청남도,홍성군,1.0
10051,강원도,정선군,1.0
10052,전라남도,해남군,1.0
10053,경상북도,영덕군,1.0
10054,제주도,성산읍,0.3333333333333333
10054,제주도,조천읍,0.3333333333333333
10054,제주도,표선면,0.3333333333333333
10056,충청남도,공주시,1.0
10058,경상남도,거제시,0.5
10058,경상남도,남해군,0.5
10059,경상북도,상주시,0.5
10059,경상북도,영주시,0.5
10060,제주도,서귀포시(시내동),1.0
10061,제주도,애월읍,1.0
10065,강원도,고성군,0.5
10065,강원도,속초시,0.5
10066,경기도,가평군,1.0
10067,경상북도,경주시,1.0
10068,전라남도,여수시,1.0
10069,경상남도,함양군,1.0
10070,충청남도,당진시,1.0
10072,전라남도,여수시,1.0
10073,강원도,동해시,1.0
10074,경기도,양주시,1.0
10076,강원도,속초시,1.0
10077,강원도,평창군,1.0
10078,전라남도,여수시,1.0
10079,전라북도,임실군,1.0
10081,경기도,남양주시,0.3333333333333333
10081,경기도,수원시,0.3333333333333333
10081,경기도,안산시,0.3333333333333333
10082,강원도,강릉시,1.0
10083,강원도,강릉시,1.0
10084,경상북도,안동시,1.0
10085,제주도,애월읍,1.0
10086,전라북도,진안군,1.0
10087,충청남도,태안군,1.0
10088,경기도,가평군,1.0
10089,충청북도,단양군,0.5
10089,충청북도,보은군,0.5
10090,강원도,삼척시,0.5
10090,강원도,춘천시,0.5
10091,경상남도,사천시,0.5
10091,경상남도,통영시,0.5
10092,강원도,강릉시,1.0
10093,경상북도,경주시,1.0
10095,경상남도,통영시,1.0
10096,경기도,동두천시,1.0
10097,충청북도,괴산군,1.0
10098,전라북도,무주군,1.0
10099,경상북도,영덕군,1.0
10102,강원도,강릉시,0.5
10102,강원도,고성군,0.5
10103,전라남도,곡성군,1.0
10105,강원도,양양군,0.5
10105,강원도,춘천시,0.5
10107,경기도,군포시,1.0
10108,전라북도,군산시,1.0
10109,제주도,서귀포시(시내동),0.3333333333333333
10109,제주도,애월읍,0.3333333333333333
10109,제주도,우도면,0.3333333333333333
10112,경기도,양평군,1.0
10113,강원도,속초시,1.0
10115,강원도,속초시,0.3333333333333333
10115,강원도,양양군,0.3333333333333333
10115,강원도,원주시,0.3333333333333333
10116,전라남도,여수시,1.0
10118,강원도,평창군,1.0
10119,제주도,서귀포시(시내동),1.0
10120,경상북도,포항시,1.0
10121,전라남도,목포시,0.5
10121,전라남도,해남군,0.5
10122,경상남도,진주시,1.0
10123,경상남도,창녕군,1.0
10124,강원도,속초시,0.3333333333333333
10124,강원도,양양군,0.3333333333333333
10124,강원도,정선군,0.3333333333333333
10125,경상북도,경주시,1.0
10126,강원도,속초시,1.0
10127,강원도,고성군,0.3333333333333333
10127,강원도,속초시,0.3333333333333333
10127,강원도,양양군,0.3333333333333333
10129,충청남도,태안군,1.0
10130,강원도,강릉시,0.5
10130,강원도,속초시,0.5
10131,제주도,애월읍,0.5
10131,제주도,제주시(시내동),0.5
10132,강원도,속초시,1.0
10133,경상북도,경주시,1.0
10134,충청남도,홍성군,1.0
10135,제주도,제주시(시내동),1.0
10136,제주도,제주시(시내동),1.0
10137,제주도,표선면,1.0
10138,강원도,강릉시,1.0
10140,전라북도,전주시,1.0
10141,강원도,속초시,1.0
10144,경상북도,문경시,1.0
10145,경상북도,울진군,1.0
10146,강원도,원주시,0.5
10146,강원도,횡성군,0.5
10147,경상북도,영주시,1.0
10148,경상북도,울진군,1.0
10149,충청북도,괴산군,1.0
10150,충청북도,충주시(구 청원군 포함),1.0
10152,충청남도,아산시,1.0
10153,강원도,속초시,1.0
10157,경상남도,통영시,1.0
10158,전라북도,군산시,1.0
10160,제주도,서귀포시(시내동),0.3333333333333333
10160,제주도,우도면,0.3333333333333333
10160,제주도,제주시(시내동),0.3333333333333333
10163,경상남도,함양군,1.0
10164,제주도,서귀포시(시내동),1.0
10165,전라북도,군산시,1.0
10166,충청남도,당진시,1.0
10168,경상북도,울릉군,1.0
10169,강원도,속초시,0.3333333333333333
10169,강원도,양양군,0.3333333333333333
10169,강원도,평창군,0.3333333333333333
10170,경상남도,고성군,1.0
10171,강원도,정선군,1.0
10173,경상남도,거창군,1.0
10174,제주도,서귀포시(시내동),1.0
10175,경기도,여주시,1.0
10176,전라북도,고창군,1.0
10178,충청남도,태안군,1.0
10179,강원도,춘천시,1.0
10180,강원도,강릉시,1.0
10181,경기도,광주시,0.3333333333333333
10181,경기도,여주시,0.3333333333333333
10181,경기도,이천시,0.3333333333333333
10182,전라남도,목포시,0.3333333333333333
10182,전라남도,여수시,0.3333333333333333
10182,전라남도,영광군,0.3333333333333333
10183,강원도,철원군,1.0
10184,충청북도,단양군,1.0
10185,충청북도,증평군,1.0
10186,강원도,고성군,0.5
10186,강원도,속초시,0.5
10187,강원도,강릉시,0.5
10187,강원도,동해시,0.5
10188,경상북도,경주시,1.0
10189,충청남도,보령시,1.0
10190,강원도,강릉시,1.0
10191,전라남도,여수시,1.0
10192,강원도,삼척시,1.0
10193,제주도,구좌읍,1.0
10194,경상남도,남해군,1.0
10197,경상남도,사천시,1.0
10199,강원도,태백시,1.0
10203,경상북도,울릉군,1.0
10204,경상북도,문경시,1.0
10206,전라남도,해남군,1.0
10209,충청북도,단양군,1.0
10210,강원도,철원군,1.0
10211,강원도,정선군,1.0
10213,전라남도,보성군,1.0
10214,경상북도,상주시,1.0
10215,경상북도,경주시,0.5
10215,경상북도,영덕군,0.5
10217,제주도,구좌읍,0.5
10217,제주도,대정읍,0.5
10218,강원도,강릉시,1.0
10219,경상북도,김천시,1.0
10220,경상남도,창원시,1.0
10221,강원도,속초시,1.0
10222,제주도,대정읍,0.3333333333333333
10222,제주도,서귀포시(시내동),0.3333333333333333
10222,제주도,안덕면,0.3333333333333333
10223,경기도,구리시,1.0
10227,경상북도,경주시,1.0
10228,경기도,수원시,1.0
10229,제주도,안덕면,1.0
10231,강원도,강릉시,0.25
10231,강원도,고성군,0.25
10231,강원도,속초시,0.25
10231,강원도,양양군,0.25
10232,충청북도,영동군,1.0
10234,경기도,의정부시,1.0
10235,제주도,애월읍,0.5
10235,제주도,제주시(시내동),0.5
10236,충청북도,보은군,1.0
10238,경상북도,구미시,1.0
10239,충청남도,당진시,0.2
10239,충청남도,보령시,0.2
10239,충청남도,서산시,0.2
10239,충청남도,아산시,0.2
10239,충청남도,태안군,0.2
10240,강원도,속초시,1.0
10242,경상남도,거제시,1.0
10243,전라남도,순천시,1.0
10245,충청북도,충주시(구 청원군 포함),1.0
10246,경상북도,청송군,1.0
10248,경상남도,거제시,1.0
10251,강원도,속초시,1.0
10252,제주도,서귀포시(시내동),0.5
10252,제주도,제주시(시내동),0.5
10256,경상남도,고성군,1.0
10257,제주도,구좌읍,0.14285714285714285
10257,제주도,성산읍,0.14285714285714285
10257,제주도,애월읍,0.14285714285714285
10257,제주도,제주시(시내동),0.14285714285714285
10257,제주도,조천읍,0.14285714285714285
10257,제주도,한경면,0.14285714285714285
10257,제주도,한림읍,0.14285714285714285
10260,강원도,속초시,1.0
10262,경기도,고양시,0.5
10262,경기도,안산시,0.5
10263,경상북도,경주시,1.0
10265,전라북도,군산시,1.0
10266,경상북도,문경시,1.0
10267,제주도,서귀포시(시내동),0.3333333333333333
10267,제주도,안덕면,0.3333333333333333
10267,제주도,제주시(시내동),0.3333333333333333
10268,강원도,속초시,1.0
10269,제주도,구좌읍,0.3333333333333333
10269,제주도,서귀포시(시내동),0.3333333333333333
10269,제주도,제주시(시내동),0.3333333333333333
10270,경상북도,경주시,1.0
10271,경상북도,포항시,1.0
10272,전라남도,강진군,1.0
10273,경상북도,청도군,1.0
10274,강원도,강릉시,1.0
10275,경상남도,거제시,0.5
10275,경상남도,통영시,0.5
10276,제주도,구좌읍,0.2
10276,제주도,남원읍,0.2
10276,제주도,서귀포시(시내동),0.2
10276,제주도,제주시(시내동),0.2
10276,제주도,조천읍,0.2
10278,경상남도,거창군,1.0
10279,경상남도,하동군,1.0
10280,강원도,속초시,1.0
10281,강원도,강릉시,1.0
10282,충청남도,태안군,1.0
10283,강원도,고성군,0.3333333333333333
10283,강원도,속초시,0.3333333333333333
10283,강원도,양양군,0.3333333333333333
10284,경기도,양평군,1.0
10285,강원도,강릉시,1.0
10286,제주도,애월읍,0.5
10286,제주도,표선면,0.5
10287,전라남도,목포시,0.3333333333333333
10287,전라남도,함평군,0.3333333333333333
10287,전라남도,해남군,0.3333333333333333
10288,전라북도,정읍시,1.0
10289,충청남도,태안군,1.0
10290,경기도,양주시,1.0
10291,경상북도,경주시,1.0
10292,강원도,양양군,0.5
10292,강원도,영월군,0.5
10294,경기도,가평군,1.0
10295,강원도,영월군,1.0
10296,경상남도,양산시,1.0
10297,제주도,서귀포시(시내동),0.5
10297,제주도,성산읍,0.5
10298,경기도,남양주시,1.0
10299,경상북도,경주시,1.0
10300,경기도,연천군,0.5
10300,경기도,의왕시,0.5
10301,제주도,애월읍,1.0
10303,경상남도,의령군,1.0
10304,충청남도,예산군,1.0
10305,강원도,강릉시,0.3333333333333333
10305,강원도,원주시,0.3333333333333333
10305,강원도,홍천군,0.3333333333333333
10307,충청북도,증평군,1.0
10309,강원도,양양군,1.0
10313,경기도,화성시,1.0
10314,경상북도,안동시,1.0
10315,강원도,속초시,1.0
10316,제주도,서귀포시(시내동),1.0
10317,경기도,양주시,1.0
10321,강원도,영월군,1.0
10323,제주도,서귀포시(시내동),0.25
10323,제주도,성산읍,0.25
10323,제주도,애월읍,0.25
10323,제주도,제주시(시내동),0.25
10324,경상남도,진주시,1.0
10325,경상남도,거제시,0.5
10325,경상남도,창원시,0.5
10326,경상북도,봉화군,1.0
10327,강원도,강릉시,0.5
10327,강원도,속초시,0.5
10328,강원도,속초시,1.0
10330,강원도,속초시,1.0
10332,제주도,성산읍,0.5
10332,제주도,우도면,0.5
10333,강원도,홍천군,1.0
10334,경상북도,상주시,1.0
10336,경기도,연천군,1.0
10338,전라남도,여수시,1.0
10339,강원도,춘천시,1.0
10340,경상북도,영주시,1.0
10341,강원도,강릉시,1.0
10343,제주도,서귀포시(시내동),1.0
10345,충청남도,아산시,1.0
10346,강원도,영월군,0.5
10346,강원도,태백시,0.5
10347,경상북도,포항시,1.0
10348,강원도,원주시,1.0
10349,강원도,강릉시,1.0
10350,강원도,속초시,1.0
10351,강원도,속초시,1.0
10352,충청북도,제천시,1.0
10353,충청남도,보령시,1.0
10354,충청북도,옥천군,1.0
10355,경기도,광주시,1.0
10356,강원도,원주시,1.0
10357,경기도,수원시,1.0
10359,경상남도,남해군,1.0
10360,경기도,여주시,1.0
10362,충청남도,서천군,1.0
10363,제주도,구좌읍,1.0
10364,경기도,파주시,1.0
10365,충청남도,태안군,1.0
10366,제주도,조천읍,1.0
10367,강원도,강릉시,1.0
10368,강원도,강릉시,0.5
10368,강원도,평창군,0.5
10369,강원도,춘천시,1.0
10370,경기도,수원시,1.0
10371,전라남도,강진군,1.0
10372,경상북도,경주시,1.0
10373,경상북도,영천시,1.0
10374,경기도,고양시,0.3333333333333333
10374,경기도,의왕시,0.3333333333333333
10374,경기도,화성시,0.3333333333333333
10375,경상남도,진주시,1.0
10376,전라북도,군산시,1.0
10377,전라남도,목포시,1.0
10378,강원도,원주시,1.0
10379,제주도,서귀포시(시내동),1.0
10383,강원도,속초시,1.0
10385,제주도,서귀포시(시내동),0.3333333333333333
10385,제주도,성산읍,0.3333333333333333
10385,제주도,제주시(시내동),0.3333333333333333
10387,경기도,가평군,1.0
10389,제주도,서귀포시(시내동),1.0
10390,강원도,고성군,1.0
10391,경상북도,경주시,1.0
10392,전라남도,순천시,1.0
10393,경상북도,상주시,1.0
10394,강원도,동해시,1.0
10395,강원도,강릉시,0.5
10395,강원도,속초시,0.5
10396,충청남도,세종특별자치시,1.0
10398,강원도,양양군,1.0
10399,강원도,원주시,1.0
10400,전라북도,고창군,0.3333333333333333
10400,전라북도,군산시,0.3333333333333333
10400,전라북도,순창군,0.3333333333333333
10401,제주도,서귀포시(시내동),1.0
10402,경상남도,양산시,1.0
10403,충청남도,천안시,1.0
10404,경기도,가평군,1.0
10405,강원도,홍천군,1.0
10406,경상북도,경주시,1.0
10408,강원도,양구군,0.5
10408,강원도,춘천시,0.5
10409,전라남도,여수시,1.0
10410,전라북도,무주군,1.0
10412,강원도,영월군,1.0
10413,강원도,속초시,0.3333333333333333
10413,강원도,양양군,0.3333333333333333
10413,강원도,인제군,0.3333333333333333
10419,경상남도,거제시,1.0
10420,강원도,횡성군,1.0
10421,경기도,고양시,1.0
10422,강원도,고성군,1.0
10425,강원도,원주시,1.0
10427,전라북도,남원시,1.0
10428,충청남도,천안시,1.0
10429,전라남도,여수시,1.0
10431,경상남도,거제시,1.0
10432,강원도,강릉시,1.0
10433,강원도,고성군,0.5
10433,강원도,속초시,0.5
10434,충청남도,보령시,1.0
10435,경기도,가평군,1.0
10436,충청남도,태안군,1.0
10437,강원도,정선군,1.0
10438,제주도,성산읍,0.16666666666666666
10438,제주도,애월읍,0.16666666666666666
10438,제주도,우도면,0.16666666666666666
10438,제주도,제주시(시내동),0.16666666666666666
10438,제주도,표선면,0.16666666666666666
10438,제주도,한경면,0.16666666666666666
10439,강원도,고성군,0.3333333333333333
10439,강원도,속초시,0.3333333333333333
10439,강원도,춘천시,0.3333333333333333
10440,경상남도,고성군,1.0
10441,강원도,강릉시,1.0
10442,강원도,속초시,1.0
10443,전라남도,고흥군,0.5
10443,전라남도,여수시,0.5
10444,경상북도,경주시,1.0
10445,강원도,횡성군,1.0
10446,경상북도,고령군,1.0
10447,충청북도,충주시(구 청원군 포함),1.0
10448,전라남도,목포시,1.0
10449,충청남도,서산시,1.0
10450,충청북도,충주시(구 청원군 포함),1.0
10451,경기도,양평군,1.0
10452,전라남도,고흥군,0.3333333333333333
10452,전라남도,구례군,0.3333333333333333
10452,전라남도,순천시,0.3333333333333333
10453,전라북도,전주시,1.0
10454,강원도,강릉시,1.0
10455,제주도,조천읍,1.0
10456,전라남도,나주시,0.5
10456,전라남도,담양군,0.5
10458,경상북도,구미시,1.0
10460,강원도,춘천시,1.0
10462,경상남도,진주시,0.5
10462,경상남도,통영시,0.5
10463,경상북도,경주시,1.0
10464,제주도,서귀포시(시내동),0.5
10464,제주도,조천읍,0.5
10465,충청남도,논산시,1.0
10466,강원도,속초시,1.0
10467,전라남도,목포시,0.2
10467,전라남도,신안군,0.2
10467,전라남도,완도군,0.2
10467,전라남도,진도군,0.2
10467,전라남도,해남군,0.2
10468,충청남도,태안군,1.0
10470,강원도,강릉시,1.0
10471,전라남도,여수시,1.0
10472,충청남도,보령시,1.0
10475,강원도,양양군,1.0
10476,전라남도,여수시,1.0
10477,강원도,강릉시,0.25
10477,강원도,고성군,0.25
10477,강원도,속초시,0.25
10477,강원도,양양군,0.25
10478,강원도,강릉시,1.0
10479,강원도,강릉시,1.0
10480,충청남도,공주시,1.0
10481,강원도,강릉시,1.0
10482,제주도,서귀포시(시내동),0.5
10482,제주도,애월읍,0.5
10483,제주도,구좌읍,0.3333333333333333
10483,제주도,성산읍,0.3333333333333333
10483,제주도,조천읍,0.3333333333333333
10484,경상북도,경주시,1.0
10485,강원도,속초시,0.5
10485,강원도,정선군,0.5
10488,경기도,양주시,1.0
10489,경기도,양평군,1.0
10490,전라북도,군산시,1.0
10493,강원도,속초시,0.25
10493,강원도,양양군,0.25
10493,강원도,평창군,0.25
10493,강원도,횡성군,0.25
10494,전라북도,부안군,1.0
10495,전라남도,여수시,1.0
10497,경기도,포천시,1.0
10498,강원도,강릉시,1.0
10499,강원도,양양군,1.0
10500,충청북도,음성군,1.0
10501,강원도,강릉시,1.0
10502,경상북도,울진군,0.5
10502,경상북도,포항시,0.5
10505,강원도,정선군,0.5
10505,강원도,태백시,0.5
10506,경상북도,영덕군,1.0
10508,충청북도,괴산군,1.0
10509,전라남도,고흥군,1.0
10510,강원도,속초시,0.5
10510,강원도,양양군,0.5
10511,제주도,서귀포시(시내동),0.3333333333333333
10511,제주도,애월읍,0.3333333333333333
10511,제주도,제주시(시내동),0.3333333333333333
10512,제주도,남원읍,0.2
10512,제주도,서귀포시(시내동),0.2
10512,제주도,성산읍,0.2
10512,제주도,애월읍,0.2
10512,제주도,제주시(시내동),0.2
10513,전라남도,여수시,1.0
10514,경상북도,경주시,1.0
10515,경상북도,경주시,1.0
10518,강원도,홍천군,1.0
10519,제주도,남원읍,0.3333333333333333
10519,제주도,서귀포시(시내동),0.3333333333333333
10519,제주도,안덕면,0.3333333333333333
10520,충청북도,청주시,1.0
10521,강원도,강릉시,1.0
10522,강원도,홍천군,1.0
10523,강원도,화천군,1.0
10527,충청남도,당진시,1.0
10528,강원도,고성군,0.5
10528,강원도,속초시,0.5
10529,제주도,남원읍,0.25
10529,제주도,성산읍,0.25
10529,제주도,안덕면,0.25
10529,제주도,애월읍,0.25
10530,경상남도,창원시,1.0
10531,전라북도,장수군,1.0
10532,강원도,속초시,0.3333333333333333
10532,강원도,원주시,0.3333333333333333
10532,강원도,철원군,0.3333333333333333
10533,전라남도,여수시,1.0
10534,전라남도,여수시,1.0
10536,경상북도,안동시,0.3333333333333333
10536,경상북도,영주시,0.3333333333333333
10536,경상북도,예천군,0.3333333333333333
10538,강원도,속초시,1.0
10539,충청북도,괴산군,0.5
10539,충청북도,충주시(구 청원군 포함),0.5
10540,전라북도,군산시,1.0
10541,경상북도,안동시,1.0
10542,전라남도,여수시,1.0
10543,전라북도,군산시,0.16666666666666666
10543,전라북도,김제시,0.16666666666666666
10543,전라북도,남원시,0.16666666666666666
10543,전라북도,장수군,0.16666666666666666
10543,전라북도,전주시,0.16666666666666666
10543,전라북도,진안군,0.16666666666666666
10544,전라남도,곡성군,0.5
10544,전라남도,해남군,0.5
10545,제주도,서귀포시(시내동),0.25
10545,제주도,성산읍,0.25
10545,제주도,제주시(시내동),0.25
10545,제주도,표선면,0.25
10546,강원도,강릉시,1.0
10547,경기도,양평군,1.0
10548,강원도,삼척시,0.5
10548,강원도,양구군,0.5
10549,전라남도,고흥군,1.0
10550,전라남도,구례군,0.5
10550,전라남도,목포시,0.5
10551,전라남도,고흥군,1.0
10552,전라남도,장흥군,0.5
10552,전라남도,진도군,0.5
10553,경상북도,안동시,1.0
10554,경상남도,밀양시,1.0
10560,충청남도,태안군,1.0
10562,전라북도,무주군,0.5
10562,전라북도,완주군,0.5
10563,전라북도,익산시,1.0
10564,충청북도,충주시(구 청원군 포함),1.0
10565,경상남도,고성군,1.0
10566,경상북도,안동시,0.5
10566,경상북도,청송군,0.5
10567,강원도,양양군,1.0
10568,강원도,평창군,1.0
10569,충청북도,음성군,0.5
10569,충청북도,제천시,0.5
10570,강원도,강릉시,0.2
10570,강원도,동해시,0.2
10570,강원도,속초시,0.2
10570,강원도,태백시,0.2
10570,강원도,평창군,0.2
10571,강원도,강릉시,1.0
10572,제주도,애월읍,0.2
10572,제주도,제주시(시내동),0.2
10572,제주도,추자면,0.2
10572,제주도,한경면,0.2
10572,제주도,한림읍,0.2
10573,충청남도,서산시,1.0
10575,강원도,동해시,1.0
10576,강원도,강릉시,0.3333333333333333
10576,강원도,고성군,0.3333333333333333
10576,강원도,속초시,0.3333333333333333
10578,전라남도,강진군,0.3333333333333333
10578,전라남도,고흥군,0.3333333333333333
10578,전라남도,목포시,0.3333333333333333
10579,강원도,인제군,0.5
10579,강원도,정선군,0.5
10580,제주도,서귀포시(시내동),1.0
10582,경상북도,청도군,1.0
10583,강원도,속초시,1.0
10584,경기도,수원시,1.0
10586,경상북도,울진군,1.0
10587,경상남도,진주시,1.0
10588,경기도,부천시,1.0
10589,강원도,강릉시,1.0
10590,충청남도,천안시,1.0
10591,경기도,평택시,1.0
10592,전라북도,남원시,1.0
10593,경상남도,거제시,0.5
10593,경상남도,김해시,0.5
10594,경상남도,함양군,1.0
10595,경상북도,경주시,1.0
10597,강원도,강릉시,1.0
10599,경상남도,거창군,0.16666666666666666
10599,경상남도,남해군,0.16666666666666666
10599,경상남도,사천시,0.16666666666666666
10599,경상남도,창녕군,0.16666666666666666
10599,경상남도,함양군,0.16666666666666666
10599,경상남도,합천군,0.16666666666666666
10600,전라북도,전주시,1.0
10602,전라남도,구례군,1.0
10603,제주도,남원읍,0.14285714285714285
10603,제주도,서귀포시(시내동),0.14285714285714285
10603,제주도,성산읍,0.14285714285714285
10603,제주도,안덕면,0.14285714285714285
10603,제주도,애월읍,0.14285714285714285
10603,제주도,우도면,0.14285714285714285
10603,제주도,한림읍,0.14285714285714285
10604,제주도,한림읍,1.0
10606,강원도,원주시,1.0
10608,경상남도,창원시,1.0
10609,강원도,횡성군,1.0
10611,강원도,강릉시,1.0
10612,충청남도,태안군,1.0
10613,제주도,서귀포시(시내동),0.5
10613,제주도,제주시(시내동),0.5
10614,충청북도,충주시(구 청원군 포함),1.0
10615,전라남도,나주시,1.0
10616,전라남도,여수시,1.0
10617,경상남도,통영시,1.0
10618,경기도,고양시,1.0
10619,경기도,성남시,1.0
10620,전라북도,남원시,0.3333333333333333
10620,전라북도,순창군,0.3333333333333333
10620,전라북도,임실군,0.3333333333333333
10622,경상남도,창원시,1.0
10623,경기도,안산시,1.0
10625,강원도,속초시,1.0
10626,경상남도,산청군,1.0
10628,전라남도,완도군,1.0
10629,충청북도,제천시,1.0
10630,전라남도,여수시,1.0
10631,경기도,안성시,0.5
10631,경기도,용인시,0.5
10632,제주도,서귀포시(시내동),1.0
10634,충청남도,홍성군,1.0
10639,경상북도,경주시,1.0
10641,강원도,속초시,1.0
10642,충청남도,보령시,1.0
10643,제주도,구좌읍,0.5
10643,제주도,성산읍,0.5
10644,충청북도,단양군,1.0
10645,경상남도,사천시,1.0
10646,강원도,강릉시,1.0
10647,경기도,화성시,1.0
10650,전라남도,광양시,1.0
10652,경기도,가평군,1.0
10653,충청북도,진천군,0.5
10653,충청북도,충주시(구 청원군 포함),0.5
10654,경기도,부천시,1.0
10655,경기도,가평군,1.0
10656,경상북도,영천시,1.0
10657,경상북도,안동시,1.0
10658,강원도,속초시,0.5
10658,강원도,영월군,0.5
10659,강원도,양양군,0.5
10659,강원도,정선군,0.5
10661,충청북도,단양군,1.0
10663,강원도,동해시,0.5
10663,강원도,속초시,0.5
10665,충청남도,천안시,1.0
10667,강원도,강릉시,1.0
10669,경상북도,영주시,1.0
10670,충청남도,서산시,0.5
10670,충청남도,태안군,0.5
10673,강원도,강릉시,1.0
10674,강원도,영월군,1.0
10676,전라북도,군산시,1.0
10677,강원도,양양군,1.0
10678,경기도,포천시,1.0
10679,충청북도,괴산군,1.0
10681,경상북도,안동시,0.5
10681,경상북도,포항시,0.5
10682,전라남도,순천시,1.0
10683,충청남도,보령시,1.0
10684,강원도,태백시,1.0
10686,충청남도,논산시,0.5
10686,충청남도,예산군,0.5
10687,전라북도,군산시,0.5
10687,전라북도,전주시,0.5
10688,경상북도,영천시,1.0
10689,강원도,고성군,0.5
10689,강원도,양양군,0.5
10690,제주도,제주시(시내동),1.0
10691,전라남도,담양군,0.5
10691,전라남도,목포시,0.5
10692,전라북도,남원시,1.0
10693,충청북도,충주시(구 청원군 포함),1.0
10694,강원도,강릉시,1.0
10695,경기도,동두천시,1.0
10696,강원도,춘천시,1.0
10698,전라북도,정읍시,1.0
10699,강원도,강릉시,1.0
10700,전라남도,해남군,1.0
10703,강원도,원주시,0.5
10703,강원도,횡성군,0.5
10704,강원도,속초시,1.0
10705,전라남도,순천시,1.0
10706,경상북도,울진군,1.0
10707,충청북도,제천시,1.0
10708,전라북도,군산시,1.0
10709,제주도,서귀포시(시내동),0.25
10709,제주도,성산읍,0.25
10709,제주도,애월읍,0.25
10709,제주도,제주시(시내동),0.25
10710,충청남도,당진시,1.0
10711,강원도,강릉시,1.0
10712,경상북도,문경시,1.0
10713,경상남도,거제시,1.0
10715,경상남도,통영시,1.0
10716,전라북도,군산시,1.0
10718,경상북도,안동시,1.0
10719,전라남도,장성군,1.0
10721,경상남도,거창군,0.5
10721,경상남도,합천군,0.5
10722,충청남도,당진시,1.0
10723,경상남도,김해시,1.0
10724,경상북도,포항시,1.0
10725,충청남도,당진시,1.0
10728,경기도,포천시,1.0
10729,제주도,추자면,1.0
10730,경상북도,경주시,0.5
10730,경상북도,문경시,0.5
10731,경기도,화성시,1.0
10732,전라남도,장흥군,1.0
10733,경기도,남양주시,1.0
10735,전라남도,여수시,1.0
10736,전라북도,전주시,1.0
10738,강원도,속초시,0.5
10738,강원도,홍천군,0.5
10739,경상북도,영덕군,1.0
10742,경기도,양평군,1.0
10743,강원도,원주시,1.0
10744,경상북도,의성군,1.0
10745,강원도,고성군,0.3333333333333333
10745,강원도,속초시,0.3333333333333333
10745,강원도,양양군,0.3333333333333333
10746,강원도,속초시,0.5
10746,강원도,양양군,0.5
10748,전라북도,무주군,1.0
10749,충청남도,태안군,1.0
10751,제주도,서귀포시(시내동),1.0
10752,강원도,영월군,0.5
10752,강원도,원주시,0.5
10753,제주도,남원읍,0.5
10753,제주도,표선면,0.5
10754,전라남도,고흥군,0.25
10754,전라남도,광양시,0.25
10754,전라남도,순천시,0.25
10754,전라남도,여수시,0.25
10755,경상남도,양산시,1.0
10757,경상북도,포항시,1.0
10758,경상남도,거제시,1.0
10759,강원도,강릉시,1.0
10760,경기도,양주시,0.5
10760,경기도,포천시,0.5
10761,경상북도,안동시,1.0
10762,경기도,포천시,1.0
10764,충청북도,옥천군,1.0
10766,경상남도,남해군,1.0
10767,제주도,서귀포시(시내동),1.0
10769,강원도,속초시,1.0
10770,충청북도,괴산군,1.0
10771,경상북도,청도군,1.0
10772,경상북도,문경시,1.0
10773,전라남도,진도군,1.0
10774,강원도,속초시,1.0
10775,전라남도,고흥군,1.0
10776,강원도,속초시,1.0
10778,충청북도,괴산군,0.2
10778,충청북도,제천시,0.2
10778,충청북도,증평군,0.2
10778,충청북도,청주시,0.2
10778,충청북도,충주시(구 청원군 포함),0.2
10780,충청북도,제천시,1.0
10781,충청남도,공주시,0.25
10781,충청남도,아산시,0.25
10781,충청남도,예산군,0.25
10781,충청남도,세종특별자치시,0.25
10782,경상남도,거제시,1.0
10783,제주도,서귀포시(시내동),0.25
10783,제주도,안덕면,0.25
10783,제주도,제주시(시내동),0.25
10783,제주도,표선면,0.25
10784,강원도,고성군,1.0
10787,강원도,횡성군,1.0
10788,충청남도,태안군,1.0
10789,강원도,강릉시,0.25
10789,강원도,동해시,0.25
10789,강원도,양양군,0.25
10789,강원도,횡성군,0.25
10791,경기도,수원시,1.0
10792,제주도,서귀포시(시내동),0.16666666666666666
10792,제주도,성산읍,0.16666666666666666
10792,제주도,애월읍,0.16666666666666666
10792,제주도,제주시(시내동),0.16666666666666666
10792,제주도,조천읍,0.16666666666666666
10792,제주도,한림읍,0.16666666666666666
10793,경기도,의왕시,1.0
10794,충청남도,예산군,0.5
10794,충청남도,홍성군,0.5
10796,경기도,포천시,1.0
10797,강원도,고성군,1.0
10798,전라남도,구례군,1.0
10800,강원도,홍천군,1.0
10801,전라남도,구례군,1.0
10802,강원도,철원군,1.0
10803,전라남도,곡성군,1.0
10804,강원도,강릉시,0.16666666666666666
10804,강원도,동해시,0.16666666666666666
10804,강원도,삼척시,0.16666666666666666
10804,강원도,속초시,0.16666666666666666
10804,강원도,평창군,0.16666666666666666
10804,강원도,홍천군,0.16666666666666666
10805,강원도,평창군,1.0
10807,제주도,애월읍,1.0
10809,강원도,평창군,1.0
10810,제주도,남원읍,0.3333333333333333
10810,제주도,대정읍,0.3333333333333333
10810,제주도,서귀포시(시내동),0.3333333333333333
10811,강원도,홍천군,1.0
10814,경기도,광주시,1.0
10815,전라남도,여수시,1.0
10818,제주도,제주시(시내동),1.0
10821,강원도,춘천시,1.0
10822,강원도,춘천시,1.0
10823,충청남도,보령시,1.0
10824,강원도,강릉시,1.0
10825,전라남도,여수시,1.0
10826,강원도,영월군,1.0
10827,경상북도,경주시,1.0
10828,강원도,춘천시,1.0
10829,제주도,남원읍,0.3333333333333333
10829,제주도,서귀포시(시내동),0.3333333333333333
10829,제주도,제주시(시내동),0.3333333333333333
10830,충청남도,당진시,1.0
10831,경기도,수원시,1.0
10832,경상북도,포항시,1.0
10833,충청남도,태안군,1.0
10834,제주도,서귀포시(시내동),1.0
10835,전라북도,장수군,1.0
10836,전라남도,순천시,1.0
10837,강원도,원주시,0.5
10837,강원도,평창군,0.5
10839,강원도,강릉시,1.0
10840,경상북도,의성군,1.0
10841,경상남도,합천군,1.0
10842,충청남도,공주시,1.0
10843,경상북도,김천시,1.0
10844,충청남도,당진시,1.0
10845,경상남도,통영시,1.0
10846,강원도,영월군,0.5
10846,강원도,정선군,0.5
10847,경상북도,경주시,0.5
10847,경상북도,영덕군,0.5
10848,경상북도,봉화군,1.0
10849,강원도,고성군,0.3333333333333333
10849,강원도,양양군,0.3333333333333333
10849,강원도,철원군,0.3333333333333333
10850,강원도,강릉시,1.0
10851,경상남도,거제시,1.0
10852,제주도,서귀포시(시내동),1.0
10853,충청남도,금산군,1.0
10854,제주도,구좌읍,1.0
10855,경상북도,문경시,0.5
10855,경상북도,영덕군,0.5
10856,경기도,광명시,1.0
10857,강원도,양양군,1.0
10858,경상북도,경주시,1.0
10859,제주도,대정읍,0.2
10859,제주도,서귀포시(시내동),0.2
10859,제주도,애월읍,0.2
10859,제주도,조천읍,0.2
10859,제주도,한림읍,0.2
10860,경기도,포천시,1.0
10861,전라남도,담양군,0.5
10861,전라남도,여수시,0.5
10862,강원도,태백시,1.0
10863,경상남도,창원시,0.5
10863,경상남도,통영시,0.5
10864,경상북도,봉화군,0.14285714285714285
10864,경상북도,영덕군,0.14285714285714285
10864,경상북도,예천군,0.14285714285714285
10864,경상북도,울진군,0.14285714285714285
10864,경상북도,청도군,0.14285714285714285
10864,경상북도,칠곡군,0.14285714285714285
10864,경상북도,포항시,0.14285714285714285
10868,전라남도,목포시,1.0
10869,충청북도,단양군,1.0
10872,경기도,성남시,0.5
10872,경기도,수원시,0.5
10874,강원도,강릉시,0.5
10874,강원도,삼척시,0.5
10875,전라북도,군산시,1.0
10876,충청북도,영동군,1.0
10877,충청북도,괴산군,1.0
10878,강원도,강릉시,0.125
10878,강원도,고성군,0.125
10878,강원도,삼척시,0.125
10878,강원도,양양군,0.125
10878,강원도,철원군,0.125
10878,강원도,태백시,0.125
10878,강원도,홍천군,0.125
10878,강원도,화천군,0.125
10879,제주도,우도면,1.0
10880,강원도,강릉시,1.0
10882,충청북도,청주시,1.0
10885,전라북도,부안군,1.0
10889,경기도,양평군,1.0
10890,강원도,태백시,1.0
10891,강원도,강릉시,0.3333333333333333
10891,강원도,속초시,0.3333333333333333
10891,강원도,평창군,0.3333333333333333
10892,충청남도,공주시,1.0
10894,강원도,원주시,1.0
10895,강원도,속초시,1.0
10896,강원도,강릉시,1.0
10898,경상북도,경주시,0.3333333333333333
10898,경상북도,울진군,0.3333333333333333
10898,경상북도,포항시,0.3333333333333333
10899,충청남도,아산시,1.0
10901,강원도,속초시,1.0
10902,강원도,양양군,1.0
10903,강원도,춘천시,1.0
10904,전라북도,완주군,0.5
10904,전라북도,전주시,0.5
10906,전라남도,여수시,1.0
10907,경상북도,봉화군,1.0
10909,강원도,강릉시,0.5
10909,강원도,속초시,0.5
10910,강원도,원주시,0.5
10910,강원도,정선군,0.5
10913,강원도,고성군,0.3333333333333333
10913,강원도,속초시,0.3333333333333333
10913,강원도,양양군,0.3333333333333333
10914,강원도,속초시,1.0
10915,전라남도,구례군,1.0
10916,경상북도,경주시,1.0
10917,전라북도,전주시,1.0
10918,전라남도,여수시,1.0
10921,강원도,속초시,1.0
10922,강원도,정선군,1.0
10924,경상남도,고성군,1.0
10926,경기도,안성시,1.0
10927,강원도,강릉시,1.0
10928,강원도,고성군,1.0
10929,전라남도,화순군,1.0
10930,경상북도,영천시,1.0
10931,경상북도,청송군,1.0
10933,강원도,홍천군,1.0
10934,강원도,삼척시,1.0
10935,충청북도,충주시(구 청원군 포함),1.0
10936,경상북도,포항시,1.0
10938,전라남도,여수시,1.0
10939,강원도,강릉시,1.0
10940,경기도,포천시,1.0
10941,강원도,속초시,1.0
10942,제주도,구좌읍,0.25
10942,제주도,성산읍,0.25
10942,제주도,제주시(시내동),0.25
10942,제주도,조천읍,0.25
10943,강원도,속초시,1.0
10945,경상북도,김천시,1.0
10946,강원도,속초시,1.0
10947,경상북도,경주시,1.0
10948,강원도,고성군,0.5
10948,강원도,양양군,0.5
10950,전라남도,목포시,1.0
10951,충청남도,서산시,1.0
10954,강원도,동해시,1.0
10955,강원도,속초시,1.0
10956,제주도,한림읍,1.0
10957,경상남도,창원시,1.0
10958,전라남도,무안군,1.0
10961,경기도,가평군,1.0
10962,제주도,서귀포시(시내동),0.3333333333333333
10962,제주도,우도면,0.3333333333333333
10962,제주도,제주시(시내동),0.3333333333333333
10964,제주도,서귀포시(시내동),1.0
10965,경상남도,거제시,0.5
10965,경상남도,창원시,0.5
10966,강원도,속초시,1.0
10967,강원도,정선군,1.0
10968,경상북도,울릉군,1.0
10970,경상북도,칠곡군,1.0
10971,경기도,여주시,1.0
10972,강원도,횡성군,1.0
10973,충청남도,예산군,1.0
10974,제주도,한경면,1.0
10975,강원도,원주시,1.0
10977,강원도,춘천시,1.0
10978,강원도,속초시,1.0
10979,강원도,속초시,1.0
10980,경상남도,통영시,1.0
10981,제주도,대정읍,0.3333333333333333
10981,제주도,서귀포시(시내동),0.3333333333333333
10981,제주도,표선면,0.3333333333333333
10983,충청남도,공주시,1.0
10985,전라북도,임실군,1.0
10986,충청남도,보령시,1.0
10987,강원도,강릉시,0.3333333333333333
10987,강원도,동해시,0.3333333333333333
10987,강원도,삼척시,0.3333333333333333
10988,강원도,홍천군,1.0
10990,경상북도,울진군,1.0
10991,강원도,속초시,0.5
10991,강원도,양양군,0.5
10993,전라남도,구례군,0.5
10993,전라남도,여수시,0.5
10994,강원도,인제군,1.0
10995,충청북도,충주시(구 청원군 포함),1.0
10996,전라남도,화순군,1.0
10998,전라북도,남원시,1.0
10999,경기도,연천군,1.0
11000,제주도,구좌읍,0.16666666666666666
11000,제주도,남원읍,0.16666666666666666
11000,제주도,서귀포시(시내동),0.16666666666666666
11000,제주도,성산읍,0.16666666666666666
11000,제주도,제주시(시내동),0.16666666666666666
11000,제주도,한림읍,0.16666666666666666
11002,전라남도,구례군,1.0
11003,경상북도,경주시,1.0
11004,전라북도,전주시,1.0
11005,경상남도,거제시,1.0
11006,경상북도,상주시,1.0
11007,강원도,고성군,1.0
11008,전라남도,함평군,1.0
11009,강원도,강릉시,1.0
11012,충청남도,서천군,1.0
11013,경기도,화성시,1.0
11015,전라북도,익산시,1.0
11016,전라북도,군산시,1.0
11017,전라북도,임실군,1.0
11018,경기도,가평군,1.0
11019,제주도,구좌읍,0.125
11019,제주도,서귀포시(시내동),0.125
11019,제주도,안덕면,0.125
11019,제주도,애월읍,0.125
11019,제주도,제주시(시내동),0.125
11019,제주도,조천읍,0.125
11019,제주도,표선면,0.125
11019,제주도,한림읍,0.125
11020,충청남도,태안군,1.0
11021,제주도,표선면,1.0
11022,경기도,용인시,1.0
11025,강원도,양양군,1.0
11026,경상남도,창원시,1.0
11028,경상북도,포항시,1.0
11030,경기도,가평군,1.0
11031,경상남도,거제시,1.0
11032,강원도,고성군,1.0
11033,강원도,평창군,1.0
11034,경상북도,경주시,1.0
11035,경기도,고양시,1.0
11036,제주도,성산읍,0.2
11036,제주도,애월읍,0.2
11036,제주도,우도면,0.2
11036,제주도,제주시(시내동),0.2
11036,제주도,한림읍,0.2
11037,충청북도,제천시,1.0
11038,경상남도,남해군,1.0
11039,충청남도,태안군,1.0
11040,경상남도,남해군,1.0
11041,강원도,태백시,1.0
11042,경상남도,사천시,1.0
11044,충청남도,서천군,1.0
11045,충청남도,당진시,0.2
11045,충청남도,보령시,0.2
11045,충청남도,아산시,0.2
11045,충청남도,청양군,0.2
11045,충청남도,태안군,0.2
11047,전라남도,광양시,1.0
11048,강원도,속초시,1.0
11049,강원도,철원군,1.0
11051,경기도,양평군,1.0
11052,전라북도,완주군,1.0
11053,전라남도,장흥군,1.0
11054,강원도,강릉시,0.3333333333333333
11054,강원도,동해시,0.3333333333333333
11054,강원도,삼척시,0.3333333333333333
11055,제주도,대정읍,1.0
11056,경상북도,김천시,1.0
11057,강원도,강릉시,1.0
11058,강원도,고성군,1.0
11059,전라남도,보성군,0.3333333333333333
11059,전라남도,영광군,0.3333333333333333
11059,전라남도,영암군,0.3333333333333333
11060,전라북도,임실군,1.0
11061,충청남도,세종특별자치시,1.0
11064,제주도,서귀포시(시내동),0.5
11064,제주도,제주시(시내동),0.5
11065,전라남도,광양시,0.3333333333333333
11065,전라남도,나주시,0.3333333333333333
11065,전라남도,순천시,0.3333333333333333
11066,전라남도,여수시,1.0
11067,전라북도,군산시,1.0
11068,전라남도,나주시,1.0
11069,경상남도,거제시,1.0
11070,전라남도,강진군,1.0
11072,충청남도,태안군,1.0
11073,경상북도,영덕군,1.0
11074,전라북도,전주시,1.0
11077,강원도,홍천군,1.0
11078,경기도,용인시,1.0
11080,강원도,고성군,1.0
11081,경상남도,통영시,1.0
11082,경기도,김포시,1.0
11083,제주도,제주시(시내동),1.0
11086,경상남도,산청군,1.0
11087,경기도,용인시,1.0
11091,전라남도,여수시,1.0
11093,충청남도,태안군,1.0
11094,경기도,시흥시,1.0
11095,제주도,애월읍,1.0
11096,충청남도,보령시,1.0
11097,경상남도,거제시,0.5
11097,경상남도,밀양시,0.5
11098,충청남도,태안군,1.0
11100,충청북도,단양군,1.0
11101,강원도,강릉시,1.0
11102,경기도,안산시,1.0
11103,강원도,정선군,1.0
11104,충청북도,단양군,1.0
11105,전라남도,목포시,0.2
11105,전라남도,신안군,0.2
11105,전라남도,여수시,0.2
11105,전라남도,완도군,0.2
11105,전라남도,해남군,0.2
11107,경기도,가평군,1.0
11108,전라북도,전주시,1.0
11109,강원도,강릉시,0.5
11109,강원도,속초시,0.5
11110,충청남도,보령시,1.0
11111,경기도,수원시,1.0
11112,전라남도,고흥군,0.5
11112,전라남도,여수시,0.5
11114,전라남도,여수시,1.0
11115,강원도,홍천군,1.0
11116,전라남도,광양시,0.3333333333333333
11116,전라남도,담양군,0.3333333333333333
11116,전라남도,목포시,0.3333333333333333
11118,강원도,속초시,1.0
11119,강원도,강릉시,1.0
11120,경상남도,거제시,1.0
11122,경상남도,거제시,1.0
11123,강원도,속초시,1.0
11124,강원도,고성군,0.5
11124,강원도,속초시,0.5
11125,충청남도,공주시,1.0
11126,경상북도,성주군,1.0
11127,경상북도,울진군,1.0
11129,경기도,가평군,1.0
11130,강원도,춘천시,1.0
11131,전라북도,무주군,1.0
11132,강원도,홍천군,1.0
11134,전라북도,완주군,0.5
11134,전라북도,전주시,0.5
11135,경기도,화성시,1.0
11136,강원도,강릉시,1.0
11137,강원도,강릉시,0.3333333333333333
11137,강원도,고성군,0.3333333333333333
11137,강원도,속초시,0.3333333333333333
11138,경기도,시흥시,1.0
11139,전라남도,담양군,1.0
11141,경상남도,합천군,1.0
11142,충청북도,괴산군,1.0
11143,강원도,삼척시,1.0
11146,강원도,양양군,1.0
11147,전라북도,전주시,0.5
11147,전라북도,정읍시,0.5
11148,충청북도,청주시,1.0
11150,제주도,서귀포시(시내동),1.0
11151,경상남도,의령군,1.0
11153,충청남도,계룡시,0.5
11153,충청남도,공주시,0.5
11154,강원도,삼척시,1.0
11155,경상북도,영덕군,1.0
11156,충청북도,단양군,1.0
11157,전라남도,여수시,1.0
11160,강원도,속초시,1.0
11162,경기도,여주시,1.0
11163,전라남도,고흥군,0.5
11163,전라남도,여수시,0.5
11164,전라북도,부안군,1.0
11165,경상남도,통영시,1.0
11166,충청북도,청주시,1.0
11167,전라북도,고창군,1.0
11169,경기도,포천시,1.0
11170,강원도,강릉시,0.2
11170,강원도,고성군,0.2
11170,강원도,속초시,0.2
11170,강원도,양양군,0.2
11170,강원도,평창군,0.2
11173,전라북도,완주군,1.0
11174,경상북도,경주시,1.0
11175,강원도,속초시,1.0
11176,경기도,고양시,1.0
11178,강원도,영월군,1.0
11179,충청남도,당진시,1.0
11180,충청남도,보령시,1.0
11182,경상북도,경주시,1.0
11184,전라북도,부안군,1.0
11186,경상북도,김천시,1.0
11187,경기도,파주시,1.0
11188,제주도,애월읍,1.0
11189,경기도,고양시,1.0
11191,강원도,강릉시,1.0
11192,경기도,안성시,1.0
11201,강원도,강릉시,1.0
11205,강원도,삼척시,1.0
11206,강원도,춘천시,1.0
11207,경기도,파주시,1.0
11208,강원도,양양군,1.0
11210,경상북도,포항시,1.0
11211,강원도,속초시,1.0
11213,전라남도,여수시,1.0
11214,전라북도,군산시,0.5
11214,전라북도,부안군,0.5
11215,충청북도,괴산군,1.0
11217,경상북도,포항시,1.0
11218,강원도,춘천시,1.0
11220,제주도,제주시(시내동),1.0
11221,강원도,강릉시,1.0
11222,충청북도,단양군,1.0
11223,전라북도,군산시,0.5
11223,전라북도,완주군,0.5
11225,충청남도,공주시,1.0
11226,제주도,성산읍,1.0
11228,제주도,서귀포시(시내동),0.3333333333333333
11228,제주도,성산읍,0.3333333333333333
11228,제주도,애월읍,0.3333333333333333
11230,강원도,강릉시,0.5
11230,강원도,속초시,0.5
11231,경상북도,경주시,1.0
11232,제주도,제주시(시내동),1.0
11234,충청남도,예산군,1.0
11237,전라남도,여수시,1.0
11238,전라남도,목포시,1.0
11239,전라북도,익산시,0.5
11239,전라북도,진안군,0.5
11240,제주도,서귀포시(시내동),0.5
11240,제주도,제주시(시내동),0.5
11241,강원도,고성군,1.0
11242,전라남도,곡성군,1.0
11244,경상북도,경주시,0.5
11244,경상북도,포항시,0.5
11245,강원도,속초시,1.0
11246,충청남도,태안군,1.0
11247,경기도,가평군,1.0
11250,강원도,양양군,1.0
11251,강원도,양양군,1.0
11252,제주도,구좌읍,0.16666666666666666
11252,제주도,대정읍,0.16666666666666666
11252,제주도,서귀포시(시내동),0.16666666666666666
11252,제주도,성산읍,0.16666666666666666
11252,제주도,애월읍,0.16666666666666666
11252,제주도,제주시(시내동),0.16666666666666666
11253,강원도,강릉시,1.0
11255,경기도,가평군,0.5
11255,경기도,양주시,0.5
11256,강원도,속초시,0.5
11256,강원도,양양군,0.5
11257,경기도,여주시,1.0
11258,강원도,강릉시,1.0
11260,강원도,강릉시,1.0
11262,경상북도,봉화군,1.0
11264,경상남도,창녕군,1.0
11266,강원도,강릉시,1.0
11267,충청남도,공주시,1.0
11268,경기도,안성시,1.0
11269,경상남도,거제시,1.0
11270,경기도,고양시,1.0
11272,강원도,평창군,1.0
11273,전라남도,여수시,1.0
11274,강원도,강릉시,0.5
11274,강원도,양양군,0.5
11275,경기도,수원시,1.0
11276,경상북도,포항시,1.0
11277,강원도,강릉시,1.0
11278,충청남도,천안시,1.0
11280,제주도,구좌읍,0.125
11280,제주도,서귀포시(시내동),0.125
11280,제주도,성산읍,0.125
11280,제주도,애월읍,0.125
11280,제주도,우도면,0.125
11280,제주도,제주시(시내동),0.125
11280,제주도,조천읍,0.125
11280,제주도,한림읍,0.125
11281,제주도,우도면,1.0
11283,경상북도,경주시,1.0
11284,강원도,강릉시,1.0
11285,경상북도,포항시,1.0
11287,전라남도,진도군,1.0
11288,강원도,홍천군,1.0
11290,경기도,양주시,1.0
11291,경상남도,양산시,1.0
11292,경상남도,함양군,1.0
11293,전라북도,남원시,1.0
11294,경기도,파주시,1.0
11295,경기도,안산시,1.0
11297,전라남도,고흥군,1.0
11298,강원도,원주시,1.0
11299,전라남도,장성군,1.0
11300,전라남도,진도군,1.0
11301,충청남도,아산시,1.0
11303,제주도,서귀포시(시내동),1.0
11304,경상북도,청송군,1.0
11305,전라남도,순천시,1.0
11306,제주도,서귀포시(시내동),1.0
11307,경상북도,영천시,1.0
11308,강원도,속초시,1.0
11309,경기도,양주시,1.0
11310,경상북도,청송군,1.0
11311,충청남도,부여군,1.0
11312,강원도,강릉시,1.0
11313,강원도,고성군,0.5
11313,강원도,속초시,0.5
11317,경기도,구리시,1.0
11318,강원도,춘천시,1.0
11319,강원도,강릉시,1.0
11323,강원도,고성군,0.5
11323,강원도,속초시,0.5
11325,경기도,시흥시,1.0
11326,전라남도,강진군,0.25
11326,전라남도,담양군,0.25
11326,전라남도,장흥군,0.25
11326,전라남도,화순군,0.25
11327,강원도,강릉시,0.5
11327,강원도,동해시,0.5
11328,전라남도,여수시,1.0
11329,강원도,정선군,1.0
11331,경기도,화성시,1.0
11333,충청남도,태안군,1.0
11335,충청남도,보령시,1.0
11336,경기도,부천시,1.0
11338,전라남도,고흥군,1.0
11339,전라북도,군산시,1.0
11340,강원도,홍천군,1.0
11341,강원도,강릉시,1.0
11342,경상남도,남해군,0.3333333333333333
11342,경상남도,진주시,0.3333333333333333
11342,경상남도,창원시,0.3333333333333333
11343,경상북도,영천시,1.0
11344,강원도,고성군,1.0
11345,전라북도,익산시,1.0
11347,경기도,성남시,1.0
11349,제주도,애월읍,0.3333333333333333
11349,제주도,우도면,0.3333333333333333
11349,제주도,제주시(시내동),0.3333333333333333
11350,전라북도,전주시,1.0
11353,강원도,속초시,1.0
11356,제주도,서귀포시(시내동),0.5
11356,제주도,성산읍,0.5
11357,경기도,고양시,1.0
11358,경기도,화성시,1.0
11359,경기도,화성시,1.0
11360,경기도,고양시,0.5
11360,경기도,용인시,0.5
11361,경상북도,김천시,1.0
11362,충청남도,천안시,1.0
11363,경기도,양평군,1.0
11365,경상남도,진주시,1.0
11366,경상북도,청도군,1.0
11367,전라북도,군산시,0.5
11367,전라북도,김제시,0.5
11368,제주도,서귀포시(시내동),0.3333333333333333
11368,제주도,애월읍,0.3333333333333333
11368,제주도,제주시(시내동),0.3333333333333333
11369,제주도,서귀포시(시내동),0.2
11369,제주도,성산읍,0.2
11369,제주도,애월읍,0.2
11369,제주도,제주시(시내동),0.2
11369,제주도,한경면,0.2
11370,경기도,가평군,1.0
11372,전라북도,부안군,1.0
11373,강원도,양양군,1.0
11374,충청북도,제천시,1.0
11376,경상남도,남해군,1.0
11378,경상북도,포항시,1.0
11380,경상북도,안동시,1.0
11381,경상북도,영덕군,1.0
11382,전라북도,익산시,1.0
11384,제주도,애월읍,1.0
11385,경상북도,청도군,1.0
11386,강원도,속초시,1.0
11387,강원도,춘천시,1.0
11388,전라북도,부안군,1.0
11391,강원도,속초시,1.0
11392,제주도,우도면,1.0
11393,전라남도,담양군,0.3333333333333333
11393,전라남도,목포시,0.3333333333333333
11393,전라남도,해남군,0.3333333333333333
11394,강원도,양양군,1.0
11398,경상남도,진주시,1.0
11399,전라남도,목포시,1.0
11400,경상북도,울진군,1.0
11401,강원도,속초시,1.0
11402,강원도,정선군,1.0
11403,경기도,가평군,1.0
11404,강원도,영월군,1.0
11405,충청남도,보령시,1.0
11406,경상남도,남해군,1.0
11408,강원도,강릉시,0.5
11408,강원도,평창군,0.5
11410,제주도,애월읍,1.0
11411,충청남도,아산시,1.0
11412,경상남도,거제시,1.0
11413,전라남도,여수시,1.0
11414,경기도,평택시,1.0
11417,경상북도,영덕군,1.0
11419,경기도,의왕시,1.0
11420,전라북도,군산시,0.5
11420,전라북도,전주시,0.5
11421,전라북도,임실군,1.0
11422,경기도,고양시,0.25
11422,경기도,구리시,0.25
11422,경기도,성남시,0.25
11422,경기도,하남시,0.25
11423,강원도,강릉시,1.0
11424,강원도,속초시,1.0
11425,강원도,강릉시,1.0
11428,강원도,양양군,1.0
11429,경기도,양평군,1.0
11430,전라북도,전주시,1.0
11431,전라남도,여수시,1.0
11432,강원도,속초시,1.0
11433,강원도,양양군,1.0
11435,강원도,강릉시,0.25
11435,강원도,동해시,0.25
11435,강원도,속초시,0.25
11435,강원도,영월군,0.25
11436,강원도,속초시,1.0
11437,강원도,강릉시,1.0
11439,전라남도,여수시,1.0
11441,전라남도,목포시,0.5
11441,전라남도,진도군,0.5
11442,전라남도,신안군,1.0
11443,강원도,양양군,1.0
11444,충청남도,보령시,1.0
11445,제주도,대정읍,0.3333333333333333
11445,제주도,서귀포시(시내동),0.3333333333333333
11445,제주도,제주시(시내동),0.3333333333333333
11447,경상남도,창원시,1.0
11448,강원도,강릉시,0.5
11448,강원도,속초시,0.5
11449,강원도,강릉시,1.0
11451,제주도,남원읍,0.25
11451,제주도,대정읍,0.25
11451,제주도,서귀포시(시내동),0.25
11451,제주도,표선면,0.25
11452,전라북도,진안군,1.0
11453,충청남도,천안시,1.0
11455,충청남도,천안시,1.0
11457,충청북도,괴산군,1.0
11458,강원도,양구군,1.0
11459,강원도,속초시,1.0
11460,경기도,용인시,1.0
11462,전라북도,전주시,1.0
11464,강원도,동해시,0.5
11464,강원도,영월군,0.5
11465,전라북도,부안군,1.0
11466,경기도,광명시,0.5
11466,경기도,군포시,0.5
11469,전라북도,김제시,0.5
11469,전라북도,전주시,0.5
11470,전라북도,전주시,1.0
11474,충청남도,당진시,1.0
11476,전라남도,진도군,1.0
11477,전라북도,군산시,1.0
11479,전라북도,고창군,1.0
11480,충청북도,제천시,1.0
11481,강원도,양양군,1.0
11482,제주도,애월읍,1.0
11483,충청남도,당진시,0.3333333333333333
11483,충청남도,서산시,0.3333333333333333
11483,충청남도,태안군,0.3333333333333333
11484,전라남도,여수시,1.0
11485,경상남도,남해군,1.0
11486,강원도,양양군,1.0
11487,전라남도,영광군,1.0
11488,제주도,서귀포시(시내동),1.0
11490,경기도,광명시,1.0
11491,전라북도,전주시,1.0
11495,제주도,서귀포시(시내동),0.2
11495,제주도,성산읍,0.2
11495,제주도,안덕면,0.2
11495,제주도,애월읍,0.2
11495,제주도,제주시(시내동),0.2
11496,강원도,강릉시,1.0
11498,전라남도,여수시,1.0
11499,전라남도,여수시,1.0
11500,강원도,평창군,1.0
11501,경기도,광명시,1.0
11502,전라북도,무주군,0.3333333333333333
11502,전라북도,완주군,0.3333333333333333
11502,전라북도,진안군,0.3333333333333333
11503,경상북도,포항시,1.0
11504,강원도,속초시,1.0
11505,경기도,여주시,1.0
11507,강원도,평창군,1.0
11508,충청북도,단양군,0.25
11508,충청북도,영동군,0.25
11508,충청북도,청주시,0.25
11508,충청북도,충주시(구 청원군 포함),0.25
11511,경기도,연천군,1.0
11513,경상남도,함양군,1.0
11514,제주도,서귀포시(시내동),0.3333333333333333
11514,제주도,애월읍,0.3333333333333333
11514,제주도,조천읍,0.3333333333333333
11515,강원도,강릉시,1.0
11516,충청남도,천안시,1.0
11517,경상남도,사천시,1.0
11518,전라남도,담양군,0.5
11518,전라남도,목포시,0.5
11520,강원도,춘천시,1.0
11523,경상북도,경주시,1.0
11524,전라북도,부안군,1.0
11525,전라북도,부안군,1.0
11526,경상북도,김천시,0.5
11526,경상북도,포항시,0.5
11528,강원도,속초시,1.0
11529,경기도,파주시,1.0
11530,전라남도,광양시,1.0
11531,제주도,서귀포시(시내동),0.5
11531,제주도,제주시(시내동),0.5
11532,전라남도,고흥군,1.0
11533,전라남도,진도군,1.0
11534,강원도,강릉시,1.0
11536,전라북도,임실군,1.0
11537,전라남도,여수시,1.0
11538,제주도,애월읍,1.0
11539,강원도,강릉시,0.5
11539,강원도,속초시,0.5
11543,제주도,서귀포시(시내동),0.3333333333333333
11543,제주도,성산읍,0.3333333333333333
11543,제주도,우도면,0.3333333333333333
11544,전라남도,순천시,1.0
11545,충청남도,천안시,1.0
11547,강원도,횡성군,1.0
11548,경상남도,거제시,0.5
11548,경상남도,창원시,0.5
11549,경기도,연천군,1.0
11550,강원도,강릉시,1.0
11551,전라북도,정읍시,1.0
11552,충청남도,당진시,1.0
11553,전라북도,군산시,1.0
11555,충청남도,태안군,1.0
11556,경상남도,창원시,1.0
11557,경기도,파주시,1.0
11559,전라남도,여수시,1.0
11560,경상북도,포항시,1.0
11562,강원도,강릉시,1.0
11563,강원도,속초시,1.0
11564,전라남도,광양시,1.0
11566,제주도,구좌읍,0.25
11566,제주도,성산읍,0.25
11566,제주도,제주시(시내동),0.25
11566,제주도,조천읍,0.25
11567,충청북도,제천시,1.0
11568,경상남도,거제시,1.0
11569,강원도,강릉시,1.0
11570,경상남도,밀양시,1.0
11571,경상북도,경주시,1.0
11572,강원도,춘천시,1.0
11573,강원도,속초시,1.0
11574,경상남도,거제시,1.0
11575,강원도,양양군,1.0
11576,충청남도,당진시,1.0
11577,강원도,인제군,0.5
11577,강원도,횡성군,0.5
11578,경기도,가평군,1.0
11579,전라남도,구례군,1.0
11580,강원도,양양군,1.0
11581,경상남도,통영시,1.0
11582,제주도,서귀포시(시내동),0.2
11582,제주도,성산읍,0.2
11582,제주도,제주시(시내동),0.2
11582,제주도,조천읍,0.2
11582,제주도,한림읍,0.2
11583,경상남도,남해군,0.5
11583,경상남도,통영시,0.5
11585,경상북도,경주시,1.0
11586,경상남도,창원시,1.0
11590,경상남도,남해군,1.0
11591,경기도,가평군,1.0
11592,경상북도,안동시,0.5
11592,경상북도,예천군,0.5
11595,경상남도,거제시,1.0
11596,경상남도,남해군,1.0
11598,전라북도,임실군,1.0
11600,전라남도,여수시,1.0
11601,강원도,양양군,1.0
11602,경상북도,문경시,1.0
11603,제주도,서귀포시(시내동),1.0
11604,경상남도,거제시,0.5
11604,경상남도,통영시,0.5
11606,전라남도,목포시,1.0
11608,전라북도,고창군,0.3333333333333333
11608,전라북도,김제시,0.3333333333333333
11608,전라북도,전주시,0.3333333333333333
11610,강원도,고성군,0.3333333333333333
11610,강원도,속초시,0.3333333333333333
11610,강원도,인제군,0.3333333333333333
11611,경기도,안양시,1.0
11612,강원도,고성군,1.0
11614,경상북도,경주시,1.0
11616,경상남도,사천시,1.0
11617,강원도,홍천군,1.0
11618,경기도,가평군,1.0
11619,충청남도,당진시,1.0
11620,경상남도,거제시,0.5
11620,경상남도,밀양시,0.5
11622,경상북도,포항시,1.0
11623,경기도,양평군,1.0
11626,강원도,강릉시,1.0
11627,충청남도,보령시,1.0
11629,충청남도,태안군,1.0
11631,경상북도,영주시,1.0
11632,제주도,남원읍,0.16666666666666666
11632,제주도,서귀포시(시내동),0.16666666666666666
11632,제주도,성산읍,0.16666666666666666
11632,제주도,우도면,0.16666666666666666
11632,제주도,조천읍,0.16666666666666666
11632,제주도,표선면,0.16666666666666666
11633,경상남도,김해시,1.0
11634,경상북도,영주시,1.0
11635,강원도,고성군,1.0
11638,강원도,동해시,0.5
11638,강원도,양구군,0.5
11639,제주도,서귀포시(시내동),0.5
11639,제주도,제주시(시내동),0.5
11640,강원도,강릉시,0.5
11640,강원도,속초시,0.5
11641,경기도,시흥시,1.0
11643,강원도,속초시,0.5
11643,강원도,홍천군,0.5
11644,경상남도,산청군,1.0
11645,강원도,속초시,1.0
11647,제주도,애월읍,1.0
11648,경상북도,포항시,1.0
11649,강원도,속초시,1.0
11653,경상남도,거제시,1.0
11654,전라남도,여수시,1.0
11655,강원도,고성군,1.0
11657,경상북도,경주시,1.0
11658,경기도,파주시,1.0
11659,강원도,정선군,1.0
11660,경상남도,남해군,1.0
11661,강원도,속초시,1.0
11662,제주도,서귀포시(시내동),1.0
11663,경상북도,경주시,1.0
11664,경상북도,청도군,1.0
11666,강원도,고성군,0.25
11666,강원도,속초시,0.25
11666,강원도,인제군,0.25
11666,강원도,춘천시,0.25
11667,경상남도,사천시,1.0
11668,경상북도,청송군,1.0
11669,전라남도,목포시,1.0
11672,강원도,속초시,1.0
11674,강원도,원주시,1.0
11675,강원도,속초시,0.3333333333333333
11675,강원도,인제군,0.3333333333333333
11675,강원도,춘천시,0.3333333333333333
11676,강원도,평창군,1.0
11677,강원도,홍천군,1.0
11679,제주도,구좌읍,0.5
11679,제주도,성산읍,0.5
11680,제주도,서귀포시(시내동),0.3333333333333333
11680,제주도,성산읍,0.3333333333333333
11680,제주도,애월읍,0.3333333333333333
11681,경기도,의정부시,1.0
11682,경상남도,거제시,1.0
11683,강원도,홍천군,1.0
11684,강원도,강릉시,0.5
11684,강원도,평창군,0.5
11685,전라남도,구례군,1.0
11686,경상남도,합천군,1.0
11689,충청북도,충주시(구 청원군 포함),1.0
11690,충청남도,부여군,1.0
11691,충청북도,단양군,1.0
11692,전라북도,익산시,1.0
11693,충청북도,청주시,1.0
11696,경상남도,거제시,1.0
11697,강원도,강릉시,0.5
11697,강원도,홍천군,0.5
11700,전라북도,군산시,0.5
11700,전라북도,김제시,0.5
11701,경상남도,창녕군,0.3333333333333333
11701,경상남도,창원시,0.3333333333333333
11701,경상남도,함양군,0.3333333333333333
11702,제주도,구좌읍,0.2
11702,제주도,성산읍,0.2
11702,제주도,제주시(시내동),0.2
11702,제주도,조천읍,0.2
11702,제주도,표선면,0.2
11703,전라남도,목포시,0.25
11703,전라남도,여수시,0.25
11703,전라남도,진도군,0.25
11703,전라남도,해남군,0.25
11704,경상남도,통영시,1.0
11705,전라남도,목포시,1.0
11709,경상북도,경주시,1.0
11710,전라남도,여수시,1.0
11711,경상남도,거제시,1.0
11712,전라남도,여수시,1.0
11713,경상북도,문경시,1.0
11714,강원도,양양군,1.0
11716,제주도,성산읍,0.5
11716,제주도,애월읍,0.5
11717,경상남도,거제시,0.5
11717,경상남도,통영시,0.5
11719,경상남도,함안군,1.0
11721,충청북도,제천시,1.0
11722,전라북도,전주시,1.0
11723,충청남도,천안시,1.0
11724,강원도,강릉시,0.5
11724,강원도,속초시,0.5
11726,강원도,속초시,1.0
11727,제주도,서귀포시(시내동),1.0
11728,경상남도,거제시,1.0
11729,강원도,고성군,1.0
11730,강원도,속초시,1.0
11731,제주도,서귀포시(시내동),0.5
11731,제주도,안덕면,0.5
11734,강원도,고성군,1.0
11736,강원도,강릉시,0.25
11736,강원도,동해시,0.25
11736,강원도,삼척시,0.25
11736,강원도,속초시,0.25
11737,강원도,원주시,1.0
11738,경상남도,창원시,1.0
11739,전라북도,전주시,1.0
11740,강원도,화천군,1.0
11741,제주도,구좌읍,0.3333333333333333
11741,제주도,서귀포시(시내동),0.3333333333333333
11741,제주도,애월읍,0.3333333333333333
11742,충청북도,제천시,1.0
11743,경상남도,산청군,1.0
11744,충청남도,천안시,1.0
11746,전라남도,광양시,0.5
11746,전라남도,여수시,0.5
11749,충청남도,공주시,0.5
11749,충청남도,서천군,0.5
11750,경기도,양평군,1.0
11751,전라북도,군산시,1.0
11754,제주도,서귀포시(시내동),0.25
11754,제주도,성산읍,0.25
11754,제주도,애월읍,0.25
11754,제주도,제주시(시내동),0.25
11756,제주도,서귀포시(시내동),1.0
11757,전라남도,진도군,1.0
11758,강원도,철원군,1.0
11760,강원도,강릉시,1.0
11763,제주도,제주시(시내동),1.0
11765,경상북도,경주시,0.3333333333333333
11765,경상북도,울진군,0.3333333333333333
11765,경상북도,포항시,0.3333333333333333
11766,강원도,강릉시,1.0
11768,경기도,양평군,1.0
11769,제주도,남원읍,0.3333333333333333
11769,제주도,서귀포시(시내동),0.3333333333333333
11769,제주도,조천읍,0.3333333333333333
11770,전라북도,군산시,1.0
11771,경기도,수원시,1.0
11773,강원도,춘천시,1.0
11774,충청북도,충주시(구 청원군 포함),1.0
11775,경상남도,산청군,0.5
11775,경상남도,진주시,0.5
11776,전라남도,순천시,1.0
11779,강원도,강릉시,1.0
11780,강원도,강릉시,1.0
11781,전라남도,담양군,1.0
11783,충청남도,서천군,1.0
11784,강원도,속초시,1.0
11785,강원도,춘천시,1.0
11786,제주도,성산읍,0.25
11786,제주도,애월읍,0.25
11786,제주도,우도면,0.25
11786,제주도,한경면,0.25
11787,강원도,강릉시,1.0
11788,경기도,안산시,1.0
11789,강원도,속초시,1.0
11790,강원도,홍천군,1.0
11792,전라북도,부안군,1.0
11793,강원도,철원군,1.0
11794,전라남도,목포시,1.0
11796,충청북도,청주시,1.0
11797,경상남도,함안군,1.0
11800,경상북도,경주시,1.0
11801,경상북도,울진군,1.0
11803,전라남도,보성군,1.0
11805,제주도,구좌읍,0.08333333333333333
11805,제주도,대정읍,0.08333333333333333
11805,제주도,서귀포시(시내동),0.08333333333333333
11805,제주도,성산읍,0.08333333333333333
11805,제주도,안덕면,0.08333333333333333
11805,제주도,애월읍,0.08333333333333333
11805,제주도,우도면,0.08333333333333333
11805,제주도,제주시(시내동),0.08333333333333333
11805,제주도,조천읍,0.08333333333333333
11805,제주도,표선면,0.08333333333333333
11805,제주도,한경면,0.08333333333333333
11805,제주도,한림읍,0.08333333333333333
11806,강원도,강릉시,1.0
11808,충청북도,제천시,1.0
11809,충청남도,금산군,1.0
11810,제주도,남원읍,0.2
11810,제주도,서귀포시(시내동),0.2
11810,제주도,성산읍,0.2
11810,제주도,애월읍,0.2
11810,제주도,제주시(시내동),0.2
11811,강원도,춘천시,1.0
11812,경상북도,문경시,1.0
11813,충청남도,예산군,1.0
11814,강원도,태백시,1.0
11815,제주도,남원읍,0.3333333333333333
11815,제주도,성산읍,0.3333333333333333
11815,제주도,애월읍,0.3333333333333333
11816,전라남도,진도군,0.5
11816,전라남도,해남군,0.5
11817,전라남도,영광군,0.5
11817,전라남도,완도군,0.5
11818,강원도,평창군,1.0
11819,강원도,고성군,0.5
11819,강원도,속초시,0.5
11821,강원도,강릉시,1.0
11822,강원도,원주시,1.0
11823,전라남도,목포시,1.0
11824,전라남도,순천시,1.0
11825,경상남도,통영시,1.0
11826,전라남도,완도군,1.0
11827,충청남도,태안군,1.0
11828,제주도,서귀포시(시내동),0.3333333333333333
11828,제주도,성산읍,0.3333333333333333
11828,제주도,제주시(시내동),0.3333333333333333
11830,강원도,고성군,0.25
11830,강원도,춘천시,0.25
11830,강원도,태백시,0.25
11830,강원도,평창군,0.25
11832,강원도,속초시,1.0
11833,충청남도,공주시,1.0
11834,강원도,강릉시,0.3333333333333333
11834,강원도,고성군,0.3333333333333333
11834,강원도,속초시,0.3333333333333333
11835,강원도,속초시,1.0
11836,충청북도,충주시(구 청원군 포함),1.0
11837,전라북도,김제시,1.0
11838,강원도,속초시,1.0
11840,강원도,인제군,1.0
11841,경기도,이천시,1.0
11842,전라남도,여수시,1.0
11843,경상남도,함안군,0.5
11843,경상남도,함양군,0.5
11845,전라북도,순창군,1.0
11846,경기도,안성시,1.0
11849,전라남도,나주시,1.0
11851,전라남도,나주시,1.0
11852,강원도,강릉시,0.3333333333333333
11852,강원도,동해시,0.3333333333333333
11852,강원도,양양군,0.3333333333333333
11853,강원도,강릉시,0.5
11853,강원도,삼척시,0.5
11854,충청남도,태안군,1.0
11856,전라북도,전주시,1.0
11857,제주도,우도면,1.0
11858,강원도,홍천군,1.0
11859,충청남도,태안군,1.0
11860,전라남도,해남군,1.0
11861,충청남도,천안시,1.0
11863,전라북도,전주시,1.0
11864,제주도,서귀포시(시내동),0.16666666666666666
11864,제주도,성산읍,0.16666666666666666
11864,제주도,애월읍,0.16666666666666666
11864,제주도,제주시(시내동),0.16666666666666666
11864,제주도,조천읍,0.16666666666666666
11864,제주도,표선면,0.16666666666666666
11865,경상북도,구미시,1.0
11866,경기도,광주시,1.0
11868,강원도,동해시,1.0
11869,전라남도,나주시,1.0
11870,전라북도,군산시,0.3333333333333333
11870,전라북도,순창군,0.3333333333333333
11870,전라북도,전주시,0.3333333333333333
11871,경상남도,합천군,1.0
11872,충청남도,태안군,1.0
11874,강원도,강릉시,1.0
11877,경기도,수원시,1.0
11878,충청북도,보은군,1.0
11879,경상남도,남해군,1.0
11880,강원도,속초시,1.0
11881,경기도,가평군,1.0
11882,경상남도,통영시,1.0
11883,경기도,의정부시,1.0
11884,경기도,안산시,1.0
11886,전라남도,여수시,1.0
11887,제주도,애월읍,1.0
11889,제주도,서귀포시(시내동),1.0
11890,경상북도,김천시,1.0
11891,강원도,삼척시,1.0
11892,경상북도,영덕군,1.0
11893,경기도,안산시,1.0
11894,전라남도,목포시,0.5
11894,전라남도,화순군,0.5
11895,전라남도,여수시,1.0
11897,강원도,강릉시,1.0
11898,전라북도,임실군,1.0
11899,충청남도,천안시,1.0
11900,경기도,가평군,1.0
11901,제주도,구좌읍,0.2
11901,제주도,남원읍,0.2
11901,제주도,대정읍,0.2
11901,제주도,성산읍,0.2
11901,제주도,표선면,0.2
11904,전라남도,진도군,1.0
11905,경기도,용인시,1.0
11906,경기도,평택시,1.0
11907,경상북도,안동시,1.0
11909,강원도,강릉시,1.0
11910,전라북도,부안군,1.0
11911,강원도,강릉시,1.0
11912,제주도,애월읍,0.5
11912,제주도,조천읍,0.5
11913,강원도,강릉시,0.3333333333333333
11913,강원도,양양군,0.3333333333333333
11913,강원도,영월군,0.3333333333333333
11914,경상남도,창원시,1.0
11915,충청남도,천안시,1.0
11916,경상북도,포항시,1.0
11917,강원도,속초시,1.0
11918,전라남도,여수시,1.0
11920,제주도,구좌읍,0.25
11920,제주도,성산읍,0.25
11920,제주도,애월읍,0.25
11920,제주도,제주시(시내동),0.25
11921,경상남도,산청군,1.0
11928,강원도,평창군,1.0
11930,강원도,강릉시,0.5
11930,강원도,동해시,0.5
11931,강원도,춘천시,1.0
11932,경상북도,영주시,1.0
11934,경상남도,거제시,1.0
11936,경상북도,영덕군,0.5
11936,경상북도,포항시,0.5
11937,강원도,삼척시,0.3333333333333333
11937,강원도,속초시,0.3333333333333333
11937,강원도,양양군,0.3333333333333333
11938,경상남도,고성군,1.0
11940,전라남도,목포시,1.0
11943,전라북도,군산시,0.5
11943,전라북도,부안군,0.5
11944,강원도,강릉시,1.0
11945,경상북도,포항시,1.0
11947,경기도,안산시,1.0
11948,강원도,속초시,1.0
11949,전라남도,여수시,1.0
11950,경상북도,문경시,1.0
11952,경상남도,사천시,0.5
11952,경상남도,의령군,0.5
11953,경기도,포천시,1.0
11954,경기도,용인시,1.0
11956,경기도,양평군,0.3333333333333333
11956,경기도,여주시,0.3333333333333333
11956,경기도,이천시,0.3333333333333333
11957,경상북도,경주시,1.0
11958,충청남도,금산군,0.5
11958,충청남도,태안군,0.5
11959,경상북도,경주시,1.0
11960,전라남도,구례군,1.0
11962,강원도,정선군,1.0
11963,경상남도,거제시,1.0
11965,전라남도,목포시,0.5
11965,전라남도,여수시,0.5
11966,전라북도,무주군,0.3333333333333333
11966,전라북도,전주시,0.3333333333333333
11966,전라북도,정읍시,0.3333333333333333
11969,전라남도,목포시,0.5
11969,전라남도,무안군,0.5
11970,경상남도,김해시,0.5
11970,경상남도,양산시,0.5
11971,강원도,양양군,1.0
11972,강원도,강릉시,1.0
11973,강원도,속초시,1.0
11974,전라북도,전주시,1.0
11975,경상남도,함안군,1.0
11976,경상북도,칠곡군,1.0
11978,강원도,강릉시,0.5
11978,강원도,속초시,0.5
11979,경상북도,경주시,1.0
11980,강원도,강릉시,0.3333333333333333
11980,강원도,속초시,0.3333333333333333
11980,강원도,춘천시,0.3333333333333333
11981,제주도,한림읍,1.0
11982,충청북도,청주시,1.0
11983,강원도,영월군,0.25
11983,강원도,원주시,0.25
11983,강원도,정선군,0.25
11983,강원도,평창군,0.25
11984,경기도,남양주시,1.0
11985,충청북도,영동군,1.0
11986,강원도,강릉시,1.0
11987,강원도,속초시,0.3333333333333333
11987,강원도,원주시,0.3333333333333333
11987,강원도,철원군,0.3333333333333333
11988,충청북도,제천시,1.0
11989,충청남도,서산시,1.0
11990,경상남도,창녕군,1.0
11991,경기도,시흥시,1.0
11992,강원도,강릉시,0.5
11992,강원도,평창군,0.5
11993,제주도,서귀포시(시내동),0.25
11993,제주도,제주시(시내동),0.25
11993,제주도,조천읍,0.25
11993,제주도,한림읍,0.25
11994,제주도,서귀포시(시내동),0.3333333333333333
11994,제주도,안덕면,0.3333333333333333
11994,제주도,제주시(시내동),0.3333333333333333
11995,강원도,원주시,1.0
11997,전라북도,임실군,1.0
11998,강원도,강릉시,0.5
11998,강원도,고성군,0.5
12000,경상남도,함양군,1.0
12001,강원도,고성군,1.0
12002,전라남도,여수시,1.0
12004,경기도,양평군,1.0
12005,강원도,강릉시,0.2
12005,강원도,고성군,0.2
12005,강원도,속초시,0.2
12005,강원도,양양군,0.2
12005,강원도,평창군,0.2
12006,경기도,용인시,1.0
12007,경상북도,영덕군,1.0
12009,경기도,이천시,1.0
12011,경기도,포천시,1.0
12012,제주도,성산읍,1.0
12014,경상북도,경주시,1.0
12015,전라남도,목포시,1.0
12016,제주도,남원읍,0.125
12016,제주도,대정읍,0.125
12016,제주도,서귀포시(시내동),0.125
12016,제주도,성산읍,0.125
12016,제주도,애월읍,0.125
12016,제주도,제주시(시내동),0.125
12016,제주도,표선면,0.125
12016,제주도,한림읍,0.125
12017,경기도,동두천시,1.0
12018,강원도,양양군,1.0
12019,강원도,원주시,1.0
12020,경기도,수원시,1.0
12021,전라북도,무주군,1.0
12022,전라북도,고창군,0.5
12022,전라북도,군산시,0.5
12023,전라북도,임실군,1.0
12024,강원도,속초시,1.0
12026,강원도,양양군,1.0
12029,경상북도,안동시,1.0
12032,제주도,애월읍,0.5
12032,제주도,표선면,0.5
12034,전라남도,장흥군,0.5
12034,전라남도,해남군,0.5
12035,경상남도,창원시,1.0
12036,경기도,광주시,1.0
12037,경기도,여주시,1.0
12038,충청북도,단양군,1.0
12039,경상북도,포항시,1.0
12040,전라북도,군산시,1.0
12042,강원도,속초시,1.0
12043,제주도,표선면,1.0
12044,전라남도,광양시,1.0
12045,충청북도,충주시(구 청원군 포함),1.0
12047,경상북도,안동시,1.0
12048,경상북도,경주시,1.0
12049,강원도,강릉시,1.0
12050,경기도,수원시,1.0
12052,경기도,이천시,1.0
12053,제주도,구좌읍,0.125
12053,제주도,남원읍,0.125
12053,제주도,대정읍,0.125
12053,제주도,서귀포시(시내동),0.125
12053,제주도,성산읍,0.125
12053,제주도,애월읍,0.125
12053,제주도,우도면,0.125
12053,제주도,표선면,0.125
12056,전라북도,임실군,1.0
12057,경기도,가평군,0.16666666666666666
12057,경기도,고양시,0.16666666666666666
12057,경기도,남양주시,0.16666666666666666
12057,경기도,동두천시,0.16666666666666666
12057,경기도,이천시,0.16666666666666666
12057,경기도,파주시,0.16666666666666666
12059,경기도,양주시,0.5
12059,경기도,포천시,0.5
12061,강원도,강릉시,1.0
12063,강원도,동해시,1.0
12064,경상북도,경주시,0.5
12064,경상북도,포항시,0.5
12066,강원도,춘천시,1.0
12068,강원도,속초시,1.0
12069,강원도,강릉시,0.3333333333333333
12069,강원도,동해시,0.3333333333333333
12069,강원도,속초시,0.3333333333333333
12070,경상북도,경산시,1.0
12072,전라북도,전주시,1.0
12073,충청북도,단양군,1.0
12077,충청북도,충주시(구 청원군 포함),1.0
12078,제주도,서귀포시(시내동),0.25
12078,제주도,애월읍,0.25
12078,제주도,제주시(시내동),0.25
12078,제주도,한림읍,0.25
12082,강원도,강릉시,1.0
12083,충청북도,단양군,1.0
12084,충청북도,제천시,1.0
12085,제주도,제주시(시내동),1.0
12087,경기도,가평군,1.0
12088,전라남도,무안군,1.0
12089,강원도,속초시,1.0
12090,경기도,포천시,1.0
12091,경상북도,청도군,1.0
12092,강원도,홍천군,1.0
12093,전라남도,구례군,0.5
12093,전라남도,순천시,0.5
12094,경상북도,영덕군,0.5
12094,경상북도,포항시,0.5
12095,전라남도,여수시,1.0
12096,충청남도,예산군,1.0
12097,경기도,하남시,0.5
12097,경기도,화성시,0.5
12099,제주도,제주시(시내동),1.0
12104,경상남도,사천시,1.0
12105,전라북도,김제시,0.25
12105,전라북도,남원시,0.25
12105,전라북도,완주군,0.25
12105,전라북도,전주시,0.25
12106,경기도,광명시,1.0
12107,강원도,강릉시,1.0
12109,제주도,남원읍,0.16666666666666666
12109,제주도,대정읍,0.16666666666666666
12109,제주도,안덕면,0.16666666666666666
12109,제주도,애월읍,0.16666666666666666
12109,제주도,제주시(시내동),0.16666666666666666
12109,제주도,한경면,0.16666666666666666
12110,강원도,속초시,1.0
12111,전라남도,나주시,1.0
12113,경기도,용인시,1.0
12114,전라남도,여수시,1.0
12115,경상북도,영덕군,1.0
12116,충청남도,당진시,1.0
12117,경기도,시흥시,1.0
12119,경상북도,청도군,1.0
12120,제주도,제주시(시내동),0.5
12120,제주도,표선면,0.5
12121,경상북도,울진군,1.0
12123,전라북도,군산시,1.0
12124,경상북도,안동시,0.5
12124,경상북도,칠곡군,0.5
12126,강원도,정선군,1.0
12132,강원도,춘천시,1.0
12133,제주도,서귀포시(시내동),0.14285714285714285
12133,제주도,성산읍,0.14285714285714285
12133,제주도,애월읍,0.14285714285714285
12133,제주도,우도면,0.14285714285714285
12133,제주도,제주시(시내동),0.14285714285714285
12133,제주도,표선면,0.14285714285714285
12133,제주도,한림읍,0.14285714285714285
12134,경기도,가평군,1.0
12135,강원도,춘천시,0.5
12135,강원도,홍천군,0.5
12136,강원도,속초시,1.0
12137,강원도,속초시,1.0
12138,경상남도,거제시,1.0
12139,강원도,강릉시,1.0
12140,제주도,애월읍,0.5
12140,제주도,표선면,0.5
12141,경상남도,함양군,1.0
12143,충청남도,태안군,1.0
12144,전라북도,순창군,1.0
12146,충청남도,공주시,1.0
12147,충청북도,제천시,1.0
12149,제주도,구좌읍,0.14285714285714285
12149,제주도,남원읍,0.14285714285714285
12149,제주도,서귀포시(시내동),0.14285714285714285
12149,제주도,성산읍,0.14285714285714285
12149,제주도,애월읍,0.14285714285714285
12149,제주도,제주시(시내동),0.14285714285714285
12149,제주도,조천읍,0.14285714285714285
12154,전라북도,부안군,1.0
12155,강원도,강릉시,0.5
12155,강원도,평창군,0.5
12156,충청북도,제천시,1.0
12157,강원도,평창군,1.0
12158,충청남도,보령시,1.0
12159,제주도,제주시(시내동),1.0
12160,충청남도,보령시,1.0
12161,전라남도,담양군,1.0
12164,경기도,남양주시,0.5
12164,경기도,양평군,0.5
12167,강원도,삼척시,1.0
12168,충청남도,당진시,1.0
12169,제주도,서귀포시(시내동),0.3333333333333333
12169,제주도,애월읍,0.3333333333333333
12169,제주도,제주시(시내동),0.3333333333333333
12170,충청북도,충주시(구 청원군 포함),1.0
12174,경상북도,영천시,1.0
12177,전라북도,군산시,1.0
12178,강원도,고성군,1.0
12179,경상남도,거제시,0.5
12179,경상남도,통영시,0.5
12180,강원도,강릉시,0.5
12180,강원도,횡성군,0.5
12181,전라북도,군산시,0.5
12181,전라북도,무주군,0.5
12182,강원도,강릉시,0.3333333333333333
12182,강원도,양양군,0.3333333333333333
12182,강원도,평창군,0.3333333333333333
12183,경기도,파주시,1.0
12184,강원도,횡성군,1.0
12185,제주도,서귀포시(시내동),0.5
12185,제주도,애월읍,0.5
12186,경상북도,경주시,1.0
12187,강원도,고성군,1.0
12188,강원도,평창군,1.0
12189,전라북도,완주군,0.3333333333333333
12189,전라북도,임실군,0.3333333333333333
12189,전라북도,전주시,0.3333333333333333
12190,경상북도,경주시,1.0
12191,강원도,속초시,1.0
12193,경상북도,경주시,1.0
12194,경기도,용인시,1.0
12195,경상남도,창원시,1.0
12197,경상남도,통영시,1.0
12198,경상북도,경주시,1.0
12201,충청북도,제천시,0.5
12201,충청북도,충주시(구 청원군 포함),0.5
12202,전라북도,전주시,1.0
12205,강원도,강릉시,0.3333333333333333
12205,강원도,동해시,0.3333333333333333
12205,강원도,속초시,0.3333333333333333
12206,강원도,평창군,1.0
12207,강원도,강릉시,1.0
12209,강원도,강릉시,1.0
12210,제주도,서귀포시(시내동),0.5
12210,제주도,제주시(시내동),0.5
12211,경기도,동두천시,0.5
12211,경기도,포천시,0.5
12212,경상남도,산청군,0.5
12212,경상남도,통영시,0.5
12214,충청남도,태안군,1.0
12215,전라남도,진도군,1.0
12216,경상남도,거제시,0.5
12216,경상남도,통영시,0.5
12217,경상남도,김해시,1.0
12218,강원도,원주시,1.0
12219,경상북도,경주시,1.0
12220,제주도,구좌읍,0.2
12220,제주도,대정읍,0.2
12220,제주도,성산읍,0.2
12220,제주도,애월읍,0.2
12220,제주도,표선면,0.2
12221,강원도,철원군,1.0
12222,경상북도,경주시,1.0
12223,강원도,강릉시,1.0
12226,강원도,평창군,0.5
12226,강원도,홍천군,0.5
12227,경상북도,울진군,0.5
12227,경상북도,청도군,0.5
12228,강원도,인제군,1.0
12229,경상남도,창원시,1.0
12230,전라남도,강진군,1.0
12231,경기도,포천시,1.0
12232,충청남도,천안시,1.0
12233,경상북도,칠곡군,1.0
12234,경상남도,김해시,1.0
12236,제주도,남원읍,0.2
12236,제주도,대정읍,0.2
12236,제주도,서귀포시(시내동),0.2
12236,제주도,성산읍,0.2
12236,제주도,제주시(시내동),0.2
12238,강원도,속초시,1.0
12239,경상남도,거제시,1.0
12240,경상남도,거제시,1.0
12241,제주도,서귀포시(시내동),0.3333333333333333
12241,제주도,애월읍,0.3333333333333333
12241,제주도,제주시(시내동),0.3333333333333333
12243,전라남도,목포시,1.0
12244,전라북도,군산시,1.0
12245,강원도,고성군,1.0
12246,경기도,수원시,1.0
12247,경기도,포천시,1.0
12248,경기도,고양시,1.0
12249,경상남도,김해시,1.0
12250,경기도,가평군,0.25
12250,경기도,김포시,0.25
12250,경기도,안양시,0.25
12250,경기도,이천시,0.25
12251,충청북도,충주시(구 청원군 포함),1.0
12252,전라북도,무주군,1.0
12253,제주도,서귀포시(시내동),0.5
12253,제주도,제주시(시내동),0.5
12254,경상북도,영덕군,1.0
12255,충청남도,아산시,1.0
12256,제주도,서귀포시(시내동),1.0
12258,경기도,포천시,1.0
12259,전라남도,순천시,1.0
12260,경상북도,경주시,1.0
12263,경상북도,문경시,1.0
12264,전라남도,여수시,1.0
12265,강원도,강릉시,0.5
12265,강원도,평창군,0.5
12266,경기도,가평군,1.0
12267,강원도,속초시,1.0
12268,강원도,인제군,1.0
12269,경기도,여주시,1.0
12270,제주도,성산읍,0.3333333333333333
12270,제주도,애월읍,0.3333333333333333
12270,제주도,표선면,0.3333333333333333
12272,강원도,태백시,1.0
12273,강원도,강릉시,0.5
12273,강원도,속초시,0.5
12274,전라남도,여수시,1.0
12275,전라남도,영광군,1.0
12276,강원도,고성군,0.5
12276,강원도,속초시,0.5
12277,전라북도,군산시,1.0
12278,전라남도,여수시,1.0
12279,제주도,제주시(시내동),1.0
12280,충청남도,공주시,1.0
12281,전라남도,구례군,1.0
12282,전라남도,곡성군,1.0
12283,강원도,춘천시,1.0
12284,경기도,시흥시,1.0
12285,경기도,양평군,1.0
12286,충청남도,천안시,1.0
12288,경상북도,상주시,1.0
12289,강원도,강릉시,1.0
12290,전라남도,강진군,0.5
12290,전라남도,해남군,0.5
12291,제주도,서귀포시(시내동),1.0
12292,제주도,서귀포시(시내동),0.25
12292,제주도,성산읍,0.25
12292,제주도,애월읍,0.25
12292,제주도,조천읍,0.25
12293,경상북도,경주시,0.5
12293,경상북도,포항시,0.5
12294,강원도,속초시,1.0
12296,강원도,동해시,0.5
12296,강원도,속초시,0.5
12297,강원도,강릉시,1.0
12298,강원도,강릉시,0.5
12298,강원도,평창군,0.5
12299,경기도,용인시,1.0
12300,강원도,삼척시,1.0
12301,경기도,연천군,1.0
12302,경상남도,통영시,1.0
12303,경상남도,창녕군,1.0
12306,강원도,강릉시,0.16666666666666666
12306,강원도,고성군,0.16666666666666666
12306,강원도,동해시,0.16666666666666666
12306,강원도,삼척시,0.16666666666666666
12306,강원도,속초시,0.16666666666666666
12306,강원도,양양군,0.16666666666666666
12307,강원도,횡성군,1.0
12308,경상북도,영주시,1.0
12309,강원도,춘천시,1.0
12311,강원도,삼척시,1.0
12312,강원도,강릉시,1.0
12313,충청남도,서산시,0.3333333333333333
12313,충청남도,예산군,0.3333333333333333
12313,충청남도,태안군,0.3333333333333333
12315,경기도,고양시,1.0
12318,경상남도,함양군,1.0
12319,경기도,시흥시,1.0
12320,전라북도,남원시,0.5
12320,전라북도,전주시,0.5
12321,경상남도,사천시,1.0
12323,경상남도,양산시,1.0
12326,강원도,강릉시,1.0
12327,전라북도,전주시,0.5
12327,전라북도,진안군,0.5
12328,강원도,강릉시,1.0
12329,경상북도,경주시,1.0
12332,전라남도,강진군,1.0
12333,전라북도,군산시,1.0
12334,경상북도,봉화군,1.0
12335,강원도,강릉시,0.5
12335,강원도,동해시,0.5
12336,경기도,용인시,1.0
12340,경상북도,구미시,1.0
12344,경기도,파주시,1.0
12345,강원도,원주시,1.0
12347,강원도,강릉시,1.0
12350,강원도,강릉시,0.5
12350,강원도,속초시,0.5
12352,전라북도,전주시,1.0
12354,강원도,정선군,1.0
12355,경기도,포천시,1.0
12356,경기도,여주시,1.0
12357,경상남도,진주시,1.0
12359,강원도,동해시,1.0
12360,충청남도,보령시,1.0
12362,전라북도,고창군,1.0
12363,강원도,속초시,1.0
12364,전라남도,담양군,1.0
12365,경기도,고양시,1.0
12366,강원도,속초시,1.0
12368,경상북도,경주시,1.0
12369,경상북도,포항시,1.0
12371,경상북도,포항시,1.0
12372,강원도,정선군,1.0
12374,제주도,성산읍,0.3333333333333333
12374,제주도,애월읍,0.3333333333333333
12374,제주도,우도면,0.3333333333333333
12376,경기도,안산시,1.0
12377,강원도,춘천시,1.0
12378,강원도,강릉시,1.0
12379,제주도,애월읍,1.0
12380,경기도,수원시,0.5
12380,경기도,여주시,0.5
12382,경기도,남양주시,1.0
12383,경상남도,사천시,0.3333333333333333
12383,경상남도,산청군,0.3333333333333333
12383,경상남도,함양군,0.3333333333333333
12384,충청남도,당진시,1.0
12385,강원도,강릉시,0.5
12385,강원도,동해시,0.5
12387,경상북도,안동시,1.0
12390,강원도,강릉시,0.5
12390,강원도,영월군,0.5
12391,충청남도,예산군,1.0
12392,제주도,서귀포시(시내동),0.3333333333333333
12392,제주도,우도면,0.3333333333333333
12392,제주도,제주시(시내동),0.3333333333333333
12393,경상남도,통영시,0.5
12393,경상남도,하동군,0.5
12396,전라남도,구례군,1.0
12398,경상남도,거창군,0.3333333333333333
12398,경상남도,산청군,0.3333333333333333
12398,경상남도,함양군,0.3333333333333333
12400,강원도,원주시,1.0
12401,경상북도,청도군,1.0
12405,경기도,이천시,1.0
12406,경기도,평택시,1.0
12407,전라남도,장성군,1.0
12408,강원도,강릉시,1.0
12409,강원도,춘천시,1.0
12410,충청남도,아산시,1.0
12411,강원도,동해시,0.5
12411,강원도,정선군,0.5
12412,전라남도,강진군,1.0
12413,경기도,포천시,1.0
12416,경상남도,통영시,1.0
12418,전라북도,장수군,1.0
12419,제주도,서귀포시(시내동),0.3333333333333333
12419,제주도,성산읍,0.3333333333333333
12419,제주도,애월읍,0.3333333333333333
12420,충청남도,서산시,0.5
12420,충청남도,태안군,0.5
12421,경상남도,거제시,1.0
12422,강원도,동해시,1.0
12423,강원도,횡성군,1.0
12424,전라남도,고흥군,1.0
12425,경상북도,경주시,1.0
12426,전라남도,목포시,1.0
12427,강원도,속초시,1.0
12428,전라남도,여수시,1.0
12429,경기도,가평군,1.0
12431,강원도,강릉시,1.0
12432,경상북도,상주시,0.5
12432,경상북도,안동시,0.5
12434,강원도,평창군,1.0
12435,경상남도,거제시,1.0
12436,강원도,양양군,1.0
12437,강원도,화천군,1.0
12439,충청남도,예산군,0.5
12439,충청남도,태안군,0.5
12440,제주도,대정읍,0.2
12440,제주도,서귀포시(시내동),0.2
12440,제주도,성산읍,0.2
12440,제주도,애월읍,0.2
12440,제주도,제주시(시내동),0.2
12441,충청남도,당진시,1.0
12444,전라북도,고창군,0.5
12444,전라북도,남원시,0.5
12445,제주도,서귀포시(시내동),0.5
12445,제주도,조천읍,0.5
12446,강원도,고성군,1.0
12447,경기도,성남시,1.0
12448,전라북도,군산시,0.5
12448,전라북도,전주시,0.5
12450,제주도,한림읍,1.0
12451,전라북도,순창군,1.0
12452,전라남도,강진군,1.0
12453,전라북도,진안군,1.0
12454,강원도,강릉시,1.0
12455,전라남도,고흥군,0.5
12455,전라남도,여수시,0.5
12456,경상북도,울릉군,0.5
12456,경상북도,청도군,0.5
12459,강원도,인제군,1.0
12461,전라남도,나주시,1.0
12462,경상북도,칠곡군,1.0
12465,전라남도,여수시,1.0
12466,강원도,강릉시,0.5
12466,강원도,속초시,0.5
12467,강원도,인제군,1.0
12468,전라북도,익산시,1.0
12469,충청북도,단양군,1.0
12471,전라북도,전주시,1.0
12472,전라남도,여수시,1.0
12473,경상남도,창원시,1.0
12474,강원도,동해시,1.0
12475,충청북도,괴산군,1.0
12477,제주도,애월읍,1.0
12478,충청남도,태안군,1.0
12481,강원도,동해시,1.0
12482,경상남도,통영시,1.0
12484,충청남도,공주시,1.0
12485,전라북도,전주시,1.0
12486,충청북도,제천시,1.0
12487,충청남도,서산시,1.0
12488,경상남도,거제시,0.5
12488,경상남도,밀양시,0.5
12489,경기도,용인시,1.0
12490,경상남도,함안군,1.0
12491,강원도,강릉시,1.0
12493,충청남도,아산시,1.0
12494,경상북도,경주시,1.0
12497,전라남도,순천시,1.0
12498,경상남도,고성군,0.5
12498,경상남도,통영시,0.5
12499,충청북도,청주시,1.0
12504,전라남도,화순군,1.0
12506,경상북도,영덕군,1.0
12507,경상북도,포항시,1.0
12508,전라남도,여수시,1.0
12510,전라남도,영광군,1.0
12511,전라남도,순천시,0.5
12511,전라남도,여수시,0.5
12512,충청북도,제천시,1.0
12513,강원도,속초시,1.0
12514,전라남도,광양시,0.5
12514,전라남도,여수시,0.5
12515,충청북도,단양군,1.0
12516,경기도,연천군,1.0
12517,전라북도,고창군,1.0
12518,충청북도,충주시(구 청원군 포함),1.0
12519,강원도,동해시,1.0
12520,강원도,강릉시,1.0
12522,전라북도,군산시,1.0
12523,제주도,안덕면,1.0
12525,전라북도,익산시,0.3333333333333333
12525,전라북도,임실군,0.3333333333333333
12525,전라북도,전주시,0.3333333333333333
12526,전라북도,김제시,1.0
12527,제주도,서귀포시(시내동),1.0
12528,전라남도,무안군,1.0
12529,경기도,용인시,1.0
12531,전라남도,고흥군,1.0
12532,충청북도,청주시,1.0
12533,충청남도,태안군,1.0
12536,충청북도,충주시(구 청원군 포함),1.0
12537,경상남도,고성군,1.0
12538,전라남도,순천시,1.0
12541,제주도,성산읍,0.2
12541,제주도,애월읍,0.2
12541,제주도,우도면,0.2
12541,제주도,제주시(시내동),0.2
12541,제주도,조천읍,0.2
12543,강원도,양양군,1.0
12544,제주도,제주시(시내동),1.0
12545,강원도,속초시,1.0
12546,강원도,춘천시,1.0
12547,경상남도,통영시,1.0
12548,경상북도,포항시,1.0
12549,강원도,속초시,1.0
12551,경상북도,포항시,1.0
12554,경상남도,창녕군,1.0
12558,강원도,속초시,1.0
12559,강원도,속초시,1.0
12560,충청남도,부여군,1.0
12561,경상남도,거제시,1.0
12565,경상남도,거제시,0.5
12565,경상남도,통영시,0.5
12566,경상북도,경주시,0.5
12566,경상북도,포항시,0.5
12567,강원도,동해시,1.0
12568,전라북도,부안군,1.0
12569,강원도,속초시,1.0
12571,강원도,원주시,1.0
12572,전라남도,나주시,0.5
12572,전라남도,해남군,0.5
12574,경상북도,청도군,1.0
12576,경상북도,경주시,1.0
12577,경상북도,경주시,1.0
12578,충청남도,공주시,0.5
12578,충청남도,부여군,0.5
12579,경상북도,영덕군,1.0
12580,제주도,제주시(시내동),1.0
12582,전라북도,남원시,0.5
12582,전라북도,전주시,0.5
12583,경상북도,문경시,1.0
12584,강원도,정선군,1.0
12587,전라북도,군산시,1.0
12588,강원도,영월군,1.0
12589,강원도,속초시,1.0
12590,충청남도,보령시,1.0
12591,경기도,하남시,1.0
12592,경기도,화성시,1.0
12593,경기도,화성시,1.0
12594,경기도,평택시,1.0
12595,경기도,화성시,1.0
12596,강원도,철원군,1.0
12597,전라남도,목포시,1.0
12598,전라북도,김제시,0.5
12598,전라북도,전주시,0.5
12599,강원도,횡성군,1.0
12600,제주도,서귀포시(시내동),0.5
12600,제주도,제주시(시내동),0.5
12601,경기도,수원시,1.0
12602,경기도,김포시,1.0
12604,경기도,연천군,1.0
12605,강원도,강릉시,0.5
12605,강원도,속초시,0.5
12606,충청남도,부여군,1.0
12607,제주도,애월읍,0.25
12607,제주도,제주시(시내동),0.25
12607,제주도,한경면,0.25
12607,제주도,한림읍,0.25
12608,충청남도,아산시,0.5
12608,충청남도,천안시,0.5
12611,제주도,남원읍,0.3333333333333333
12611,제주도,성산읍,0.3333333333333333
12611,제주도,표선면,0.3333333333333333
12612,전라북도,군산시,1.0
12613,강원도,강릉시,1.0
12615,경상남도,남해군,1.0
12616,강원도,속초시,0.5
12616,강원도,양양군,0.5
12617,경상북도,포항시,1.0
12618,경상북도,경주시,1.0
12619,강원도,강릉시,1.0
12620,경상남도,거제시,1.0
12622,전라북도,군산시,1.0
12624,경기도,남양주시,1.0
12625,전라북도,무주군,0.5
12625,전라북도,전주시,0.5
12626,충청남도,보령시,1.0
12628,전라남도,곡성군,0.5
12628,전라남도,구례군,0.5
12629,경기도,안양시,1.0
12630,강원도,속초시,1.0
12631,강원도,원주시,1.0
12632,제주도,성산읍,0.3333333333333333
12632,제주도,제주시(시내동),0.3333333333333333
12632,제주도,조천읍,0.3333333333333333
12633,강원도,속초시,0.5
12633,강원도,양양군,0.5
12634,강원도,원주시,1.0
12635,제주도,서귀포시(시내동),0.5
12635,제주도,안덕면,0.5
12636,강원도,양양군,1.0
12637,강원도,속초시,1.0
12639,강원도,강릉시,1.0
12640,경상남도,의령군,0.5
12640,경상남도,함안군,0.5
12641,충청북도,보은군,1.0
12642,경상북도,울릉군,1.0
12645,충청북도,청주시,1.0
12646,경상남도,창원시,1.0
12647,경상북도,고령군,0.5
12647,경상북도,성주군,0.5
12649,경상북도,김천시,1.0
12652,경기도,남양주시,1.0
12653,전라북도,전주시,1.0
12654,강원도,홍천군,1.0
12656,충청북도,제천시,1.0
12657,전라북도,전주시,1.0
12658,충청남도,당진시,1.0
12660,충청북도,괴산군,1.0
12661,경기도,김포시,1.0
12662,경상북도,청도군,1.0
12663,충청북도,음성군,1.0
12664,강원도,강릉시,0.3333333333333333
12664,강원도,속초시,0.3333333333333333
12664,강원도,양양군,0.3333333333333333
12665,경상북도,울진군,1.0
12669,경상남도,사천시,1.0
12670,전라남도,완도군,1.0
12671,경상북도,봉화군,0.25
12671,경상북도,상주시,0.25
12671,경상북도,안동시,0.25
12671,경상북도,울진군,0.25
12672,전라북도,익산시,1.0
12673,강원도,태백시,1.0
12676,경상북도,경주시,0.5
12676,경상북도,김천시,0.5
12677,전라남도,여수시,1.0
12678,경상북도,안동시,0.5
12678,경상북도,예천군,0.5
12679,경상북도,경주시,1.0
12680,강원도,강릉시,1.0
12683,전라북도,남원시,1.0
12684,충청남도,아산시,0.5
12684,충청남도,천안시,0.5
12685,전라북도,고창군,1.0
12686,충청남도,태안군,1.0
12689,강원도,강릉시,1.0
12690,강원도,고성군,1.0
12692,경상남도,남해군,0.5
12692,경상남도,사천시,0.5
12693,전라남도,여수시,1.0
12694,전라남도,강진군,1.0
12695,경상북도,안동시,1.0
12696,전라북도,전주시,1.0
12697,경상북도,상주시,0.5
12697,경상북도,영덕군,0.5
12698,충청북도,제천시,1.0
12699,전라남도,목포시,1.0
12700,강원도,강릉시,1.0
12701,충청북도,청주시,1.0
12702,강원도,횡성군,1.0
12703,전라북도,전주시,1.0
12704,전라남도,보성군,1.0
12705,경기도,연천군,0.5
12705,경기도,포천시,0.5
12706,경기도,안산시,1.0
12707,전라북도,전주시,1.0
12708,경상북도,경주시,1.0
12710,충청남도,태안군,1.0
12711,제주도,구좌읍,0.5
12711,제주도,조천읍,0.5
12713,강원도,강릉시,1.0
12714,강원도,강릉시,0.5
12714,강원도,양양군,0.5
12716,충청북도,괴산군,0.5
12716,충청북도,충주시(구 청원군 포함),0.5
12717,강원도,춘천시,1.0
12718,강원도,강릉시,0.5
12718,강원도,속초시,0.5
12722,경상북도,경주시,0.5
12722,경상북도,포항시,0.5
12723,충청북도,단양군,1.0
12725,강원도,고성군,0.5
12725,강원도,속초시,0.5
12729,경상북도,포항시,1.0
12731,전라북도,전주시,1.0
12732,경상남도,통영시,1.0
12733,전라북도,전주시,1.0
12734,전라남도,구례군,1.0
12737,경기도,포천시,1.0
12738,전라남도,여수시,1.0
12741,제주도,서귀포시(시내동),0.3333333333333333
12741,제주도,제주시(시내동),0.3333333333333333
12741,제주도,추자면,0.3333333333333333
12743,전라남도,완도군,0.5
12743,전라남도,해남군,0.5
12744,강원도,고성군,1.0
12747,제주도,우도면,0.5
12747,제주도,조천읍,0.5
12749,경상남도,밀양시,1.0
12751,강원도,강릉시,1.0
12752,제주도,애월읍,1.0
12754,충청남도,보령시,1.0
12755,충청북도,충주시(구 청원군 포함),1.0
12756,경기도,고양시,1.0
12757,전라남도,함평군,1.0
12758,전라북도,군산시,1.0
12760,강원도,삼척시,0.3333333333333333
12760,강원도,원주시,0.3333333333333333
12760,강원도,태백시,0.3333333333333333
12761,충청북도,청주시,1.0
12762,경상북도,포항시,1.0
12763,강원도,양양군,1.0
12765,경상북도,경주시,1.0
12768,전라북도,군산시,1.0
12770,경상남도,거제시,1.0
12771,전라남도,장성군,1.0
12773,강원도,강릉시,1.0
12774,강원도,원주시,1.0
12775,강원도,고성군,0.3333333333333333
12775,강원도,속초시,0.3333333333333333
12775,강원도,인제군,0.3333333333333333
12776,강원도,강릉시,1.0
12777,경기도,양평군,1.0
12778,전라북도,무주군,1.0
12779,강원도,고성군,1.0
12781,충청남도,예산군,1.0
12782,충청북도,충주시(구 청원군 포함),1.0
12785,전라북도,정읍시,1.0
12786,충청남도,서산시,0.5
12786,충청남도,서천군,0.5
12787,제주도,표선면,1.0
12788,전라남도,순천시,0.5
12788,전라남도,여수시,0.5
12791,충청남도,서천군,1.0
12792,경상북도,경주시,1.0
12796,충청남도,공주시,1.0
12799,충청북도,옥천군,0.5
12799,충청북도,제천시,0.5
12800,충청북도,영동군,1.0
12801,충청남도,서산시,1.0
12803,전라남도,목포시,0.5
12803,전라남도,보성군,0.5
12804,강원도,철원군,1.0
12805,경상남도,밀양시,1.0
12807,경상남도,밀양시,0.3333333333333333
12807,경상남도,진주시,0.3333333333333333
12807,경상남도,창원시,0.3333333333333333
12809,경기도,시흥시,0.5
12809,경기도,안산시,0.5
12810,전라남도,완도군,1.0
12811,전라남도,여수시,1.0
12812,경상남도,통영시,1.0
12813,경상북도,경주시,1.0
12814,충청북도,단양군,1.0
12815,강원도,홍천군,1.0
12816,전라북도,부안군,1.0
12817,충청북도,옥천군,0.5
12817,충청북도,청주시,0.5
12818,강원도,춘천시,1.0
12819,경기도,성남시,1.0
12820,제주도,성산읍,0.5
12820,제주도,조천읍,0.5
12822,제주도,구좌읍,0.09090909090909091
12822,제주도,남원읍,0.09090909090909091
12822,제주도,대정읍,0.09090909090909091
12822,제주도,서귀포시(시내동),0.09090909090909091
12822,제주도,성산읍,0.09090909090909091
12822,제주도,안덕면,0.09090909090909091
12822,제주도,애월읍,0.09090909090909091
12822,제주도,조천읍,0.09090909090909091
12822,제주도,표선면,0.09090909090909091
12822,제주도,한경면,0.09090909090909091
12822,제주도,한림읍,0.09090909090909091
12824,경상남도,남해군,1.0
12826,강원도,동해시,1.0
12828,제주도,구좌읍,0.1111111111111111
12828,제주도,서귀포시(시내동),0.1111111111111111
12828,제주도,성산읍,0.1111111111111111
12828,제주도,애월읍,0.1111111111111111
12828,제주도,제주시(시내동),0.1111111111111111
12828,제주도,조천읍,0.1111111111111111
12828,제주도,표선면,0.1111111111111111
12828,제주도,한경면,0.1111111111111111
12828,제주도,한림읍,0.1111111111111111
12829,강원도,속초시,0.3333333333333333
12829,강원도,원주시,0.3333333333333333
12829,강원도,춘천시,0.3333333333333333
12830,전라남도,광양시,0.5
12830,전라남도,완도군,0.5
12831,경기도,화성시,1.0
12833,강원도,강릉시,1.0
12834,경기도,평택시,1.0
12835,제주도,서귀포시(시내동),0.25
12835,제주도,성산읍,0.25
12835,제주도,애월읍,0.25
12835,제주도,제주시(시내동),0.25
12838,충청북도,청주시,1.0
12839,경상북도,구미시,1.0
12840,전라남도,광양시,1.0
12841,경상북도,경산시,1.0
12842,경기도,포천시,1.0
12843,충청남도,태안군,1.0
12844,강원도,양양군,1.0
12846,강원도,속초시,0.5
12846,강원도,양양군,0.5
12847,전라북도,고창군,0.14285714285714285
12847,전라북도,군산시,0.14285714285714285
12847,전라북도,김제시,0.14285714285714285
12847,전라북도,완주군,0.14285714285714285
12847,전라북도,임실군,0.14285714285714285
12847,전라북도,전주시,0.14285714285714285
12847,전라북도,정읍시,0.14285714285714285
12849,강원도,홍천군,1.0
12850,전라남도,영광군,1.0
12851,충청남도,부여군,1.0
12852,충청남도,보령시,1.0
12853,전라북도,순창군,1.0
12854,경상북도,청도군,1.0
12855,강원도,평창군,1.0
12856,경상남도,사천시,1.0
12857,강원도,철원군,1.0
12858,강원도,인제군,1.0
12859,강원도,삼척시,1.0
12860,전라북도,전주시,1.0
12861,강원도,강릉시,1.0
12862,충청남도,아산시,1.0
12863,전라남도,여수시,1.0
12864,충청남도,홍성군,1.0
12865,경기도,파주시,1.0
12868,강원도,강릉시,0.5
12868,강원도,삼척시,0.5
12869,경기도,안산시,0.5
12869,경기도,양평군,0.5
12870,경상남도,창원시,1.0
12871,경상남도,거제시,1.0
12872,경상북도,경주시,1.0
12874,경상북도,문경시,1.0
12877,강원도,철원군,1.0
12878,강원도,강릉시,1.0
12879,경상남도,양산시,1.0
12880,경기도,안양시,1.0
12881,강원도,강릉시,1.0
12882,충청남도,예산군,1.0
12883,강원도,철원군,1.0
12884,전라남도,순천시,1.0
12885,강원도,강릉시,1.0
12886,경기도,용인시,1.0
12887,제주도,서귀포시(시내동),0.5
12887,제주도,제주시(시내동),0.5
12888,제주도,구좌읍,1.0
12889,제주도,애월읍,0.3333333333333333
12889,제주도,제주시(시내동),0.3333333333333333
12889,제주도,조천읍,0.3333333333333333
12890,전라남도,목포시,0.2
12890,전라남도,보성군,0.2
12890,전라남도,여수시,0.2
12890,전라남도,진도군,0.2
12890,전라남도,해남군,0.2
12891,경상북도,경주시,1.0
12892,경상북도,봉화군,1.0
12893,전라북도,익산시,0.5
12893,전라북도,정읍시,0.5
12895,충청북도,제천시,1.0
12897,제주도,서귀포시(시내동),0.5
12897,제주도,제주시(시내동),0.5
12900,충청남도,천안시,1.0
12901,충청남도,태안군,1.0
12902,충청남도,당진시,1.0
12903,충청남도,예산군,1.0
12905,경기도,평택시,1.0
12906,전라북도,부안군,1.0
12907,강원도,강릉시,1.0
12908,강원도,강릉시,1.0
12909,경기도,포천시,1.0
12910,전라북도,전주시,1.0
12912,제주도,애월읍,0.3333333333333333
12912,제주도,제주시(시내동),0.3333333333333333
12912,제주도,조천읍,0.3333333333333333
12913,충청남도,태안군,1.0
12914,충청북도,보은군,1.0
12915,제주도,제주시(시내동),1.0
12916,강원도,동해시,1.0
12917,경기도,용인시,1.0
12918,강원도,강릉시,1.0
12919,강원도,강릉시,0.5
12919,강원도,속초시,0.5
12920,충청남도,보령시,1.0
12921,경상북도,울진군,1.0
12922,강원도,삼척시,0.3333333333333333
12922,강원도,태백시,0.3333333333333333
12922,강원도,화천군,0.3333333333333333
12923,강원도,강릉시,1.0
12924,경기도,화성시,1.0
12927,경기도,수원시,1.0
12928,전라남도,나주시,1.0
12929,강원도,속초시,1.0
12930,경상북도,울릉군,1.0
12931,전라북도,부안군,1.0
12932,강원도,강릉시,0.5
12932,강원도,고성군,0.5
12933,강원도,춘천시,1.0
12934,충청남도,논산시,1.0
12936,전라남도,무안군,1.0
12937,강원도,고성군,0.5
12937,강원도,속초시,0.5
12938,경상북도,청도군,1.0
12939,강원도,양양군,1.0
12940,충청남도,예산군,1.0
12943,경상남도,거제시,1.0
12944,강원도,강릉시,0.5
12944,강원도,속초시,0.5
12945,강원도,동해시,1.0
12946,경상남도,산청군,0.3333333333333333
12946,경상남도,함양군,0.3333333333333333
12946,경상남도,합천군,0.3333333333333333
12948,경기도,가평군,1.0
12949,경상남도,진주시,1.0
12953,충청남도,서산시,1.0
12954,경상북도,경주시,1.0
12955,강원도,영월군,1.0
12956,경기도,가평군,1.0
12959,제주도,남원읍,0.25
12959,제주도,안덕면,0.25
12959,제주도,애월읍,0.25
12959,제주도,제주시(시내동),0.25
12960,강원도,고성군,1.0
12962,강원도,삼척시,1.0
12963,강원도,춘천시,1.0
12964,전라남도,고흥군,0.5
12964,전라남도,순천시,0.5
12966,강원도,고성군,1.0
12967,전라북도,익산시,1.0
12968,경상남도,양산시,1.0
12969,전라북도,부안군,1.0
12970,강원도,강릉시,1.0
12972,강원도,양양군,1.0
12974,경기도,가평군,0.5
12974,경기도,수원시,0.5
12975,충청남도,보령시,1.0
12976,충청남도,금산군,1.0
12977,경상북도,경주시,1.0
12980,경기도,가평군,1.0
12981,강원도,속초시,1.0
12982,강원도,태백시,1.0
12983,강원도,동해시,1.0
12984,충청남도,세종특별자치시,1.0
12985,충청남도,태안군,1.0
12986,전라남도,고흥군,1.0
12987,전라북도,남원시,1.0
12989,경상남도,함양군,1.0
12990,강원도,횡성군,1.0
12991,강원도,고성군,1.0
12992,강원도,속초시,1.0
12993,제주도,안덕면,1.0
12994,제주도,추자면,1.0
12995,충청남도,홍성군,1.0
12996,경상남도,밀양시,1.0
12997,경상남도,함양군,1.0
12998,경상남도,함양군,1.0
12999,전라북도,익산시,1.0
13002,강원도,태백시,1.0
13003,강원도,속초시,1.0
13004,경상북도,울진군,1.0
13005,강원도,정선군,1.0
13006,충청북도,단양군,1.0
13007,전라북도,부안군,1.0
13008,충청남도,공주시,0.5
13008,충청남도,부여군,0.5
13009,충청남도,세종특별자치시,1.0
13010,경상남도,의령군,1.0
13012,강원도,삼척시,1.0
13014,경기도,가평군,0.5
13014,경기도,양평군,0.5
13015,강원도,강릉시,1.0
13016,충청북도,제천시,1.0
13017,경기도,김포시,1.0
13019,강원도,삼척시,1.0
13023,충청남도,계룡시,1.0
13024,경상북도,울릉군,1.0
13025,전라북도,고창군,1.0
13026,강원도,속초시,1.0
13027,제주도,애월읍,1.0
13028,경기도,화성시,1.0
13029,전라남도,담양군,1.0
13032,경상북도,영덕군,1.0
13033,전라남도,해남군,1.0
13034,경기도,가평군,1.0
13035,경기도,수원시,1.0
13036,강원도,원주시,1.0
13038,경상북도,경주시,1.0
13043,제주도,서귀포시(시내동),1.0
13044,경기도,파주시,1.0
13047,강원도,동해시,1.0
13048,강원도,강릉시,1.0
13049,전라남도,여수시,1.0
13051,강원도,횡성군,1.0
13052,전라남도,목포시,1.0
13053,경상북도,포항시,1.0
13055,전라북도,완주군,1.0
13056,경기도,가평군,0.5
13056,경기도,남양주시,0.5
13058,충청남도,태안군,1.0
13061,강원도,속초시,1.0
13062,경상남도,함양군,1.0
13063,강원도,속초시,1.0
13065,강원도,강릉시,0.3333333333333333
13065,강원도,동해시,0.3333333333333333
13065,강원도,속초시,0.3333333333333333
13069,전라남도,장흥군,0.5
13069,전라남도,진도군,0.5
13071,경상남도,사천시,1.0
13072,경기도,양평군,0.3333333333333333
13072,경기도,연천군,0.3333333333333333
13072,경기도,포천시,0.3333333333333333
13074,전라남도,목포시,0.5
13074,전라남도,신안군,0.5
13075,경기도,가평군,0.5
13075,경기도,포천시,0.5
13076,강원도,속초시,1.0
13077,강원도,고성군,1.0
13078,강원도,속초시,1.0
13079,경기도,양평군,1.0
13080,경기도,양평군,1.0
13081,전라남도,순천시,1.0
13082,충청남도,논산시,1.0
13083,경기도,양평군,1.0
13084,제주도,서귀포시(시내동),0.5
13084,제주도,제주시(시내동),0.5
13085,전라북도,남원시,0.3333333333333333
13085,전라북도,순창군,0.3333333333333333
13085,전라북도,임실군,0.3333333333333333
13087,전라남도,여수시,1.0
13088,충청북도,증평군,1.0
13089,충청북도,옥천군,1.0
13090,강원도,고성군,1.0
13091,충청북도,영동군,0.5
13091,충청북도,옥천군,0.5
13092,경상남도,진주시,1.0
13095,강원도,속초시,1.0
13096,충청북도,진천군,1.0
13097,경상남도,통영시,1.0
13099,경상남도,거제시,0.5
13099,경상남도,통영시,0.5
13100,전라북도,고창군,1.0
13101,충청북도,제천시,1.0
13102,충청북도,제천시,1.0
13103,제주도,구좌읍,0.125
13103,제주도,남원읍,0.125
13103,제주도,서귀포시(시내동),0.125
13103,제주도,성산읍,0.125
13103,제주도,애월읍,0.125
13103,제주도,우도면,0.125
13103,제주도,제주시(시내동),0.125
13103,제주도,표선면,0.125
13105,경상북도,안동시,1.0
13106,경상남도,통영시,1.0
13108,제주도,애월읍,0.5
13108,제주도,한림읍,0.5
13110,강원도,속초시,1.0
13111,경상북도,영덕군,1.0
13113,충청남도,보령시,1.0
13115,강원도,인제군,0.5
13115,강원도,횡성군,0.5
13117,경상남도,밀양시,1.0
13118,경상북도,문경시,1.0
13119,제주도,서귀포시(시내동),1.0
13121,강원도,강릉시,1.0
13122,경기도,양주시,1.0
13124,경상남도,통영시,1.0
13126,전라북도,군산시,1.0
13127,경상북도,울진군,1.0
13129,경상남도,통영시,1.0
13130,경상북도,경주시,1.0
13131,경상북도,포항시,1.0
13133,충청남도,서산시,0.5
13133,충청남도,태안군,0.5
13134,경기도,화성시,1.0
13135,강원도,화천군,1.0
13136,강원도,삼척시,1.0
13138,경상북도,문경시,1.0
13141,제주도,서귀포시(시내동),0.14285714285714285
13141,제주도,성산읍,0.14285714285714285
13141,제주도,안덕면,0.14285714285714285
13141,제주도,애월읍,0.14285714285714285
13141,제주도,조천읍,0.14285714285714285
13141,제주도,한경면,0.14285714285714285
13141,제주도,한림읍,0.14285714285714285
13142,전라남도,여수시,1.0
13143,충청남도,아산시,1.0
13144,강원도,강릉시,0.5
13144,강원도,횡성군,0.5
13145,전라남도,나주시,0.3333333333333333
13145,전라남도,신안군,0.3333333333333333
13145,전라남도,해남군,0.3333333333333333
13147,강원도,강릉시,0.5
13147,강원도,삼척시,0.5
13148,강원도,강릉시,0.25
13148,강원도,속초시,0.25
13148,강원도,양양군,0.25
13148,강원도,정선군,0.25
13149,강원도,원주시,1.0
13152,강원도,속초시,1.0
13154,전라남도,나주시,1.0
13157,강원도,원주시,1.0
13158,제주도,대정읍,0.25
13158,제주도,성산읍,0.25
13158,제주도,우도면,0.25
13158,제주도,한림읍,0.25
13160,충청남도,공주시,1.0
13161,강원도,강릉시,1.0
13163,전라북도,장수군,1.0
13164,충청남도,보령시,1.0
13165,경상남도,창원시,1.0
13166,경상북도,성주군,1.0
13167,강원도,고성군,1.0
13168,강원도,평창군,1.0
13170,경상북도,경주시,1.0
13172,강원도,동해시,1.0
13173,경상남도,합천군,1.0
13175,제주도,애월읍,1.0
13176,충청남도,보령시,1.0
13177,충청북도,음성군,0.5
13177,충청북도,제천시,0.5
13178,충청남도,부여군,1.0
13179,제주도,서귀포시(시내동),1.0
13180,경상북도,영덕군,1.0
13181,전라남도,목포시,0.3333333333333333
13181,전라남도,진도군,0.3333333333333333
13181,전라남도,해남군,0.3333333333333333
13182,충청남도,서산시,1.0
13183,강원도,속초시,1.0
13185,강원도,강릉시,1.0
13186,충청남도,청양군,1.0
13188,강원도,속초시,1.0
13189,강원도,고성군,1.0
13190,강원도,동해시,1.0
13191,제주도,제주시(시내동),1.0
13193,경상남도,김해시,1.0
13194,충청남도,공주시,0.5
13194,충청남도,서천군,0.5
13195,강원도,평창군,0.5
13195,강원도,횡성군,0.5
13196,경기도,가평군,1.0
13197,경상남도,거제시,1.0
13198,강원도,동해시,0.3333333333333333
13198,강원도,삼척시,0.3333333333333333
13198,강원도,홍천군,0.3333333333333333
13199,충청북도,괴산군,0.5
13199,충청북도,단양군,0.5
13200,경상남도,남해군,1.0
13202,전라남도,여수시,1.0
13203,전라남도,담양군,1.0
13204,강원도,강릉시,1.0
13205,강원도,속초시,1.0
13206,강원도,속초시,1.0
13207,전라남도,목포시,0.5
13207,전라남도,여수시,0.5
13208,강원도,원주시,1.0
13209,경상남도,하동군,1.0
13210,경상북도,울진군,1.0
13211,경상북도,포항시,1.0
13212,경상남도,거제시,0.5
13212,경상남도,창원시,0.5
13213,전라북도,군산시,1.0
13214,경기도,가평군,1.0
13215,경상남도,진주시,0.5
13215,경상남도,창원시,0.5
13216,경기도,성남시,1.0
13217,충청남도,공주시,1.0
13219,강원도,속초시,1.0
13220,강원도,양양군,1.0
13222,제주도,서귀포시(시내동),0.2
13222,제주도,성산읍,0.2
13222,제주도,애월읍,0.2
13222,제주도,제주시(시내동),0.2
13222,제주도,조천읍,0.2
13224,강원도,강릉시,1.0
13225,경기도,포천시,1.0
13226,강원도,속초시,1.0
13227,경상남도,창녕군,1.0
13228,경상북도,구미시,1.0
13231,경상북도,안동시,1.0
13232,충청북도,괴산군,1.0
13234,강원도,강릉시,1.0
13235,경상남도,통영시,1.0
13236,충청남도,서산시,0.5
13236,충청남도,아산시,0.5
13237,제주도,표선면,1.0
13239,강원도,춘천시,1.0
13240,제주도,성산읍,0.5
13240,제주도,한경면,0.5
13241,전라북도,군산시,1.0
13245,전라북도,고창군,1.0
13246,제주도,조천읍,1.0
13247,경기도,부천시,1.0
13248,충청북도,제천시,1.0
13249,제주도,애월읍,1.0
13252,충청남도,예산군,1.0
13253,강원도,강릉시,1.0
13254,강원도,평창군,1.0
13255,강원도,동해시,0.5
13255,강원도,삼척시,0.5
13256,경상남도,남해군,1.0
13258,전라북도,장수군,1.0
13259,전라북도,군산시,1.0
13260,강원도,양양군,1.0
13261,강원도,정선군,1.0
13264,경상남도,진주시,0.3333333333333333
13264,경상남도,통영시,0.3333333333333333
13264,경상남도,하동군,0.3333333333333333
13267,강원도,강릉시,1.0
13268,충청남도,보령시,1.0
13269,제주도,구좌읍,0.25
13269,제주도,성산읍,0.25
13269,제주도,안덕면,0.25
13269,제주도,제주시(시내동),0.25
13271,강원도,동해시,1.0
13272,경상북도,경주시,1.0
13273,강원도,춘천시,1.0
13274,경기도,용인시,1.0
13275,충청북도,단양군,1.0
13276,경상남도,거제시,1.0
13277,제주도,서귀포시(시내동),0.2
13277,제주도,성산읍,0.2
13277,제주도,애월읍,0.2
13277,제주도,제주시(시내동),0.2
13277,제주도,조천읍,0.2
13278,경상북도,포항시,1.0
13279,경상북도,영양군,1.0
13281,강원도,동해시,1.0
13282,강원도,강릉시,0.5
13282,강원도,속초시,0.5
13284,강원도,고성군,1.0
13285,강원도,속초시,1.0
13286,강원도,속초시,1.0
13287,전라남도,목포시,1.0
13288,경상남도,거제시,1.0
13289,전라남도,장흥군,1.0
13292,경상북도,청송군,1.0
13293,강원도,강릉시,0.5
13293,강원도,양양군,0.5
13294,강원도,동해시,1.0
13296,경상북도,구미시,0.5
13296,경상북도,김천시,0.5
13297,경상북도,포항시,1.0
13298,강원도,강릉시,0.25
13298,강원도,고성군,0.25
13298,강원도,동해시,0.25
13298,강원도,속초시,0.25
13299,강원도,강릉시,1.0
13300,강원도,강릉시,1.0
13301,강원도,태백시,1.0
13302,경상북도,안동시,0.5
13302,경상북도,청송군,0.5
13303,경상북도,울릉군,1.0
13305,강원도,태백시,1.0
13306,충청남도,보령시,1.0
13308,제주도,애월읍,1.0
13310,경상북도,김천시,1.0
13311,강원도,영월군,0.3333333333333333
13311,강원도,춘천시,0.3333333333333333
13311,강원도,평창군,0.3333333333333333
13313,경상남도,합천군,1.0
13314,경상북도,경주시,1.0
13315,충청북도,단양군,1.0
13316,강원도,홍천군,1.0
13318,강원도,정선군,1.0
13321,강원도,원주시,0.5
13321,강원도,춘천시,0.5
13324,전라남도,여수시,1.0
13325,경상북도,경주시,0.3333333333333333
13325,경상북도,안동시,0.3333333333333333
13325,경상북도,영주시,0.3333333333333333
13327,전라남도,고흥군,0.3333333333333333
13327,전라남도,목포시,0.3333333333333333
13327,전라남도,장흥군,0.3333333333333333
13328,충청남도,예산군,1.0
13329,경기도,포천시,1.0
13330,경기도,광주시,1.0
13332,강원도,강릉시,0.5
13332,강원도,동해시,0.5
13333,경기도,성남시,1.0
13334,전라남도,보성군,1.0
13336,경기도,수원시,1.0
13337,전라남도,여수시,1.0
13338,경기도,용인시,1.0
13339,강원도,원주시,1.0
13341,충청북도,제천시,1.0
13342,전라남도,목포시,0.3333333333333333
13342,전라남도,순천시,0.3333333333333333
13342,전라남도,여수시,0.3333333333333333
13343,강원도,강릉시,1.0
13344,제주도,성산읍,1.0
13345,전라남도,곡성군,0.5
13345,전라남도,화순군,0.5
13346,강원도,강릉시,1.0
13348,경기도,가평군,1.0
13349,경상남도,산청군,1.0
13350,경상북도,구미시,0.5
13350,경상북도,포항시,0.5
13351,경상북도,청송군,1.0
13352,경기도,성남시,1.0
13353,경상북도,경주시,1.0
13354,경상남도,거제시,1.0
13355,경상남도,거제시,1.0
13356,경상북도,경주시,1.0
13357,강원도,강릉시,0.25
13357,강원도,속초시,0.25
13357,강원도,양양군,0.25
13357,강원도,평창군,0.25
13360,충청북도,단양군,1.0
13362,경상북도,영덕군,1.0
13363,전라남도,담양군,0.5
13363,전라남도,순천시,0.5
13365,충청남도,예산군,1.0
13367,제주도,애월읍,0.3333333333333333
13367,제주도,제주시(시내동),0.3333333333333333
13367,제주도,한림읍,0.3333333333333333
13368,충청남도,천안시,1.0
13369,전라북도,군산시,0.5
13369,전라북도,부안군,0.5
13371,경상북도,경주시,1.0
13372,강원도,정선군,1.0
13376,충청북도,충주시(구 청원군 포함),1.0
13377,충청남도,세종특별자치시,1.0
13378,충청남도,천안시,1.0
13379,강원도,강릉시,0.3333333333333333
13379,강원도,속초시,0.3333333333333333
13379,강원도,양양군,0.3333333333333333
13380,전라남도,구례군,1.0
13386,전라북도,전주시,1.0
13387,전라남도,순천시,0.5
13387,전라남도,여수시,0.5
13388,강원도,평창군,1.0
13389,경기도,가평군,1.0
13394,경상북도,봉화군,1.0
13396,제주도,서귀포시(시내동),0.25
13396,제주도,애월읍,0.25
13396,제주도,제주시(시내동),0.25
13396,제주도,한림읍,0.25
13397,충청남도,보령시,1.0
13401,경상북도,영덕군,1.0
13404,경상남도,양산시,1.0
13405,충청남도,당진시,1.0
13407,경상북도,문경시,1.0
13408,전라남도,고흥군,0.5
13408,전라남도,목포시,0.5
13409,강원도,춘천시,1.0
13411,경상북도,봉화군,0.2
13411,경상북도,영주시,0.2
13411,경상북도,예천군,0.2
13411,경상북도,울릉군,0.2
13411,경상북도,의성군,0.2
13413,경기도,가평군,1.0
13414,강원도,춘천시,1.0
13415,전라북도,임실군,1.0
13417,전라북도,군산시,0.5
13417,전라북도,전주시,0.5
13419,전라북도,전주시,1.0
13420,전라남도,담양군,1.0
13422,제주도,제주시(시내동),1.0
13423,제주도,구좌읍,0.1111111111111111
13423,제주도,대정읍,0.1111111111111111
13423,제주도,서귀포시(시내동),0.1111111111111111
13423,제주도,성산읍,0.1111111111111111
13423,제주도,안덕면,0.1111111111111111
13423,제주도,애월읍,0.1111111111111111
13423,제주도,조천읍,0.1111111111111111
13423,제주도,한경면,0.1111111111111111
13423,제주도,한림읍,0.1111111111111111
13424,경상북도,문경시,1.0
13427,충청남도,홍성군,1.0
13429,제주도,제주시(시내동),1.0
13430,전라북도,군산시,1.0
13431,경기도,포천시,1.0
13433,강원도,강릉시,1.0
13434,강원도,속초시,0.5
13434,강원도,양양군,0.5
13435,전라남도,목포시,1.0
13436,전라남도,무안군,0.5
13436,전라남도,여수시,0.5
13437,제주도,서귀포시(시내동),1.0
13438,경기도,파주시,1.0
13439,제주도,서귀포시(시내동),0.3333333333333333
13439,제주도,애월읍,0.3333333333333333
13439,제주도,제주시(시내동),0.3333333333333333
13440,강원도,양양군,1.0
13441,강원도,속초시,1.0
13443,제주도,제주시(시내동),0.5
13443,제주도,조천읍,0.5
13444,전라남도,진도군,1.0
13445,전라북도,남원시,1.0
13446,충청남도,서산시,1.0
13447,강원도,고성군,0.5
13447,강원도,홍천군,0.5
13448,전라남도,고흥군,1.0
13449,경기도,양주시,1.0
13450,강원도,고성군,1.0
13452,제주도,구좌읍,0.2
13452,제주도,성산읍,0.2
13452,제주도,애월읍,0.2
13452,제주도,제주시(시내동),0.2
13452,제주도,조천읍,0.2
13453,강원도,양양군,1.0
13454,경기도,파주시,1.0
13455,강원도,철원군,0.5
13455,강원도,춘천시,0.5
13456,제주도,서귀포시(시내동),0.5
13456,제주도,안덕면,0.5
13457,전라남도,여수시,1.0
13458,전라남도,순천시,0.3333333333333333
13458,전라남도,완도군,0.3333333333333333
13458,전라남도,진도군,0.3333333333333333
13459,경상남도,통영시,1.0
13461,제주도,안덕면,1.0
13462,경기도,의왕시,1.0
13463,전라북도,김제시,1.0
13464,강원도,횡성군,1.0
13465,강원도,양구군,1.0
13467,충청남도,홍성군,1.0
13468,강원도,속초시,1.0
13472,전라북도,정읍시,1.0
13473,전라남도,곡성군,0.5
13473,전라남도,장성군,0.5
13474,경상북도,경주시,1.0
13475,충청남도,보령시,0.5
13475,충청남도,서천군,0.5
13476,강원도,정선군,1.0
13477,제주도,제주시(시내동),1.0
13479,경기도,의왕시,1.0
13480,충청북도,제천시,1.0
13481,제주도,구좌읍,0.125
13481,제주도,서귀포시(시내동),0.125
13481,제주도,성산읍,0.125
13481,제주도,애월읍,0.125
13481,제주도,조천읍,0.125
13481,제주도,표선면,0.125
13481,제주도,한경면,0.125
13481,제주도,한림읍,0.125
13483,강원도,강릉시,1.0
13484,전라북도,진안군,1.0
13485,강원도,강릉시,0.2
13485,강원도,동해시,0.2
13485,강원도,속초시,0.2
13485,강원도,양양군,0.2
13485,강원도,평창군,0.2
13488,경상북도,경주시,1.0
13489,충청남도,태안군,1.0
13490,경상남도,밀양시,1.0
13491,경상북도,영덕군,1.0
13492,충청남도,당진시,0.5
13492,충청남도,서산시,0.5
13495,강원도,춘천시,1.0
13496,경상남도,거제시,0.5
13496,경상남도,통영시,0.5
13497,제주도,애월읍,0.3333333333333333
13497,제주도,한경면,0.3333333333333333
13497,제주도,한림읍,0.3333333333333333
13498,경기도,양평군,1.0
13499,전라남도,보성군,1.0
13500,경상남도,거제시,1.0
13501,강원도,평창군,1.0
13502,강원도,강릉시,1.0
13503,강원도,평창군,1.0
13504,충청남도,당진시,0.3333333333333333
13504,충청남도,보령시,0.3333333333333333
13504,충청남도,서산시,0.3333333333333333
13508,경상북도,고령군,0.5
13508,경상북도,문경시,0.5
13510,전라북도,남원시,1.0
13512,경상남도,고성군,0.5
13512,경상남도,남해군,0.5
13513,강원도,영월군,1.0
13515,충청북도,제천시,1.0
13516,경상북도,경주시,1.0
13517,제주도,서귀포시(시내동),1.0
13518,강원도,원주시,1.0
13519,충청남도,공주시,0.3333333333333333
13519,충청남도,부여군,0.3333333333333333
13519,충청남도,서천군,0.3333333333333333
13520,전라남도,순천시,0.5
13520,전라남도,여수시,0.5
13521,경기도,동두천시,1.0
13522,강원도,속초시,1.0
13523,전라북도,남원시,1.0
13524,강원도,강릉시,1.0
13526,강원도,고성군,1.0
13527,전라북도,남원시,1.0
13529,전라북도,전주시,1.0
13530,강원도,양양군,1.0
13531,경상남도,양산시,1.0
13532,제주도,제주시(시내동),1.0
13533,전라북도,정읍시,1.0
13534,전라남도,나주시,1.0
13535,경상북도,구미시,1.0
13536,경상남도,김해시,1.0
13538,강원도,강릉시,1.0
13539,제주도,제주시(시내동),1.0
13540,경기도,파주시,1.0
13541,강원도,속초시,1.0
13542,제주도,서귀포시(시내동),0.25
13542,제주도,성산읍,0.25
13542,제주도,제주시(시내동),0.25
13542,제주도,표선면,0.25
13545,강원도,속초시,1.0
13546,전라남도,화순군,1.0
13547,강원도,속초시,1.0
13548,충청남도,보령시,1.0
13549,충청남도,보령시,1.0
13552,경상남도,밀양시,0.5
13552,경상남도,양산시,0.5
13553,강원도,속초시,0.5
13553,강원도,양양군,0.5
13554,경기도,양평군,1.0
13555,경상남도,산청군,1.0
13556,강원도,속초시,1.0
13557,경상북도,포항시,1.0
13558,충청남도,보령시,1.0
13559,전라북도,부안군,1.0
13561,강원도,춘천시,1.0
13564,경기도,광주시,1.0
13565,전라북도,부안군,1.0
13566,경기도,김포시,1.0
13568,강원도,강릉시,1.0
13570,경상남도,창녕군,1.0
13571,전라북도,군산시,1.0
13573,제주도,구좌읍,0.3333333333333333
13573,제주도,성산읍,0.3333333333333333
13573,제주도,제주시(시내동),0.3333333333333333
13574,전라남도,목포시,0.5
13574,전라남도,여수시,0.5
13576,강원도,인제군,1.0
13578,경기도,시흥시,1.0
13581,제주도,서귀포시(시내동),0.25
13581,제주도,애월읍,0.25
13581,제주도,제주시(시내동),0.25
13581,제주도,추자면,0.25
13582,전라북도,전주시,1.0
13583,전라남도,여수시,1.0
13584,강원도,양양군,1.0
13585,충청북도,제천시,1.0
13586,전라북도,무주군,1.0
13588,경기도,과천시,1.0
13592,강원도,고성군,1.0
13593,충청남도,아산시,1.0
13595,충청북도,단양군,1.0
13597,전라남도,목포시,1.0
13598,제주도,안덕면,1.0
13599,강원도,원주시,1.0
13600,강원도,삼척시,1.0
13601,충청북도,청주시,1.0
13602,경상남도,밀양시,0.5
13602,경상남도,사천시,0.5
13603,강원도,속초시,1.0
13605,강원도,원주시,1.0
13606,전라남도,해남군,1.0
13608,경기도,남양주시,0.5
13608,경기도,하남시,0.5
13610,강원도,양양군,1.0
13611,제주도,구좌읍,1.0
13612,충청북도,영동군,1.0
13613,경기도,양평군,1.0
13614,경상북도,포항시,1.0
13615,제주도,성산읍,0.5
13615,제주도,애월읍,0.5
13616,충청남도,예산군,1.0
13620,전라남도,강진군,0.3333333333333333
13620,전라남도,완도군,0.3333333333333333
13620,전라남도,장흥군,0.3333333333333333
13621,충청북도,음성군,1.0
13622,제주도,애월읍,1.0
13623,전라북도,남원시,1.0
13625,전라북도,무주군,1.0
13626,충청북도,제천시,0.5
13626,충청북도,충주시(구 청원군 포함),0.5
13628,충청남도,태안군,1.0
13629,강원도,고성군,1.0
13630,강원도,강릉시,0.5
13630,강원도,속초시,0.5
13631,강원도,강릉시,0.3333333333333333
13631,강원도,동해시,0.3333333333333333
13631,강원도,삼척시,0.3333333333333333
13632,전라북도,부안군,1.0
13633,제주도,제주시(시내동),1.0
13635,제주도,서귀포시(시내동),0.3333333333333333
13635,제주도,애월읍,0.3333333333333333
13635,제주도,제주시(시내동),0.3333333333333333
13636,강원도,강릉시,0.3333333333333333
13636,강원도,속초시,0.3333333333333333
13636,강원도,양양군,0.3333333333333333
13637,경상남도,통영시,1.0
13638,경상북도,영덕군,1.0
13639,강원도,강릉시,1.0
13641,경상북도,안동시,0.5
13641,경상북도,청송군,0.5
13642,충청남도,계룡시,1.0
13643,강원도,홍천군,1.0
13644,전라남도,함평군,1.0
13645,경기도,김포시,0.3333333333333333
13645,경기도,안양시,0.3333333333333333
13645,경기도,의정부시,0.3333333333333333
13647,경기도,가평군,1.0
13648,충청북도,청주시,1.0
13649,경상북도,경주시,1.0
13650,경상남도,김해시,0.5
13650,경상남도,양산시,0.5
13651,충청남도,공주시,1.0
13653,강원도,철원군,1.0
13654,경상남도,거제시,0.5
13654,경상남도,통영시,0.5
13655,경상남도,창녕군,1.0
13656,전라남도,신안군,1.0
13658,전라남도,여수시,1.0
13659,강원도,동해시,0.25
13659,강원도,양양군,0.25
13659,강원도,영월군,0.25
13659,강원도,정선군,0.25
13660,강원도,평창군,1.0
13661,강원도,춘천시,1.0
13662,제주도,남원읍,1.0
13663,강원도,강릉시,1.0
13664,충청북도,충주시(구 청원군 포함),1.0
13665,전라남도,장흥군,1.0
13666,전라남도,완도군,1.0
13667,경기도,파주시,1.0
13668,충청남도,태안군,1.0
13669,강원도,양구군,0.5
13669,강원도,인제군,0.5
13670,강원도,인제군,1.0
13671,전라남도,순천시,1.0
13674,제주도,서귀포시(시내동),0.5
13674,제주도,애월읍,0.5
13675,충청남도,태안군,1.0
13677,경상남도,창원시,1.0
13678,전라북도,전주시,1.0
13679,제주도,제주시(시내동),1.0
13682,강원도,영월군,1.0
13683,충청북도,괴산군,1.0
13684,충청남도,보령시,1.0
13685,전라북도,부안군,1.0
13686,경상북도,포항시,1.0
13687,전라남도,강진군,0.3333333333333333
13687,전라남도,고흥군,0.3333333333333333
13687,전라남도,여수시,0.3333333333333333
13688,경상북도,울릉군,1.0
13689,강원도,고성군,1.0
13691,충청북도,청주시,1.0
13693,경기도,파주시,1.0
13694,강원도,평창군,1.0
13696,강원도,고성군,1.0
13697,강원도,동해시,1.0
13698,충청남도,서산시,1.0
13699,충청남도,천안시,1.0
13700,제주도,구좌읍,1.0
13702,강원도,강릉시,1.0
13704,제주도,성산읍,0.5
13704,제주도,제주시(시내동),0.5
13705,경기도,광명시,1.0
13707,제주도,서귀포시(시내동),1.0
13708,강원도,고성군,1.0
13709,경상북도,문경시,1.0
13710,강원도,속초시,1.0
13712,경상북도,안동시,0.25
13712,경상북도,영덕군,0.25
13712,경상북도,울진군,0.25
13712,경상북도,포항시,0.25
13715,경기도,파주시,1.0
13716,충청남도,당진시,0.5
13716,충청남도,보령시,0.5
13717,경기도,화성시,1.0
13718,강원도,동해시,0.5
13718,강원도,속초시,0.5
13720,경상북도,경주시,1.0
13721,강원도,고성군,1.0
13722,제주도,한경면,1.0
13723,경상남도,하동군,1.0
13724,강원도,강릉시,1.0
13725,충청북도,증평군,1.0
13726,전라북도,군산시,0.5
13726,전라북도,부안군,0.5
13727,강원도,동해시,1.0
13728,강원도,강릉시,1.0
13729,경상남도,통영시,1.0
13730,강원도,삼척시,1.0
13731,강원도,강릉시,1.0
13733,제주도,서귀포시(시내동),0.5
13733,제주도,안덕면,0.5
13734,전라북도,부안군,1.0
13736,전라북도,전주시,1.0
13737,충청북도,제천시,1.0
13738,경상북도,경주시,0.3333333333333333
13738,경상북도,구미시,0.3333333333333333
13738,경상북도,상주시,0.3333333333333333
13739,제주도,서귀포시(시내동),0.5
13739,제주도,조천읍,0.5
13740,제주도,애월읍,1.0
13742,전라남도,여수시,1.0
13743,강원도,고성군,0.5
13743,강원도,속초시,0.5
13744,전라남도,담양군,1.0
13746,경상북도,문경시,1.0
13747,충청남도,계룡시,0.5
13747,충청남도,논산시,0.5
13748,전라남도,여수시,1.0
13749,전라북도,익산시,1.0
13751,경기도,포천시,1.0
13752,강원도,속초시,1.0
13754,경기도,시흥시,1.0
13755,강원도,원주시,1.0
13756,전라남도,여수시,1.0
13757,경기도,오산시,1.0
13760,충청북도,제천시,1.0
13762,충청남도,세종특별자치시,1.0
13763,경기도,하남시,1.0
13767,전라북도,무주군,0.5
13767,전라북도,진안군,0.5
13769,경기도,포천시,1.0
13770,경기도,오산시,1.0
13771,전라남도,광양시,0.5
13771,전라남도,여수시,0.5
13773,경상북도,영덕군,0.5
13773,경상북도,포항시,0.5
13774,강원도,강릉시,1.0
13775,충청북도,옥천군,1.0
13776,경상남도,남해군,1.0
13777,충청남도,태안군,1.0
13778,경상북도,청송군,1.0
13779,경상남도,남해군,1.0
13780,제주도,서귀포시(시내동),0.25
13780,제주도,성산읍,0.25
13780,제주도,애월읍,0.25
13780,제주도,한림읍,0.25
13781,충청북도,단양군,1.0
13782,경상북도,경주시,1.0
13783,강원도,동해시,1.0
13784,제주도,애월읍,0.5
13784,제주도,우도면,0.5
13785,경기도,안성시,1.0
13787,제주도,서귀포시(시내동),0.1111111111111111
13787,제주도,성산읍,0.1111111111111111
13787,제주도,안덕면,0.1111111111111111
13787,제주도,애월읍,0.1111111111111111
13787,제주도,제주시(시내동),0.1111111111111111
13787,제주도,조천읍,0.1111111111111111
13787,제주도,표선면,0.1111111111111111
13787,제주도,한경면,0.1111111111111111
13787,제주도,한림읍,0.1111111111111111
13788,강원도,속초시,1.0
13790,강원도,강릉시,1.0
13796,제주도,대정읍,0.25
13796,제주도,서귀포시(시내동),0.25
13796,제주도,성산읍,0.25
13796,제주도,제주시(시내동),0.25
13798,제주도,제주시(시내동),1.0
13799,제주도,구좌읍,0.3333333333333333
13799,제주도,제주시(시내동),0.3333333333333333
13799,제주도,조천읍,0.3333333333333333
13800,제주도,서귀포시(시내동),1.0
13801,경상북도,울진군,1.0
13802,강원도,영월군,1.0
13803,충청남도,공주시,1.0
13805,강원도,강릉시,1.0
13806,경상북도,경주시,1.0
13808,경기도,화성시,1.0
13811,강원도,홍천군,1.0
13812,경상남도,밀양시,1.0
13813,경상남도,통영시,1.0
13814,경기도,안산시,1.0
13817,경기도,고양시,0.3333333333333333
13817,경기도,남양주시,0.3333333333333333
13817,경기도,수원시,0.3333333333333333
13818,제주도,애월읍,1.0
13819,경상북도,경주시,1.0
13820,강원도,양양군,1.0
13821,경기도,안산시,1.0
13823,전라남도,여수시,1.0
13824,경상북도,포항시,1.0
13828,제주도,제주시(시내동),1.0
13829,충청북도,충주시(구 청원군 포함),1.0
13830,충청북도,청주시,1.0
13831,강원도,강릉시,1.0
13832,전라북도,무주군,1.0
13833,제주도,애월읍,0.3333333333333333
13833,제주도,우도면,0.3333333333333333
13833,제주도,조천읍,0.3333333333333333
13834,경기도,안성시,1.0
13835,경기도,가평군,0.3333333333333333
13835,경기도,양평군,0.3333333333333333
13835,경기도,여주시,0.3333333333333333
13837,강원도,속초시,1.0
13838,강원도,강릉시,0.5
13838,강원도,속초시,0.5
13839,전라남도,광양시,0.25
13839,전라남도,구례군,0.25
13839,전라남도,순천시,0.25
13839,전라남도,여수시,0.25
13840,경상남도,통영시,1.0
13842,전라북도,전주시,1.0
13843,충청북도,청주시,1.0
13844,경기도,안산시,1.0
13845,충청남도,보령시,1.0
13846,강원도,영월군,1.0
13847,경기도,수원시,1.0
13848,경상북도,안동시,0.5
13848,경상북도,예천군,0.5
13849,강원도,강릉시,1.0
13850,충청북도,제천시,1.0
13851,강원도,태백시,1.0
13852,경상북도,경주시,1.0
13853,제주도,서귀포시(시내동),0.5
13853,제주도,제주시(시내동),0.5
13855,전라북도,익산시,1.0
13856,경상북도,상주시,1.0
13857,충청남도,천안시,1.0
13858,경기도,고양시,0.5
13858,경기도,파주시,0.5
13859,제주도,우도면,0.5
13859,제주도,한림읍,0.5
13860,경기도,연천군,1.0
13862,경상북도,경주시,1.0
13863,강원도,고성군,0.3333333333333333
13863,강원도,속초시,0.3333333333333333
13863,강원도,양양군,0.3333333333333333
13866,전라남도,여수시,1.0
13867,충청북도,단양군,1.0
13868,전라남도,신안군,1.0
13869,강원도,춘천시,1.0
13870,강원도,양양군,1.0
13871,전라남도,곡성군,0.3333333333333333
13871,전라남도,구례군,0.3333333333333333
13871,전라남도,순천시,0.3333333333333333
13872,경기도,이천시,0.5
13872,경기도,화성시,0.5
13876,전라남도,여수시,1.0
13877,강원도,속초시,1.0
13878,강원도,강릉시,0.3333333333333333
13878,강원도,속초시,0.3333333333333333
13878,강원도,양양군,0.3333333333333333
13879,경상남도,남해군,1.0
13881,경상남도,밀양시,1.0
13882,전라남도,영광군,0.5
13882,전라남도,장성군,0.5
13883,충청남도,천안시,1.0
13885,전라남도,목포시,1.0
13888,전라북도,부안군,1.0
13890,강원도,강릉시,1.0
13891,충청남도,태안군,1.0
13893,강원도,고성군,0.5
13893,강원도,속초시,0.5
13894,경상북도,예천군,1.0
13897,경기도,김포시,0.5
13897,경기도,화성시,0.5
13898,전라남도,여수시,1.0
13900,경상남도,김해시,0.5
13900,경상남도,하동군,0.5
13901,경기도,수원시,1.0
13902,강원도,고성군,0.5
13902,강원도,횡성군,0.5
13904,경기도,광주시,1.0
13905,경상남도,김해시,1.0
13906,경상남도,통영시,1.0
13907,전라남도,함평군,1.0
13908,경상남도,거제시,1.0
13909,전라남도,진도군,1.0
13910,경상북도,경주시,1.0
13911,경상북도,포항시,1.0
13912,충청남도,공주시,1.0
13913,강원도,속초시,1.0
13914,경기도,가평군,1.0
13915,강원도,강릉시,1.0
13916,전라남도,신안군,1.0
13918,충청북도,증평군,1.0
13921,경상남도,거제시,1.0
13923,경기도,오산시,1.0
13925,충청북도,보은군,1.0
13926,전라남도,여수시,0.5
13926,전라남도,영광군,0.5
13927,경기도,성남시,1.0
13929,전라남도,나주시,0.3333333333333333
13929,전라남도,목포시,0.3333333333333333
13929,전라남도,진도군,0.3333333333333333
13930,충청남도,보령시,1.0
13931,강원도,양양군,1.0
13932,경기도,광주시,0.5
13932,경기도,수원시,0.5
13933,전라남도,순천시,1.0
13934,경상북도,영덕군,1.0
13936,제주도,안덕면,1.0
13937,경상북도,청송군,1.0
13938,전라남도,목포시,1.0
13940,강원도,속초시,1.0
13941,충청남도,서천군,1.0
13943,충청북도,음성군,1.0
13944,강원도,춘천시,1.0
13945,전라남도,여수시,1.0
13946,강원도,춘천시,1.0
13947,강원도,강릉시,1.0
13948,강원도,춘천시,1.0
13949,경기도,안산시,1.0
13950,경기도,안산시,0.5
13950,경기도,평택시,0.5
13951,전라남도,화순군,1.0
13953,경상북도,경주시,1.0
13954,충청북도,제천시,1.0
13955,강원도,속초시,1.0
13956,경상남도,남해군,1.0
13957,강원도,정선군,1.0
13958,경상북도,경주시,1.0
13959,경기도,용인시,1.0
13962,경상남도,통영시,1.0
13963,강원도,속초시,1.0
13965,경기도,양평군,1.0
13966,제주도,서귀포시(시내동),0.3333333333333333
13966,제주도,우도면,0.3333333333333333
13966,제주도,제주시(시내동),0.3333333333333333
13967,전라북도,군산시,1.0
13968,경상북도,경주시,1.0
13969,충청북도,청주시,1.0
13970,경상북도,포항시,1.0
13971,제주도,서귀포시(시내동),1.0
13972,전라남도,순천시,1.0
13973,경상남도,함양군,1.0
13977,강원도,춘천시,1.0
13979,강원도,고성군,1.0
13980,강원도,양양군,1.0
13981,제주도,한경면,1.0
13982,경상북도,경주시,1.0
13983,경상남도,김해시,0.25
13983,경상남도,밀양시,0.25
13983,경상남도,사천시,0.25
13983,경상남도,창원시,0.25
13984,충청남도,보령시,1.0
13985,충청북도,청주시,1.0
13986,제주도,서귀포시(시내동),0.3333333333333333
13986,제주도,성산읍,0.3333333333333333
13986,제주도,제주시(시내동),0.3333333333333333
13987,경상남도,거제시,1.0
13988,강원도,속초시,1.0
13990,제주도,성산읍,0.5
13990,제주도,애월읍,0.5
13991,전라북도,군산시,1.0
13993,전라남도,여수시,1.0
13994,강원도,정선군,1.0
13996,경상북도,포항시,1.0
13997,충청북도,옥천군,1.0
13998,경기도,양평군,1.0
13999,경기도,의정부시,1.0
14001,경상북도,울릉군,1.0
14005,강원도,양양군,1.0
14006,강원도,양양군,1.0
14008,경상북도,안동시,0.5
14008,경상북도,영양군,0.5
14009,전라남도,곡성군,0.3333333333333333
14009,전라남도,나주시,0.3333333333333333
14009,전라남도,목포시,0.3333333333333333
14010,전라남도,여수시,1.0
14012,강원도,강릉시,1.0
14013,강원도,삼척시,1.0
14015,경상북도,울진군,1.0
14017,강원도,춘천시,1.0
14018,제주도,구좌읍,0.2
14018,제주도,대정읍,0.2
14018,제주도,제주시(시내동),0.2
14018,제주도,조천읍,0.2
14018,제주도,한경면,0.2
14019,경상남도,남해군,1.0
14020,강원도,강릉시,1.0
14022,전라남도,순천시,0.5
14022,전라남도,여수시,0.5
14023,제주도,서귀포시(시내동),1.0
14024,제주도,서귀포시(시내동),0.5
14024,제주도,애월읍,0.5
14025,경상북도,경주시,1.0
14026,경상북도,안동시,1.0
14027,강원도,속초시,1.0
14028,강원도,원주시,1.0
14030,충청남도,태안군,1.0
14032,경상남도,남해군,0.3333333333333333
14032,경상남도,사천시,0.3333333333333333
14032,경상남도,하동군,0.3333333333333333
14035,제주도,제주시(시내동),1.0
14036,강원도,강릉시,1.0
14038,경상남도,양산시,1.0
14041,전라북도,익산시,1.0
14042,강원도,강릉시,1.0
14046,경기도,가평군,1.0
14048,경상남도,통영시,1.0
14050,강원도,원주시,1.0
14051,충청남도,아산시,1.0
14055,충청북도,청주시,1.0
14057,경기도,화성시,1.0
14058,전라북도,정읍시,1.0
14060,충청북도,괴산군,1.0
14061,강원도,양양군,1.0
14062,강원도,속초시,1.0
14063,전라남도,곡성군,1.0
14064,경기도,수원시,1.0
14065,경기도,이천시,1.0
14067,강원도,영월군,1.0
14068,충청남도,태안군,1.0
14069,전라남도,화순군,1.0
14070,충청남도,서천군,1.0
14072,전라북도,군산시,1.0
14073,경기도,가평군,1.0
14076,경기도,용인시,1.0
14077,경상북도,영덕군,1.0
14079,강원도,원주시,1.0
14080,전라남도,여수시,1.0
14082,강원도,강릉시,1.0
14083,경상북도,포항시,1.0
14084,강원도,춘천시,1.0
14085,경상북도,경주시,1.0
14087,충청북도,단양군,1.0
14088,강원도,속초시,0.5
14088,강원도,양양군,0.5
14089,제주도,남원읍,0.5
14089,제주도,성산읍,0.5
14090,경상북도,예천군,1.0
14091,전라남도,해남군,1.0
14092,경상북도,포항시,1.0
14093,전라남도,목포시,0.5
14093,전라남도,해남군,0.5
14095,경기도,포천시,1.0
14096,강원도,철원군,1.0
14097,강원도,홍천군,1.0
14098,제주도,조천읍,1.0
14100,경상남도,통영시,0.5
14100,경상남도,하동군,0.5
14101,충청남도,홍성군,1.0
14103,충청남도,금산군,0.5
14103,충청남도,태안군,0.5
14104,충청남도,보령시,1.0
14106,전라남도,순천시,1.0
14107,충청북도,옥천군,0.5
14107,충청북도,청주시,0.5
14108,충청북도,단양군,1.0
14109,경기도,용인시,1.0
14110,충청북도,제천시,1.0
14111,강원도,속초시,1.0
14113,경상북도,문경시,1.0
14114,전라북도,부안군,0.5
14114,전라북도,정읍시,0.5
14115,강원도,원주시,1.0
14118,충청남도,공주시,1.0
14119,전라북도,군산시,1.0
14120,충청남도,홍성군,1.0
14121,경기도,수원시,0.5
14121,경기도,안양시,0.5
14122,경기도,화성시,1.0
14124,경상북도,구미시,1.0
14125,충청남도,부여군,1.0
14128,강원도,고성군,0.5
14128,강원도,속초시,0.5
14129,경상북도,울진군,1.0
14130,경상남도,함양군,1.0
14131,강원도,강릉시,0.5
14131,강원도,속초시,0.5
14133,전라남도,고흥군,0.16666666666666666
14133,전라남도,담양군,0.16666666666666666
14133,전라남도,목포시,0.16666666666666666
14133,전라남도,보성군,0.16666666666666666
14133,전라남도,신안군,0.16666666666666666
14133,전라남도,영광군,0.16666666666666666
14134,경기도,수원시,1.0
14135,강원도,강릉시,0.5
14135,강원도,동해시,0.5
14136,강원도,삼척시,1.0
14137,경기도,가평군,1.0
14139,경상남도,하동군,1.0
14140,제주도,애월읍,1.0
14141,충청북도,단양군,1.0
14142,경기도,화성시,1.0
14143,경상북도,경주시,1.0
14145,강원도,속초시,0.5
14145,강원도,정선군,0.5
14146,전라남도,여수시,1.0
14148,경기도,양주시,1.0
14149,경기도,용인시,0.5
14149,경기도,화성시,0.5
14150,강원도,홍천군,1.0
14152,전라북도,남원시,1.0
14153,강원도,강릉시,1.0
14156,강원도,강릉시,1.0
14157,강원도,속초시,1.0
14158,경상북도,영덕군,0.5
14158,경상북도,포항시,0.5
14159,경상남도,함안군,1.0
14162,강원도,춘천시,1.0
14164,경기도,동두천시,0.5
14164,경기도,포천시,0.5
14165,전라북도,군산시,1.0
14167,강원도,양구군,1.0
14168,제주도,애월읍,1.0
14170,경상남도,밀양시,1.0
14171,경기도,가평군,1.0
14172,강원도,강릉시,0.3333333333333333
14172,강원도,속초시,0.3333333333333333
14172,강원도,양양군,0.3333333333333333
14173,제주도,안덕면,0.5
14173,제주도,조천읍,0.5
14174,충청남도,청양군,1.0
14175,경기도,김포시,1.0
14176,경상남도,산청군,1.0
14178,경상북도,예천군,0.5
14178,경상북도,울진군,0.5
14179,경상남도,남해군,0.5
14179,경상남도,통영시,0.5
14180,강원도,강릉시,1.0
14181,충청남도,예산군,1.0
14182,경상북도,경주시,0.5
14182,경상북도,영천시,0.5
14183,경기도,가평군,1.0
14184,전라북도,무주군,1.0
14186,경상남도,김해시,1.0
14188,충청남도,천안시,1.0
14189,강원도,강릉시,1.0
14190,전라북도,무주군,1.0
14191,제주도,구좌읍,0.14285714285714285
14191,제주도,서귀포시(시내동),0.14285714285714285
14191,제주도,성산읍,0.14285714285714285
14191,제주도,애월읍,0.14285714285714285
14191,제주도,제주시(시내동),0.14285714285714285
14191,제주도,조천읍,0.14285714285714285
14191,제주도,한림읍,0.14285714285714285
14192,충청남도,천안시,1.0
14193,경기도,파주시,1.0
14196,경상북도,영덕군,1.0
14199,전라남도,담양군,1.0
14200,경상북도,안동시,1.0
14201,전라남도,여수시,1.0
14202,전라남도,여수시,1.0
14204,경상북도,포항시,1.0
14205,경상북도,예천군,1.0
14206,전라남도,여수시,1.0
14207,충청남도,공주시,1.0
14208,경상남도,통영시,1.0
14209,경기도,가평군,0.5
14209,경기도,안산시,0.5
14210,경상남도,밀양시,1.0
14211,충청남도,태안군,1.0
14212,경상북도,안동시,1.0
14213,경상북도,울릉군,1.0
14214,경기도,가평군,1.0
14215,전라남도,강진군,1.0
14216,제주도,서귀포시(시내동),1.0
14217,강원도,강릉시,0.3333333333333333
14217,강원도,원주시,0.3333333333333333
14217,강원도,정선군,0.3333333333333333
14218,전라남도,담양군,0.3333333333333333
14218,전라남도,보성군,0.3333333333333333
14218,전라남도,장흥군,0.3333333333333333
14219,경상남도,창원시,1.0
14220,강원도,양양군,1.0
14222,경상남도,함양군,1.0
14223,강원도,평창군,1.0
14224,제주도,애월읍,1.0
14225,강원도,고성군,1.0
14226,강원도,고성군,0.3333333333333333
14226,강원도,속초시,0.3333333333333333
14226,강원도,양양군,0.3333333333333333
14227,강원도,양양군,1.0
14228,전라북도,고창군,0.5
14228,전라북도,부안군,0.5
14230,전라남도,여수시,1.0
14232,충청남도,세종특별자치시,1.0
14233,강원도,강릉시,1.0
14234,강원도,평창군,1.0
14235,전라남도,나주시,1.0
14236,경기도,파주시,1.0
14237,전라북도,무주군,0.5
14237,전라북도,완주군,0.5
14238,제주도,서귀포시(시내동),1.0
14239,경상남도,거창군,1.0
14241,강원도,태백시,1.0
14242,전라남도,여수시,1.0
14243,경상남도,남해군,1.0
14244,강원도,양양군,1.0
14245,전라남도,여수시,1.0
14246,강원도,춘천시,1.0
14247,충청남도,세종특별자치시,1.0
14249,강원도,횡성군,1.0
14251,강원도,홍천군,1.0
14252,경상남도,밀양시,1.0
14253,충청남도,예산군,0.5
14253,충청남도,태안군,0.5
14254,전라남도,완도군,0.5
14254,전라남도,화순군,0.5
14255,강원도,강릉시,0.5
14255,강원도,속초시,0.5
14257,전라북도,진안군,1.0
14259,강원도,속초시,1.0
14261,전라북도,남원시,1.0
14262,강원도,양양군,1.0
14263,강원도,강릉시,1.0
14265,경상남도,창원시,1.0
14266,경기도,파주시,1.0
14268,제주도,서귀포시(시내동),0.5
14268,제주도,애월읍,0.5
14269,전라남도,목포시,0.25
14269,전라남도,여수시,0.25
14269,전라남도,영암군,0.25
14269,전라남도,완도군,0.25
14271,강원도,정선군,1.0
14272,경상남도,김해시,1.0
14273,제주도,서귀포시(시내동),1.0
14274,충청남도,아산시,1.0
14275,경기도,포천시,1.0
14277,경상북도,경산시,1.0
14278,제주도,애월읍,1.0
14279,제주도,서귀포시(시내동),0.2
14279,제주도,성산읍,0.2
14279,제주도,애월읍,0.2
14279,제주도,제주시(시내동),0.2
14279,제주도,한림읍,0.2
14280,충청북도,충주시(구 청원군 포함),1.0
14281,제주도,애월읍,1.0
14282,강원도,강릉시,0.3333333333333333
14282,강원도,속초시,0.3333333333333333
14282,강원도,양양군,0.3333333333333333
14283,경기도,안성시,1.0
14284,경기도,남양주시,1.0
14285,충청남도,홍성군,1.0
14287,충청북도,영동군,1.0
14288,경상남도,통영시,1.0
14289,강원도,강릉시,1.0
14290,전라남도,나주시,1.0
14291,강원도,고성군,0.5
14291,강원도,속초시,0.5
14292,경상남도,하동군,1.0
14293,강원도,양구군,1.0
14294,강원도,삼척시,1.0
14295,강원도,횡성군,1.0
14298,강원도,춘천시,1.0
14299,경기도,수원시,1.0
14300,강원도,횡성군,1.0
14301,충청북도,단양군,1.0
14302,경상북도,영덕군,1.0
14303,충청북도,단양군,0.5
14303,충청북도,충주시(구 청원군 포함),0.5
14304,강원도,동해시,1.0
14307,강원도,평창군,1.0
14308,강원도,속초시,1.0
14309,충청북도,제천시,0.5
14309,충청북도,증평군,0.5
14310,경상남도,통영시,1.0
14311,강원도,삼척시,1.0
14313,충청북도,청주시,1.0
14314,강원도,인제군,1.0
14316,경상북도,포항시,1.0
14317,강원도,강릉시,1.0
14318,전라북도,부안군,1.0
14319,강원도,강릉시,0.2
14319,강원도,고성군,0.2
14319,강원도,동해시,0.2
14319,강원도,속초시,0.2
14319,강원도,인제군,0.2
14320,충청남도,청양군,1.0
14322,경상북도,경주시,1.0
14323,충청남도,보령시,1.0
14324,경상북도,영덕군,1.0
14325,강원도,속초시,1.0
14326,전라남도,보성군,1.0
14327,전라남도,광양시,1.0
14328,경상북도,고령군,1.0
14330,전라북도,진안군,1.0
14331,강원도,강릉시,1.0
14333,전라남도,목포시,1.0
14334,강원도,양양군,1.0
14335,전라남도,무안군,1.0
14336,강원도,동해시,0.3333333333333333
14336,강원도,삼척시,0.3333333333333333
14336,강원도,속초시,0.3333333333333333
14337,경상북도,영주시,1.0
14338,전라남도,순천시,1.0
14340,경상남도,남해군,0.25
14340,경상남도,사천시,0.25
14340,경상남도,진주시,0.25
14340,경상남도,함안군,0.25
14341,전라남도,여수시,1.0
